"topic","term","beta","ratio","label","decision"
1,"business",0.150807246873364,44.6055407607105,"Business","keep"
1,"entrepreneurs",0.0046279951093866,160.733824490472,"Business","keep"
1,"small-businesses",0.00405406110484035,67.2676820149134,"Business","keep"
1,"entrepreneurship",0.00151483793321147,83.7629019524784,"Business","keep"
1,"small-business",0.00148005405414806,48.6481369223281,"Business","keep"
1,"entrepreneurial",0.00141048629602125,37.0214827960662,"Business","keep"
1,"sba",0.00109743138445056,292.260095048651,"Business","keep"
1,"small-business-owners",0.000871336170538402,59.0470603708889,"Business","keep"
2,"recession",0.00946664286071915,68.420268998888,"Economy","keep"
2,"unemployment",0.0053383892631398,100.765284404512,"Economy","keep"
2,"economic-growth",0.00288222007464865,50.0454761537967,"Economy","keep"
2,"stimulus",0.00227762458209698,72.5088557751242,"Economy","keep"
2,"gdp",0.00118179525184709,56.2621184398273,"Economy","keep"
2,"great-depression",0.000870050701000133,37.8232769133554,"Economy","drop"
2,"globalization",0.000832263482715654,56.6981602258537,"Economy","drop"
2,"economic-recovery",0.000822816678144534,31.4160631742512,"Economy","keep"
2,"stimulus-package",0.000643327391293258,48.7804203780644,"Economy","keep"
2,"economic-advisers",0.000624433782151019,33.2664910838883,"Economy","keep"
2,"recessions",0.00054885934558206,36.765163050458,"Economy","keep"
4,"religious",0.0187012734812226,247.56100832325,"Religion","keep"
4,"jewish",0.0149178272304336,94.3554987087319,"Religion","keep"
4,"christian",0.013612036046533,56.8781602105617,"Religion","keep"
4,"god",0.012239281212176,51.130190571644,"Religion","keep"
4,"religion",0.00924265785425027,145.517353491434,"Religion","keep"
4,"jews",0.00800383032080611,375.538029051493,"Religion","keep"
4,"muslim",0.00567684346744478,253.366742255188,"Religion","keep"
4,"bible",0.00460542506014173,70.6721449151472,"Religion","keep"
4,"rabbi",0.00405297494387609,896.80210500731,"Religion","keep"
4,"prayer",0.00400275220603376,34.7244457654648,"Religion","keep"
4,"muslims",0.00355074756545278,203.438282368914,"Religion","keep"
4,"jesus",0.00345030208976812,52.2103640073403,"Religion","keep"
4,"christians",0.00288111106088837,156.169916967532,"Religion","keep"
4,"islam",0.00274718375997549,106.788523180067,"Religion","keep"
4,"evangelical",0.00257977463383439,148.899483047219,"Religion","keep"
4,"muhammad",0.00256303372122028,73.1391426505517,"Religion","drop"
4,"synagogue",0.00222821546893807,127.40358626655,"Religion","keep"
4,"orthodox",0.00216125181848163,91.3961652019185,"Religion","keep"
4,"secular",0.00207754725541108,89.851802273211,"Religion","keep"
4,"prayers",0.00192687904188409,84.4405426075879,"Religion","keep"
4,"christianity",0.00179295174097121,194.135505051241,"Religion","keep"
4,"biblical",0.00159206078960188,47.2082924803699,"Religion","keep"
4,"evangelicals",0.00152509713914544,406.152987020896,"Religion","keep"
4,"judaism",0.00137442892561845,411.549827621367,"Religion","keep"
4,"mosque",0.00135768801300434,111.386781291428,"Religion","keep"
4,"hebrew",0.00122376071209146,45.7131614294161,"Religion","keep"
4,"jew",0.00122376071209146,89.8539771203902,"Religion","keep"
4,"jewish-community",0.0011233152364068,68.2076516157201,"Religion","keep"
4,"religious-freedom",0.0011233152364068,90.720506674774,"Religion","keep"
4,"yiddish",0.00102286976072214,68.1766850809473,"Religion","keep"
4,"rabbis",0.00100612884810803,237.652917476706,"Religion","keep"
4,"buddhist",0.000972647022879805,41.867567885375,"Religion","keep"
4,"religions",0.000855460634581034,64.5189298937926,"Religion","keep"
4,"religious-beliefs",0.000838719721966923,56.112806057422,"Religion","keep"
4,"anti-semitism",0.000755015158896372,55.7130603173913,"Religion","keep"
4,"passover",0.000721533333668151,149.208854890687,"Religion","keep"
4,"farris",0.000704792421054041,67.8689253462098,"Religion","drop"
4,"bledsoe",0.000688051508439931,90.4635357772425,"Religion","drop"
4,"monks",0.00067131059582582,41.9349473303281,"Religion","keep"
4,"faith-based",0.000654569683211711,32.5287569627674,"Religion","keep"
4,"ultra-orthodox",0.0006378287705976,185.031544406189,"Religion","keep"
4,"spirituality",0.000554124207527049,30.3548707216144,"Religion","keep"
4,"mosques",0.000520642382298829,115.202583501559,"Religion","keep"
4,"protestants",0.000503901469684718,44.0635692075275,"Religion","keep"
4,"falwell",0.000453678731842388,54.3609082055382,"Religion","drop"
5,"futures",0.0118454470266249,682.942389389277,"Commodity_Market","keep"
5,"pound",0.00511490437854913,36.6155939508385,"Commodity_Market","drop"
5,"commodity",0.00309728175406874,64.3210325383185,"Commodity_Market","keep"
5,"inventories",0.00288165796213954,146.288456650491,"Commodity_Market","keep"
5,"new-york-mercantile-exchange",0.00178813730307002,476.203966425588,"Commodity_Market","keep"
5,"soybean",0.00178813730307002,476.203966425588,"Commodity_Market","keep"
5,"cocoa",0.00157251351114082,91.0840096317122,"Commodity_Market","keep"
5,"speculators",0.00143389821632919,53.0606309609552,"Commodity_Market","keep"
5,"futures-prices",0.00138769311805865,431.542314081828,"Commodity_Market","keep"
5,"soybeans",0.00129528292151756,278.267812873896,"Commodity_Market","keep"
5,"bushel",0.00121827442439999,102.03722837034,"Commodity_Market","drop"
5,"commodity-markets",0.00115666762670593,99.4574338915838,"Commodity_Market","keep"
5,"price-increases",0.00109506082901187,54.7755315633433,"Commodity_Market","keep"
5,"bellies",0.000817830239388614,40.0542552542576,"Commodity_Market","drop"
5,"stockpiles",0.000817830239388614,43.2611556821645,"Commodity_Market","drop"
5,"chicago-mercantile-exchange",0.000725420042847528,210.441417914595,"Commodity_Market","keep"
5,"bearish",0.000679214944576985,50.1268392822603,"Commodity_Market","keep"
5,"futures-contracts",0.000633009846306442,34.9919699773487,"Commodity_Market","keep"
9,"traffic",0.027174104306626,36.1669454213246,"Traffic","keep"
9,"bridge",0.022599089812906,46.8439240095728,"Traffic","keep"
9,"highway",0.012059886384053,78.227237653273,"Traffic","keep"
9,"lanes",0.00878143470231844,391.884126823163,"Traffic","keep"
9,"parking",0.00722555932793593,34.1948990457236,"Traffic","keep"
9,"toll",0.00674397885491277,47.509114665595,"Traffic","keep"
9,"bridges",0.00544741604292734,57.9879263264078,"Traffic","keep"
9,"highways",0.00300246902604054,81.06633261086,"Traffic","keep"
9,"congestion",0.00283576809307098,168.559827495726,"Traffic","keep"
9,"beltway",0.00240975459770434,44.7655725449403,"Traffic","keep"
9,"motorists",0.00235418762004782,145.183442318267,"Traffic","keep"
9,"dr-gridlock",0.00220600901296377,639.954284690266,"Traffic","drop"
9,"pedestrians",0.00194669645056669,90.2177967278663,"Traffic","keep"
9,"tolls",0.00150216062931454,74.0440868956585,"Traffic","keep"
9,"roadway",0.00148363830342904,148.409436698954,"Traffic","keep"
9,"rush-hour",0.00139102667400151,73.0826005111888,"Traffic","keep"
9,"capital-beltway",0.0010761471339479,238.119166386727,"Traffic","drop"
9,"expressway",0.000983535504520373,72.872936671766,"Traffic","keep"
9,"potholes",0.00090944620097835,55.4266068872914,"Traffic","keep"
9,"i-66",0.000890923875092843,210.440897866724,"Traffic","drop"
9,"i-95",0.000890923875092843,210.440897866724,"Traffic","drop"
9,"intersections",0.000890923875092843,51.5621299330619,"Traffic","keep"
9,"traffic-congestion",0.000890923875092843,66.1150008913213,"Traffic","keep"
9,"roadways",0.000872401549207337,59.507969450308,"Traffic","keep"
9,"northbound",0.000687178290352276,141.970622756961,"Traffic","drop"
9,"ramps",0.000687178290352276,35.622843127133,"Traffic","keep"
9,"interchange",0.000631611312695758,33.022934476821,"Traffic","keep"
9,"transportation-authority",0.00057604433503924,50.2497190526546,"Traffic","keep"
9,"parking-spaces",0.000501955031497215,33.8685084314548,"Traffic","keep"
10,"diversity",0.00978797827621122,110.883518582505,"Minority","keep"
10,"hispanic",0.00972338181835799,121.497364822468,"Minority","keep"
10,"reynolds",0.00707492704637541,78.0867931035555,"Minority","drop"
10,"discrimination",0.00634821689552653,87.1175153872945,"Minority","keep"
10,"minorities",0.00620287486535676,114.106071291432,"Minority","keep"
10,"ethnic",0.00600908549179706,86.1920924990508,"Minority","keep"
10,"affirmative-action",0.00486249836490216,629.84421963222,"Minority","keep"
10,"latino",0.00369976212354395,64.2976292864948,"Minority","keep"
10,"hispanics",0.00326373603303463,209.9581581357,"Minority","keep"
10,"latinos",0.0018587630747268,411.288661096597,"Minority","keep"
10,"asians",0.00160037724331386,92.3832607525228,"Minority","keep"
10,"disparities",0.00155192989992394,85.3071588859306,"Minority","keep"
10,"ethnicity",0.00137428964082754,64.3187665803285,"Minority","keep"
10,"minority-groups",0.001293544068511,105.524802567305,"Minority","keep"
10,"civil-rights-act",0.000647579489978667,82.7486815776872,"Minority","keep"
10,"discriminated",0.000647579489978667,30.3745701855387,"Minority","keep"
10,"underrepresented",0.000631430375515359,86.4785262277252,"Minority","keep"
10,"wan",0.00061528126105205,30.9476114834944,"Minority","drop"
13,"storm",0.0173181283687173,232.826629112899,"Disaster","keep"
13,"hurricane",0.0120735565006008,689.01742504645,"Disaster","keep"
13,"earthquake",0.00493357795734047,165.730787987427,"Disaster","keep"
13,"storms",0.00487837193767609,282.904636352589,"Disaster","keep"
13,"winds",0.00399507562304594,40.8868823889086,"Disaster","keep"
13,"flooding",0.00381105555749799,100.429275934126,"Disaster","keep"
13,"hurricanes",0.00278054319042948,67.6741371474854,"Disaster","keep"
13,"flooded",0.00222848299378564,40.0937684015298,"Disaster","keep"
13,"fema",0.00215487496756646,508.99278338226,"Disaster","keep"
13,"emergency-management",0.00213647296101167,122.113541181079,"Disaster","keep"
13,"katrina",0.00200765891512811,102.687451783665,"Disaster","drop"
13,"hurricane-katrina",0.00195245289546372,120.330284913977,"Disaster","drop"
13,"rubble",0.00195245289546372,87.95482211989,"Disaster","drop"
13,"debris",0.00191564888235413,68.1764729251065,"Disaster","keep"
13,"quake",0.00191564888235413,452.48632579072,"Disaster","drop"
13,"evacuation",0.00160281477092262,69.2051072017047,"Disaster","keep"
13,"tornado",0.00154760875125824,50.1957121326591,"Disaster","keep"
13,"floods",0.00140039269881988,62.5567962561826,"Disaster","keep"
13,"gulf-coast",0.0013267846726007,64.0903476473399,"Disaster","drop"
13,"hurricane-milton",0.00119797062671714,372.542754394292,"Disaster","drop"
13,"tropical-storm",0.00101395056116919,224.35692552302,"Disaster","keep"
13,"tornadoes",0.000977146548059601,283.46625808247,"Disaster","keep"
13,"helene",0.000958744541504806,40.1796611190277,"Disaster","drop"
13,"earthquakes",0.000940342534950011,51.7127340104994,"Disaster","keep"
13,"rescuers",0.000921940528395216,79.615750815904,"Disaster","keep"
13,"champlain",0.000866734508730832,88.7488126870985,"Disaster","drop"
13,"evacuees",0.000848332502176037,200.38059192077,"Disaster","keep"
13,"downed",0.000829930495621242,40.0071564256637,"Disaster","drop"
13,"glimmers",0.000774724475956858,50.2176506633212,"Disaster","drop"
13,"forecasters",0.000737920462847269,35.1269839497528,"Disaster","drop"
13,"bashar",0.000701116449737679,165.607387249053,"Disaster","drop"
13,"noaa",0.000682714443182885,42.1457284699489,"Disaster","keep"
13,"al-assad",0.00066431243662809,176.914947596592,"Disaster","drop"
13,"border-crossings",0.00066431243662809,192.714348715201,"Disaster","drop"
13,"pensacola",0.00066431243662809,31.183282472125,"Disaster","drop"
13,"death-toll",0.000645910430073295,35.378459896029,"Disaster","keep"
13,"fort-myers",0.0006275084235185,33.62327794859,"Disaster","drop"
13,"ashore",0.000517096384189732,30.7295390406459,"Disaster","drop"
13,"sergey",0.000498694377634938,30.8279669028424,"Disaster","drop"
14,"judge",0.0298182580583271,205.425198936737,"Judicial","keep"
14,"ruling",0.0153497125575701,327.739088036147,"Judicial","keep"
14,"appeals",0.00790281251514352,96.8085680427136,"Judicial","keep"
14,"judges",0.00758634398744411,93.2290415755925,"Judicial","keep"
14,"courts",0.00749733721402865,51.1179201954821,"Judicial","keep"
14,"appeals-court",0.00327446029753976,221.953260445182,"Judicial","keep"
14,"federal-judge",0.00288876427940611,83.0019521712493,"Judicial","keep"
14,"upheld",0.00253273718574428,133.468951528254,"Judicial","keep"
14,"circuit-court",0.00194924833779851,51.0202947843406,"Judicial","keep"
14,"appellate",0.00177123479096759,160.370429362252,"Judicial","keep"
14,"district-judge",0.00176134514947699,151.880779282779,"Judicial","keep"
14,"federal-appeals-court",0.00150421447072122,163.971976680186,"Judicial","keep"
14,"rulings",0.00144487662177758,70.6058564329604,"Judicial","keep"
14,"unconstitutional",0.00133609056538091,64.5506063604744,"Judicial","keep"
14,"court-ruling",0.00123719415047485,61.9985861722901,"Judicial","keep"
14,"injunction",0.00110862881109697,66.477774167992,"Judicial","keep"
14,"federal-courts",0.00105918060364394,55.2723409908029,"Judicial","keep"
14,"court-ruled",0.000960284188737874,58.146605265052,"Judicial","keep"
14,"three-judge",0.000930615264266055,219.816212423558,"Judicial","keep"
14,"supreme-court-ruled",0.000653705302529078,30.930523521042,"Judicial","keep"
14,"judge-ruled",0.000416353906754526,30.6593178792032,"Judicial","keep"
14,"tribunal",0.000416353906754526,42.2784190034674,"Judicial","drop"
14,"oral-arguments",0.000347126416320282,71.8075041245625,"Judicial","keep"
16,"abortion",0.032624534868635,2775.01112099739,"Abortion","keep"
16,"abortions",0.007146899719652,1506.31147342954,"Abortion","keep"
16,"pregnancy",0.00658281923664868,285.288384670227,"Abortion","keep"
16,"abortion-rights",0.00489057778763874,446.656758138417,"Abortion","keep"
16,"pregnant",0.00413847047696765,96.8171441447079,"Abortion","keep"
16,"reproductive",0.00411966779420088,226.744721362986,"Abortion","keep"
16,"planned-parenthood",0.00357438999396434,790.905573089644,"Abortion","keep"
16,"roe",0.00308552024202813,173.396761626434,"Abortion","keep"
16,"clinics",0.0030291121937278,55.6384984089795,"Abortion","drop"
16,"antiabortion",0.00280348000052648,662.196698231615,"Abortion","keep"
16,"stem-cell",0.00257784780732515,570.400600055709,"Abortion","drop"
16,"embryos",0.00255904512455837,742.368631566311,"Abortion","keep"
16,"roe-v-wade",0.00235221561412382,520.474945783874,"Abortion","keep"
16,"fertility",0.00201376732432184,113.27907822694,"Abortion","drop"
16,"pro-life",0.00201376732432184,445.586464376123,"Abortion","keep"
16,"anti-abortion",0.00191975391048795,424.784108429525,"Abortion","keep"
16,"willke",0.00188214854495439,585.307174882912,"Abortion","drop"
16,"vann",0.00161891098621951,74.2107952606379,"Abortion","drop"
16,"bans",0.00160010830345274,32.4432400085431,"Abortion","keep"
16,"birth-control",0.00160010830345274,69.9678072902291,"Abortion","keep"
16,"fetus",0.00160010830345274,339.309897601017,"Abortion","keep"
16,"pregnancies",0.00158130562068596,134.837641982424,"Abortion","keep"
16,"contraception",0.00152489757238563,337.414213453814,"Abortion","keep"
16,"cloning",0.00135567342748463,164.399881543227,"Abortion","drop"
16,"pro-choice",0.00128046269641752,168.66087946549,"Abortion","keep"
16,"unborn",0.00120525196535042,73.0236338527155,"Abortion","keep"
16,"pregnant-women",0.00118644928258364,39.6999179195222,"Abortion","keep"
16,"embryonic",0.00114884391705008,158.319428989636,"Abortion","keep"
16,"fertilization",0.00114884391705008,271.362966210273,"Abortion","drop"
16,"sperm",0.00114884391705008,90.2126645286228,"Abortion","drop"
16,"stem-cells",0.00103602782044942,300.547476850138,"Abortion","drop"
16,"fetal",0.000998422454915868,62.751407611505,"Abortion","keep"
16,"ivf",0.000998422454915868,310.487622240586,"Abortion","drop"
16,"embryo",0.000960817089382313,203.821164254684,"Abortion","drop"
16,"infertility",0.000904409041081982,262.365401751209,"Abortion","drop"
16,"vitro",0.000885606358315205,72.5142715419968,"Abortion","drop"
16,"incest",0.000772790261714541,84.8192253683006,"Abortion","drop"
16,"prenatal",0.000735184896180987,155.232414558801,"Abortion","drop"
16,"komen",0.000603566116813547,160.737421188649,"Abortion","drop"
17,"workers",0.0578546599258741,50.0769289498845,"Workers","keep"
17,"employees",0.0412271540150284,43.2285674198934,"Workers","keep"
17,"jobs",0.0365009262671739,34.6068232116715,"Workers","keep"
17,"employers",0.0132615991546664,531.911404227063,"Workers","keep"
17,"employee",0.0103352560672643,30.0784808424861,"Workers","keep"
17,"hiring",0.0075191099998898,34.6590680791255,"Workers","keep"
17,"employer",0.00573146945277384,72.003198130855,"Workers","keep"
17,"wages",0.00466623159250612,60.4881188392271,"Workers","keep"
17,"workplace",0.00434788464575944,63.7215194033878,"Workers","keep"
17,"layoffs",0.00416422294571327,108.636621488142,"Workers","keep"
17,"minimum-wage",0.00367445841225685,211.618966154098,"Workers","keep"
17,"workforce",0.0032704026721553,49.2018461649877,"Workers","keep"
17,"unemployed",0.00237658239859731,64.1000331035614,"Workers","keep"
17,"labor-department",0.0022418971518968,44.2229684417059,"Workers","keep"
17,"human-resources",0.00180110907178601,30.053891275859,"Workers","keep"
17,"labor-force",0.000882800571555211,67.9743581695369,"Workers","keep"
17,"entry-level",0.00069913887150905,41.0117938341543,"Workers","drop"
17,"sick-leave",0.00069913887150905,69.1829814105043,"Workers","keep"
17,"interns",0.000637918304826997,33.5031771188301,"Workers","drop"
17,"furloughs",0.000613430078154175,44.9730870275589,"Workers","keep"
17,"low-wage",0.000552209511472122,40.0843896704716,"Workers","keep"
17,"laid-off",0.000490988944790069,59.1650430068529,"Workers","keep"
20,"festival",0.0111206895355019,466.536779885662,"Festival","keep"
20,"parade",0.00656746750623639,61.4395032495721,"Festival","keep"
20,"guests",0.00645641331040064,81.15314557966,"Festival","drop"
20,"fireworks",0.00318031453324616,79.5792003916307,"Festival","keep"
20,"gala",0.00277774307334158,94.474652468475,"Festival","keep"
20,"organizers",0.00259728000510849,34.6607816786412,"Festival","drop"
20,"year-eve",0.00191707305561455,36.8480324372663,"Festival","drop"
20,"venues",0.00187542773217615,34.1284862793389,"Festival","drop"
20,"festivities",0.00120910255716168,49.5200743351209,"Festival","keep"
20,"ceremonies",0.00118133900820274,30.8060412875265,"Festival","keep"
20,"festivals",0.001070284812367,45.6268111202348,"Festival","keep"
20,"black-tie",0.000653831577982951,88.3470189916534,"Festival","drop"
20,"ticketmaster",0.000639949803503483,86.2717919273213,"Festival","drop"
20,"fest",0.000612186254544546,34.6336865951986,"Festival","keep"
20,"hors",0.000473368509749865,99.9475363341663,"Festival","drop"
21,"magazine",0.0273611838075157,60.0686272505903,"Journalism","keep"
21,"newspaper",0.0215821636321307,67.5672292189521,"Journalism","keep"
21,"editor",0.0199310150105921,58.8114238098356,"Journalism","keep"
21,"reporter",0.0106350482713299,52.5027735920637,"Journalism","keep"
21,"newspapers",0.0105855138126838,73.0413513363231,"Journalism","keep"
21,"publisher",0.00847204357711442,124.794475811642,"Journalism","keep"
21,"journalists",0.0075639118352682,48.4960853795703,"Journalism","keep"
21,"journalism",0.00690345238665277,137.569462649352,"Journalism","keep"
21,"readers",0.00630903888289889,150.785692819892,"Journalism","keep"
21,"editors",0.00624299293803735,220.542820961056,"Journalism","keep"
21,"magazines",0.00579718281022193,115.761443660214,"Journalism","keep"
21,"articles",0.00530183822376036,30.4825667229628,"Journalism","keep"
21,"publications",0.00470742472000647,105.813816108179,"Journalism","keep"
21,"publishing",0.00464137877514493,91.8559335315171,"Journalism","keep"
21,"editorial",0.00389836189545257,40.2220870017601,"Journalism","keep"
21,"circulation",0.00378278149194487,92.7137319724554,"Journalism","keep"
21,"tribune",0.00360115514357563,122.563513494866,"Journalism","keep"
21,"managing-editor",0.00241232813606785,153.749734670591,"Journalism","keep"
21,"front-page",0.00234628219120631,49.687108814889,"Journalism","keep"
21,"newsweek",0.00209860989797553,71.0402281709676,"Journalism","keep"
21,"herald",0.00203256395311398,40.1073466227628,"Journalism","keep"
21,"newsroom",0.00198302949446783,132.726837326914,"Journalism","keep"
21,"news-organizations",0.00195000652203706,68.6277023502235,"Journalism","keep"
21,"daily-news",0.00188396057717551,46.9172859423022,"Journalism","keep"
21,"tabloid",0.00165279977016011,71.9649194533215,"Journalism","keep"
21,"journalistic",0.0014381504493601,72.8441662588718,"Journalism","keep"
21,"usa-today",0.00125652410099085,36.1017138127496,"Journalism","keep"
21,"vanity-fair",0.0012069896423447,45.7139378613441,"Journalism","drop"
21,"baquet",0.00110792072505238,295.053541385909,"Journalism","drop"
21,"gannett",0.00110792072505238,111.961907242039,"Journalism","keep"
21,"correspondents",0.001091409238837,60.7255513384952,"Journalism","keep"
21,"bradlee",0.000975828835329297,215.921728056185,"Journalism","drop"
21,"sports-illustrated",0.000975828835329297,42.5410989383704,"Journalism","keep"
21,"brill",0.000959317349113911,70.3562548768706,"Journalism","drop"
21,"hearst",0.000909782890467754,42.3665688358794,"Journalism","drop"
21,"gawker",0.000843736945606211,224.698002456333,"Journalism","drop"
21,"newsday",0.000843736945606211,37.8330750445382,"Journalism","keep"
21,"chicago-tribune",0.000827225459390825,37.3284802670962,"Journalism","keep"
21,"pulitzer",0.000827225459390825,39.1644098452881,"Journalism","keep"
21,"editorial-page",0.000744668028313896,42.7920574100755,"Journalism","keep"
21,"nast",0.000678622083452354,33.9594187032656,"Journalism","drop"
21,"pulitzer-prize",0.000678622083452354,32.4791880720836,"Journalism","keep"
21,"boston-globe",0.000662110597236968,30.4461997241207,"Journalism","keep"
21,"inquirer",0.000645599111021582,41.355541324298,"Journalism","keep"
21,"politico",0.000612576138590811,33.6893660153004,"Journalism","drop"
23,"garden",0.0161795301043049,31.8747490268687,"Horticulture","keep"
23,"tree",0.0119591908828168,30.9040487639185,"Horticulture","keep"
23,"trees",0.0118185129087672,48.2332136255935,"Horticulture","keep"
23,"flowers",0.00714487799311929,34.8815287246235,"Horticulture","keep"
23,"flower",0.0036122977558737,33.7874894826087,"Horticulture","keep"
23,"planted",0.00301832408766426,55.7805895317847,"Horticulture","keep"
23,"leaf",0.00276822991157608,34.6881649249613,"Horticulture","keep"
23,"seeds",0.00248687396347687,30.5425715102302,"Horticulture","keep"
23,"varieties",0.00226804155939971,58.8554027756572,"Horticulture","keep"
23,"roses",0.0021117326993446,54.3452277182712,"Horticulture","keep"
23,"planting",0.00203357826931704,43.6702170122277,"Horticulture","keep"
23,"gardeners",0.00197105472529499,414.354194808173,"Horticulture","keep"
23,"bulbs",0.00179911497923437,61.4128208773099,"Horticulture","keep"
23,"bees",0.00172096054920681,93.8058255577025,"Horticulture","keep"
23,"foliage",0.00172096054920681,315.991407930168,"Horticulture","keep"
23,"gardening",0.00172096054920681,68.4244078304104,"Horticulture","keep"
23,"gardener",0.00158028257515721,74.8898098172724,"Horticulture","keep"
23,"weeds",0.00158028257515721,79.2668915351319,"Horticulture","drop"
23,"bulb",0.00114261776700289,76.0818904818871,"Horticulture","keep"
23,"insect",0.00112698688099738,57.7859010321266,"Horticulture","keep"
23,"weed",0.00106446333697533,35.1485180119743,"Horticulture","drop"
23,"blooms",0.0010175706789588,87.4322450201189,"Horticulture","keep"
23,"flowering",0.000908154476920215,55.858867377474,"Horticulture","keep"
23,"blossoms",0.000861261818903681,48.7146090330073,"Horticulture","keep"
23,"pollen",0.000830000046892658,82.1992127951287,"Horticulture","keep"
23,"shrubs",0.000830000046892658,75.317022379918,"Horticulture","keep"
23,"watering",0.000767476502870612,36.7342439560075,"Horticulture","keep"
23,"grasses",0.000720583844854078,79.2624131768452,"Horticulture","keep"
23,"tupelo",0.000704952958848567,100.253557782179,"Horticulture","drop"
23,"seedlings",0.000673691186837543,58.7526490094885,"Horticulture","keep"
23,"botanic",0.00064242941482652,71.7115732072798,"Horticulture","keep"
23,"blooming",0.000533013212787941,31.9604809337502,"Horticulture","keep"
23,"compost",0.000533013212787941,41.7551736976639,"Horticulture","keep"
23,"botanical",0.000486120554771406,43.9484249716547,"Horticulture","keep"
25,"brokers",0.0097146054468868,65.3727810170084,"Financial","keep"
25,"trades",0.00866859597302956,132.942521850283,"Financial","keep"
25,"traders",0.00755617319924488,486.479144761255,"Financial","keep"
25,"morgan-stanley",0.00748975989931744,85.6795556715171,"Financial","keep"
25,"merrill",0.00740674327440813,262.964078589425,"Financial","keep"
25,"nyse",0.00702486679982533,1870.81239675769,"Financial","keep"
25,"stock-exchange",0.00662638700026067,126.210931190453,"Financial","keep"
25,"brokerage",0.0065267670503695,47.4555760599839,"Financial","keep"
25,"exchanges",0.0064437504254602,63.451526699853,"Financial","keep"
25,"nasdaq",0.00561358417636716,1325.95806145843,"Financial","keep"
25,"lehman",0.00446795475261876,48.8291662071237,"Financial","drop"
25,"merrill-lynch",0.00411928492799968,51.1209768853137,"Financial","keep"
25,"ipo",0.00352156522865269,746.96613101404,"Financial","keep"
25,"salomon",0.00313968875406989,100.337530017049,"Financial","drop"
25,"brokerage-firm",0.00295705217926942,72.7097802361137,"Financial","keep"
25,"trader",0.0029238455293057,74.9605537973498,"Financial","keep"
25,"investment-banking",0.00257517570468662,42.900484294795,"Financial","keep"
25,"brokerage-firms",0.00244234910483173,163.649834443366,"Financial","keep"
25,"schwab",0.00239253912988615,125.300473115692,"Financial","keep"
25,"painewebber",0.00234272915494057,223.581957079544,"Financial","drop"
25,"derivatives",0.0021600925801401,96.8942540866037,"Financial","keep"
25,"arbitrage",0.00207707595523079,228.168893633029,"Financial","keep"
25,"bear-stearns",0.00194424935537591,38.4620117194699,"Financial","drop"
25,"volatility",0.00191104270541219,88.911424988963,"Financial","keep"
25,"csfb",0.00179481943053916,520.669851332897,"Financial","drop"
25,"boesky",0.00172840613061172,207.979895280957,"Financial","drop"
25,"nasd",0.00166199283068427,482.137392399842,"Financial","drop"
25,"cftc",0.00157897620577497,472.798100500195,"Financial","drop"
25,"shearson",0.0014793562558838,101.481360572996,"Financial","drop"
25,"witter",0.0013963396309745,36.4473129223866,"Financial","drop"
25,"merrill-lynch-co",0.00134652965602892,30.537259639071,"Financial","keep"
25,"kidder",0.00126351303111961,121.482641869926,"Financial","drop"
25,"stock-index",0.00126351303111961,366.540015600679,"Financial","keep"
25,"cboe",0.00111408310628286,323.190999300993,"Financial","keep"
25,"securities-dealers",0.00111408310628286,49.0341573721871,"Financial","keep"
25,"trading-volume",0.00111408310628286,106.869384694697,"Financial","keep"
25,"underwriting",0.00103106648137356,33.9147539652174,"Financial","keep"
25,"cme",0.000948049856464255,113.976525349844,"Financial","keep"
25,"quattrone",0.000948049856464255,283.877723854481,"Financial","drop"
25,"salomon-smith-barney",0.000865033231554951,37.2324213611253,"Financial","drop"
25,"binance",0.000815223256609369,217.104440276063,"Financial","drop"
25,"charles-schwab",0.000815223256609369,46.7690395260117,"Financial","keep"
25,"merc",0.000732206631700064,219.24706868621,"Financial","drop"
25,"brokerages",0.000715603306718204,57.8815022500231,"Financial","keep"
25,"commodity-futures-trading",0.000665793331772621,140.939080173938,"Financial","keep"
25,"grasso",0.000665793331772621,51.0039663120843,"Financial","drop"
25,"initial-public-offerings",0.000615983356827038,130.391321929856,"Financial","keep"
29,"nba",0.0106189158907075,500.649620015967,"NBA","keep"
29,"knicks",0.00906313075828149,809.879907717133,"NBA","keep"
29,"wizards",0.00760287629188167,1682.28907335631,"NBA","drop"
29,"nets",0.00600614944544449,283.221431872795,"NBA","keep"
29,"bryant",0.00561037954333613,39.6474124356286,"NBA","drop"
29,"bullets",0.00472330907309324,133.822686104907,"NBA","drop"
29,"lakers",0.00438212812299983,1267.68898250578,"NBA","keep"
29,"warriors",0.0038498858408541,65.2613494599167,"NBA","keep"
29,"n.b.a",0.00382259136484662,788.428758674289,"NBA","keep"
29,"bulls",0.00271716508654396,38.347603522775,"NBA","keep"
29,"all-star",0.00253975099249538,49.4881226655834,"NBA","drop"
29,"celtics",0.00252610375449165,558.951189155005,"NBA","keep"
29,"o'neal",0.00241692585046175,115.184434907519,"NBA","drop"
29,"pistons",0.00228045347042439,483.387183482935,"NBA","keep"
29,"clippers",0.00225315899441691,532.207986650004,"NBA","keep"
29,"76ers",0.00215762832839076,646.0658314657,"NBA","keep"
29,"golden-state",0.00215762832839076,573.718808733568,"NBA","keep"
29,"beal",0.00180280014029361,130.012984832671,"NBA","drop"
29,"spurs",0.00174821118827866,75.0832630969211,"NBA","keep"
29,"suns",0.00173456395027492,461.936693408051,"NBA","keep"
29,"point-guard",0.00172091671227119,365.347645732478,"NBA","keep"
29,"mystics",0.00167997499825998,235.138072279384,"NBA","drop"
29,"mavericks",0.00166632776025624,101.337241968919,"NBA","keep"
29,"bucks",0.00163903328424877,33.4435019099401,"NBA","keep"
29,"durant",0.00162538604624503,140.74252885162,"NBA","drop"
29,"lebron",0.00161173880824129,192.148162232022,"NBA","drop"
29,"nuggets",0.00152985538021887,76.7945912004352,"NBA","keep"
29,"hornets",0.00148891366620766,123.725553726343,"NBA","drop"
29,"pacers",0.00136608852417404,322.677283244491,"NBA","keep"
29,"wnba",0.0013524412861703,289.501741688235,"NBA","keep"
29,"kidd",0.00133879404816656,54.2922082144794,"NBA","drop"
29,"eastern-conference",0.00132514681016282,384.419725406292,"NBA","keep"
29,"basketball-association",0.00129785233415535,104.347988651924,"NBA","keep"
29,"sprewell",0.00122961614413667,382.383820578036,"NBA","drop"
29,"raptors",0.00117502719212172,277.547593280226,"NBA","drop"
29,"los-angeles-lakers",0.00107949652609557,323.237237627684,"NBA","keep"
29,"abdul-jabbar",0.00103855481208436,245.312100448609,"NBA","drop"
29,"timberwolves",0.00101126033607688,269.311636361421,"NBA","drop"
29,"arenas",0.00098396586006941,42.6555515921661,"NBA","keep"
29,"michael-jordan",0.000956671384061937,44.9158453878758,"NBA","drop"
29,"stoudemire",0.000833846242028307,241.895419385421,"NBA","drop"
29,"boston-celtics",0.000820199004024571,181.485502259405,"NBA","keep"
29,"d'antoni",0.000724668337998414,210.223351380784,"NBA","drop"
29,"kobe",0.000724668337998414,58.1162816978233,"NBA","drop"
29,"garnett",0.000711021099994678,56.8889448325042,"NBA","drop"
29,"hardaway",0.000711021099994678,189.354065511876,"NBA","drop"
29,"averaged-points",0.000670079385983468,148.268521812592,"NBA","drop"
29,"layden",0.000670079385983468,158.276269803242,"NBA","drop"
29,"mvp",0.000670079385983468,33.6807927827774,"NBA","keep"
29,"patrick-ewing",0.000629137671972258,95.897153154505,"NBA","drop"
30,"deposit",0.00554271038784199,87.3558813521571,"Money_Markets","keep"
30,"certificates",0.00463164737429177,100.887914978923,"Money_Markets","keep"
30,"treasury-bills",0.00376983101012265,793.631000912126,"Money_Markets","keep"
30,"libor",0.00369596103605101,1072.18333523099,"Money_Markets","keep"
30,"prime-rate",0.00325274119162117,204.145321678143,"Money_Markets","keep"
30,"commercial-paper",0.00303113126940626,628.26670424754,"Money_Markets","keep"
30,"delivery-within-days",0.00251404145090478,781.812096134671,"Money_Markets","drop"
30,"posted-yields",0.00251404145090478,781.812096134671,"Money_Markets","keep"
30,"telerate",0.00251404145090478,781.812096134671,"Money_Markets","keep"
30,"commercial-banks",0.0023663015027615,507.468482419502,"Money_Markets","keep"
30,"discount-rate",0.00229243152868987,491.157325354994,"Money_Markets","keep"
30,"treas",0.00216931490523713,459.568469334848,"Money_Markets","keep"
30,"general-electric",0.0020461982817844,53.3544070031979,"Money_Markets","drop"
30,"negotiable",0.0020461982817844,544.928924756512,"Money_Markets","drop"
30,"cds",0.00199695163240331,106.824672135071,"Money_Markets","keep"
30,"commercial-paper-placed-directly",0.00194770498302222,605.693798278672,"Money_Markets","keep"
30,"eurodollars",0.00182458835956949,485.91135167819,"Money_Markets","keep"
30,"prebon",0.00182458835956949,546.342565166029,"Money_Markets","drop"
30,"30-year-mortgage-commitments",0.00179996503487894,559.749894490151,"Money_Markets","drop"
30,"repurchase",0.00179996503487894,91.7551598956402,"Money_Markets","keep"
30,"face-value",0.00177534171018839,42.7969407964916,"Money_Markets","drop"
30,"interbank-offered",0.00170147173611675,509.477344844435,"Money_Markets","keep"
30,"london-interbank-offered",0.00170147173611675,401.896559126279,"Money_Markets","keep"
30,"annualized",0.00167684841142621,83.0574173981271,"Money_Markets","drop"
30,"date-appearing",0.00160297843735457,498.491356105456,"Money_Markets","drop"
30,"treasury-notes",0.00160297843735457,331.955869671458,"Money_Markets","keep"
30,"acceptances",0.00157835511266402,372.815766135955,"Money_Markets","drop"
30,"major-corporations",0.00155373178797348,64.2351117887,"Money_Markets","drop"
30,"represent-actual-transactions",0.00145523848921129,452.547452316935,"Money_Markets","drop"
30,"quotations",0.00138136851513965,70.0397450837511,"Money_Markets","drop"
30,"systems-inc",0.00138136851513965,49.1875073554309,"Money_Markets","drop"
30,"30-yr",0.00130749854106801,391.508639815332,"Money_Markets","drop"
30,"high-grade-unsecured-notes",0.00130749854106801,406.603548528413,"Money_Markets","drop"
30,"secondary-market",0.00130749854106801,107.825896623866,"Money_Markets","keep"
30,"yamane",0.00130749854106801,406.603548528413,"Money_Markets","drop"
30,"depository",0.00123362856699637,78.4438574786684,"Money_Markets","keep"
30,"japan-switzerland-britain",0.00123362856699637,383.631596634153,"Money_Markets","drop"
30,"vary-widely",0.00120900524230583,46.2027261790768,"Money_Markets","drop"
30,"lending-practices",0.00108588861885309,240.27466556692,"Money_Markets","keep"
30,"resale",0.00101201864478146,59.6721673846604,"Money_Markets","drop"
30,"home-loan-mortgage-corp",0.000938148670709816,221.59564258627,"Money_Markets","drop"
30,"c.d",0.000790408722566539,55.3532631507758,"Money_Markets","keep"
30,"labor-statistics",0.000691915423804353,43.0254513541169,"Money_Markets","drop"
30,"10-yr",0.000618045449732714,130.189610879474,"Money_Markets","drop"
30,"multiples",0.000593422125042168,32.1914907319013,"Money_Markets","drop"
33,"episode",0.00826313175825307,58.7965746936142,"TV_Entertainment","keep"
33,"comedy",0.00760697258596804,295.123454840455,"TV_Entertainment","keep"
33,"episodes",0.00502707402221099,66.3022006503764,"TV_Entertainment","keep"
33,"hbo",0.00393844630455628,204.185867965931,"TV_Entertainment","keep"
33,"comedian",0.00355071588456967,108.65457188241,"TV_Entertainment","keep"
33,"premiere",0.00258138983460315,88.3709086069483,"TV_Entertainment","keep"
33,"pbs",0.00229804837384371,105.462356890133,"TV_Entertainment","keep"
33,"stand-up",0.00204453233000631,111.712838399051,"TV_Entertainment","keep"
33,"podcast",0.00171645274386379,42.2169575905606,"TV_Entertainment","keep"
33,"executive-producer",0.00150767482540947,70.3912560462906,"TV_Entertainment","keep"
33,"letterman",0.00143311128310435,105.501321635957,"TV_Entertainment","drop"
33,"late-night",0.00138837315772128,31.8322884137922,"TV_Entertainment","keep"
33,"contestants",0.00137346044926026,65.1279348485348,"TV_Entertainment","drop"
33,"sitcom",0.00134363503233821,78.0883344177712,"TV_Entertainment","keep"
33,"showtime",0.00131380961541616,46.4337853141284,"TV_Entertainment","keep"
33,"colbert",0.00117959523926695,61.8619880165575,"TV_Entertainment","drop"
33,"reality-tv",0.0011497698223449,63.1332320368922,"TV_Entertainment","keep"
33,"comedians",0.00111994440542286,63.5277147330876,"TV_Entertainment","keep"
33,"bravo",0.00109011898850081,45.4850343552402,"TV_Entertainment","keep"
33,"leno",0.00106029357157876,101.680002902033,"TV_Entertainment","drop"
33,"seinfeld",0.00103046815465672,59.6474681010099,"TV_Entertainment","drop"
33,"kimmel",0.00100064273773467,58.1386927139233,"TV_Entertainment","drop"
33,"fey",0.0009559046123516,80.4782769849142,"TV_Entertainment","drop"
33,"emmy",0.000940991903890576,119.896203126973,"TV_Entertainment","keep"
33,"contestant",0.000896253778507506,106.268286738398,"TV_Entertainment","drop"
33,"premieres",0.000866428361585459,55.0271305904037,"TV_Entertainment","keep"
33,"fx",0.000836602944663413,47.6848657753201,"TV_Entertainment","drop"
33,"west-wing",0.00082169023620239,52.3134138207348,"TV_Entertainment","drop"
33,"magnum",0.000762039402358296,32.8973289172945,"TV_Entertainment","drop"
33,"housewives",0.000732213985436249,31.9966896615529,"TV_Entertainment","drop"
33,"hulu",0.000657650443131132,31.7026679574898,"TV_Entertainment","drop"
33,"tv-shows",0.000642737734670108,35.0891413898944,"TV_Entertainment","keep"
33,"cw",0.000612912317748062,131.672986117505,"TV_Entertainment","drop"
33,"conan",0.000597999609287038,132.31942359093,"TV_Entertainment","drop"
33,"weta",0.000583086900826015,45.6434719611102,"TV_Entertainment","drop"
33,"sopranos",0.000538348775442945,30.2624099486774,"TV_Entertainment","drop"
33,"satire",0.000463785233137828,45.3880069939771,"TV_Entertainment","keep"
33,"hillbilly",0.000419047107754757,35.5898851436482,"TV_Entertainment","drop"
33,"co-star",0.000359396273910664,84.89128722006,"TV_Entertainment","keep"
39,"justice",0.0378702529972003,68.0351425878628,"SupremeCourt","keep"
39,"supreme-court",0.0192484282827376,98.5128602943111,"SupremeCourt","keep"
39,"roberts",0.00891187325620714,64.0952514519762,"SupremeCourt","keep"
39,"justices",0.00884777058937594,1957.74693874266,"SupremeCourt","keep"
39,"judicial",0.00689263925102444,223.144357063285,"SupremeCourt","keep"
39,"nomination",0.00585097091501749,74.7818121272804,"SupremeCourt","drop"
39,"constitution",0.00543430358061471,32.4133584234925,"SupremeCourt","keep"
39,"confirmation",0.00436058391119217,59.6341427718202,"SupremeCourt","keep"
39,"nominee",0.003735582909588,54.3634250858347,"SupremeCourt","drop"
39,"constitutional",0.0035272492423866,69.032631521615,"SupremeCourt","keep"
39,"nominees",0.00309455624127603,80.5810864732768,"SupremeCourt","drop"
39,"alito",0.00279006857382784,835.439519067137,"SupremeCourt","drop"
39,"scalia",0.00270994024028885,811.446425469574,"SupremeCourt","keep"
39,"ginsburg",0.00267788890687325,632.531422385579,"SupremeCourt","keep"
39,"gorsuch",0.00214904190551587,621.688063447296,"SupremeCourt","drop"
39,"clarence-thomas",0.0015881435707429,101.921689482667,"SupremeCourt","keep"
39,"kavanaugh",0.0015560922373273,344.316659576005,"SupremeCourt","keep"
39,"dissent",0.00147596390378831,49.57989655084,"SupremeCourt","drop"
39,"sotomayor",0.00145993823708051,106.771548305552,"SupremeCourt","drop"
39,"judge-kavanaugh",0.00134775857012591,419.123540073053,"SupremeCourt","keep"
39,"bork",0.00129968157000252,99.0747980511554,"SupremeCourt","drop"
39,"breyer",0.00125160456987912,333.318397613837,"SupremeCourt","drop"
39,"solicitor",0.00121955323646352,67.2231261410282,"SupremeCourt","drop"
39,"judiciary",0.00118750190304792,33.1276879043791,"SupremeCourt","keep"
39,"antonin",0.00117147623634012,247.985035770515,"SupremeCourt","drop"
39,"bader",0.00115545056963232,247.545248570651,"SupremeCourt","drop"
39,"confirmation-hearings",0.00113942490292452,55.8869803741448,"SupremeCourt","drop"
39,"ideological",0.00113942490292452,33.3887852169157,"SupremeCourt","drop"
39,"rehnquist",0.00110737356950893,321.244589843219,"SupremeCourt","drop"
39,"kagan",0.00109134790280113,52.3864447463009,"SupremeCourt","drop"
39,"judge-alito",0.000995193902554332,309.483612824454,"SupremeCourt","drop"
39,"precedents",0.000883014235599736,37.9321396407981,"SupremeCourt","keep"
39,"souter",0.000834937235476339,250.008035286605,"SupremeCourt","drop"
39,"jurisprudence",0.000802885902060741,68.7387414743713,"SupremeCourt","keep"
39,"senate-judiciary-committee",0.000802885902060741,42.9244571097429,"SupremeCourt","keep"
39,"vacancy",0.000802885902060741,42.6575250017398,"SupremeCourt","drop"
39,"miers",0.000738783235229543,196.747479257336,"SupremeCourt","drop"
39,"sonia-sotomayor",0.000722757568521744,159.924627671244,"SupremeCourt","drop"
39,"constitutional-right",0.000690706235106146,61.7162552632871,"SupremeCourt","keep"
39,"federalist",0.000642629234982748,38.9965984911711,"SupremeCourt","drop"
39,"disqualification",0.00040224423436576,30.753557274655,"SupremeCourt","drop"
39,"federalism",0.000354167234242363,30.7873923658944,"SupremeCourt","drop"
43,"amendment",0.0048913367464578,113.958652167114,"Constitution_Law","keep"
43,"statute",0.00237544571182034,97.2438347813697,"Constitution_Law","keep"
43,"first-amendment",0.00127411188541278,48.5499157872814,"Constitution_Law","keep"
43,"statutes",0.00077901686253232,34.8938465110961,"Constitution_Law","keep"
43,"constitutionality",0.000486001440827556,46.5049413191491,"Constitution_Law","keep"
43,"equal-protection",0.000445585520592417,98.5947454305985,"Constitution_Law","keep"
46,"israel",0.0393006797726456,597.905718275209,"MiddleEastConflict","keep"
46,"israeli",0.0183568422026956,993.415813718403,"MiddleEastConflict","keep"
46,"palestinian",0.0108264736382191,2883.22920173437,"MiddleEastConflict","keep"
46,"gaza",0.00806533849791111,2339.72204958545,"MiddleEastConflict","keep"
46,"hamas",0.00759469046263133,2274.10344214572,"MiddleEastConflict","keep"
46,"palestinians",0.00687303014186901,1830.37634151547,"MiddleEastConflict","keep"
46,"arab",0.00671614746344241,316.374436541667,"MiddleEastConflict","keep"
46,"lebanon",0.00602586367836541,160.935196175927,"MiddleEastConflict","keep"
46,"hostages",0.00461391957252608,243.821362003774,"MiddleEastConflict","drop"
46,"egypt",0.00426877767998758,73.6981552590485,"MiddleEastConflict","keep"
46,"middle-east",0.00411189500156098,37.7006575679685,"MiddleEastConflict","keep"
46,"jerusalem",0.00390794751960641,214.35072070288,"MiddleEastConflict","keep"
46,"israelis",0.00384519444823578,1115.47534400582,"MiddleEastConflict","keep"
46,"netanyahu",0.00373537657333716,1083.61762304278,"MiddleEastConflict","drop"
46,"arafat",0.00291958664551888,874.221546340256,"MiddleEastConflict","keep"
46,"lebanese",0.00288821010983356,261.044777067759,"MiddleEastConflict","keep"
46,"bosnia",0.00285683357414824,231.036598580584,"MiddleEastConflict","drop"
46,"beirut",0.00284114530630559,200.108777924355,"MiddleEastConflict","keep"
46,"egyptian",0.00233912073534049,117.049068088227,"MiddleEastConflict","keep"
46,"kosovo",0.00230774419965517,487.389722076401,"MiddleEastConflict","drop"
46,"plo",0.0021822380569139,633.058426565523,"MiddleEastConflict","keep"
46,"cease-fire",0.00216654978907124,511.750437530481,"MiddleEastConflict","keep"
46,"serbia",0.00196260230711667,315.366192522067,"MiddleEastConflict","drop"
46,"arabs",0.0018370961643754,93.6682464843538,"MiddleEastConflict","keep"
46,"tel",0.00172727828947678,87.619293143478,"MiddleEastConflict","drop"
46,"abbas",0.00171159002163412,148.581337271443,"MiddleEastConflict","drop"
46,"palestine",0.0016802134859488,355.258822172043,"MiddleEastConflict","keep"
46,"bosnian",0.00153901907536487,409.86057772807,"MiddleEastConflict","drop"
46,"aviv",0.00152333080752221,359.818736308542,"MiddleEastConflict","keep"
46,"hezbollah",0.00149195427183689,396.714399908546,"MiddleEastConflict","keep"
46,"cairo",0.00139782466478094,45.7331089778577,"MiddleEastConflict","keep"
46,"milosevic",0.00139782466478094,418.555291665324,"MiddleEastConflict","drop"
46,"israeli-military",0.00135075986125296,391.849967845374,"MiddleEastConflict","keep"
46,"yugoslavia",0.00135075986125296,78.2921388979705,"MiddleEastConflict","drop"
46,"gaza-strip",0.00127231852203966,380.974569630278,"MiddleEastConflict","keep"
46,"serbian",0.00127231852203966,72.4414192534857,"MiddleEastConflict","drop"
46,"mideast",0.00124094198635434,53.3940867154879,"MiddleEastConflict","keep"
46,"serb",0.00117818891498371,341.787834903457,"MiddleEastConflict","drop"
46,"palestinian-authority",0.00106837104008509,332.240107655305,"MiddleEastConflict","keep"
46,"serbs",0.00103699450439977,310.510715814567,"MiddleEastConflict","drop"
46,"peace-talks",0.00100561796871446,75.7680437959799,"MiddleEastConflict","keep"
46,"mubarak",0.000958553165186478,98.6610184476901,"MiddleEastConflict","drop"
46,"belgrade",0.000895800093815842,81.009750614786,"MiddleEastConflict","drop"
46,"israeli-palestinian",0.000880111825973183,87.845924198478,"MiddleEastConflict","keep"
46,"moslem",0.000738917415389249,163.500318339964,"MiddleEastConflict","drop"
46,"yugoslav",0.00072322914754659,89.692470429591,"MiddleEastConflict","drop"
46,"croatia",0.000691852611861272,57.8398507824442,"MiddleEastConflict","drop"
46,"balkans",0.000582034736962657,46.2347797340876,"MiddleEastConflict","drop"
46,"albanian",0.000378087255008087,41.9771102654703,"MiddleEastConflict","keep"
46,"syrians",0.000346710719322769,76.7167098792614,"MiddleEastConflict","keep"
49,"children",0.0962934378666386,31.1441765308879,"Parenting","keep"
49,"parents",0.0429761792054302,59.6330237999629,"Parenting","keep"
49,"child",0.0341199296773042,57.9756654993824,"Parenting","keep"
49,"kids",0.0309800956091458,59.4826124029018,"Parenting","keep"
49,"mothers",0.00521428169105231,99.8059059043861,"Parenting","keep"
49,"babies",0.0032848416720695,63.5063968299117,"Parenting","keep"
49,"infant",0.0025058752047783,53.5011216425383,"Parenting","keep"
49,"fathers",0.0023141296128297,53.50981022438,"Parenting","keep"
49,"parenting",0.00188270203094534,89.0149473931355,"Parenting","keep"
49,"parental",0.00183476563295819,65.7411369491599,"Parenting","keep"
49,"infants",0.00151119494654492,77.1415313868489,"Parenting","keep"
49,"foster-care",0.00133143345409311,86.6679062428783,"Parenting","keep"
49,"moms",0.00130746525509953,32.1830880230399,"Parenting","keep"
49,"children-ages",0.000959926369692692,42.8965013068872,"Parenting","keep"
49,"child-abuse",0.000888021772711965,31.6363060586258,"Parenting","keep"
49,"pediatrics",0.000852069474221602,87.2192483201143,"Parenting","keep"
49,"adolescents",0.000708260280260151,50.8824105735633,"Parenting","keep"
49,"toddlers",0.000684292081266576,32.0528860033406,"Parenting","keep"
49,"dads",0.000612387484285849,37.2905959057483,"Parenting","keep"
49,"6-year-old",0.000600403384789062,31.2404468201369,"Parenting","keep"
49,"motherhood",0.000564451086298699,41.8187174988435,"Parenting","keep"
49,"adhd",0.000540482887305124,127.664896256414,"Parenting","keep"
49,"pediatricians",0.000492546489317973,116.342067320146,"Parenting","keep"
49,"adoptive",0.000408657792840459,45.8046461256361,"Parenting","keep"
52,"earth",0.0135234520512016,35.9893657870548,"Space","keep"
52,"nasa",0.012353817880871,2918.03665791487,"Space","keep"
52,"moon",0.00762211600998796,39.7581368178257,"Space","keep"
52,"shuttle",0.00588538648434551,358.203070852307,"Space","keep"
52,"mars",0.00553095188727562,213.914231117486,"Space","keep"
52,"rocket",0.00544234323800815,117.706897606458,"Space","keep"
52,"planet",0.00542462150815465,41.8925794919848,"Space","keep"
52,"astronauts",0.0043081525273845,519.602012666782,"Space","keep"
52,"spacecraft",0.00363472679295171,858.541555785885,"Space","keep"
52,"orbit",0.00331573565558881,117.130421330161,"Space","keep"
52,"satellites",0.00257142300174205,121.088127571627,"Space","keep"
52,"space-station",0.00246509262262108,656.485876382752,"Space","keep"
52,"apollo",0.00234104051364662,85.8930831354972,"Space","keep"
52,"space-shuttle",0.00234104051364662,297.224134022433,"Space","keep"
52,"astronaut",0.00216382321511167,123.364059863837,"Space","keep"
52,"capsule",0.00203977110613721,96.5166821246093,"Space","keep"
52,"jupiter",0.00188027553745576,122.866600375602,"Space","keep"
52,"rockets",0.00184483207774877,38.2240852507109,"Space","keep"
52,"rover",0.00180938861804178,131.07138604775,"Space","keep"
52,"planets",0.00179166688818829,293.238957489029,"Space","keep"
52,"telescope",0.00168533650906732,448.826792552119,"Space","keep"
52,"eclipse",0.00163217131950684,37.4328778162862,"Space","drop"
52,"booster",0.00154356267023937,55.9973811048658,"Space","drop"
52,"lunar",0.00152584094038587,73.3643212817775,"Space","keep"
52,"astronomers",0.0014372322911184,382.753447696917,"Space","keep"
52,"comet",0.0014372322911184,55.6176439189362,"Space","keep"
52,"kong",0.00133090191199743,90.2231364201707,"Space","drop"
52,"aeronautics",0.00126001499258346,72.0227499804584,"Space","keep"
52,"observatory",0.00122457153287647,58.3687887608586,"Space","keep"
52,"orbital",0.00110051942390201,70.0127815577786,"Space","keep"
52,"astronomy",0.00104735423434152,60.6452977713611,"Space","keep"
52,"antenna",0.000941023855220556,45.9815407076409,"Space","drop"
52,"volcanic",0.000905580395513567,33.1750959800216,"Space","drop"
52,"orbiting",0.000887858665660072,257.564204837578,"Space","keep"
52,"planetary",0.000852415205953084,103.553586256232,"Space","keep"
52,"crater",0.0007992500163926,57.6200431101304,"Space","drop"
52,"propulsion",0.000728363096978622,34.4371177566284,"Space","keep"
52,"capsules",0.000710641367125128,75.0369652442966,"Space","keep"
52,"milky",0.000710641367125128,38.7463769102682,"Space","drop"
52,"star-trek",0.000710641367125128,33.9988005373593,"Space","drop"
52,"volcano",0.000710641367125128,44.507890485312,"Space","drop"
52,"eruption",0.000692919637271633,40.1374236444254,"Space","drop"
52,"voyager",0.000586589258150667,33.1960914229035,"Space","keep"
52,"comets",0.000515702338736689,108.833840067126,"Space","keep"
55,"cents",0.027577167465924,67.832439981368,"Earnings","keep"
55,"earnings",0.0165689272883035,35.9839636317736,"Earnings","keep"
55,"year-earlier",0.0138745507201503,653.992952691429,"Earnings","keep"
55,"net-income",0.00832205094158041,656.931393918024,"Earnings","keep"
55,"fourth-quarter",0.00649106575990723,31.2226482030626,"Earnings","keep"
55,"third-quarter",0.00612635732941136,85.4988208890775,"Earnings","keep"
55,"second-quarter",0.0060742561250548,73.4666455675205,"Earnings","keep"
55,"net-loss",0.002464386966065,126.04811297737,"Earnings","drop"
55,"revenue-rose",0.00198059006846843,173.090976646774,"Earnings","drop"
55,"first-quarter",0.00172008404668566,41.4707477571219,"Earnings","keep"
55,"share-compared",0.0016679828423291,444.20528786197,"Earnings","drop"
55,"year-earlier-period",0.00149679317087185,68.5991699540264,"Earnings","drop"
55,"pretax",0.00143724893732151,43.2335121184879,"Earnings","keep"
55,"quarter-ended",0.00140747682054633,127.166560695158,"Earnings","keep"
55,"operating-profit",0.00139259076215875,298.924698769349,"Earnings","keep"
55,"billion-yen",0.00138514773296495,289.445584869209,"Earnings","drop"
55,"stock-exchange-composite-trading",0.0012214010907015,53.4003676448528,"Earnings","drop"
55,"continuing-operations",0.000998110214887696,235.758874201264,"Earnings","keep"
55,"net-profit",0.000998110214887696,74.0773040285118,"Earnings","keep"
55,"second-quarter-earnings",0.000968338098112523,205.126436151131,"Earnings","keep"
55,"full-year",0.000931122952143555,53.7725438098563,"Earnings","drop"
55,"year-earlier-quarter",0.000841806601818034,261.783505467065,"Earnings","keep"
55,"analysts-expectations",0.000774819339073894,206.344357279924,"Earnings","drop"
55,"ended-sept",0.000737604193104927,37.3065181272823,"Earnings","drop"
55,"fourth-quarter-earnings",0.000715275105523546,59.7278184394129,"Earnings","keep"
55,"per-share-earnings",0.00070038904713596,69.1309359241375,"Earnings","keep"
55,"diluted-share",0.000670616930360786,200.805059429147,"Earnings","keep"
55,"profit-rose",0.000655730871973199,174.629566535652,"Earnings","keep"
55,"thomson-financial",0.000655730871973199,43.5041384820039,"Earnings","drop"
55,"first-quarter-earnings",0.000648287842779406,143.446705224189,"Earnings","keep"
55,"analysts-estimates",0.000558971492453885,123.683668913165,"Earnings","keep"
55,"write-down",0.000521756346484918,46.9676501492849,"Earnings","drop"
55,"write-off",0.000477098171322157,62.5156514533584,"Earnings","drop"
55,"profit-fell",0.000469655142128364,136.245055557621,"Earnings","drop"
55,"fourth-quarter-net-income",0.00041755393777181,125.029565304941,"Earnings","keep"
55,"pre-tax",0.00041755393777181,88.9144137807919,"Earnings","keep"
55,"year-ago-period",0.00041755393777181,98.6284328314012,"Earnings","keep"
55,"cents-per-share",0.00037289576260905,99.306938518004,"Earnings","keep"
55,"kronor",0.000305908499864909,64.0474324866166,"Earnings","drop"
55,"third-quarter-results",0.000305908499864909,72.2571941064276,"Earnings","keep"
57,"car",0.0565337188222687,67.2423400211334,"Transportation","keep"
57,"cars",0.0212494067573482,46.944365222354,"Transportation","keep"
57,"driver",0.0169730286316093,178.834232995019,"Transportation","keep"
57,"driving",0.0163357644403227,42.7185058826288,"Transportation","keep"
57,"drivers",0.0138202478957704,302.129663299029,"Transportation","keep"
57,"engine",0.00551904329874778,35.3326552380073,"Transportation","keep"
57,"uber",0.0043451355779567,207.820451408287,"Transportation","drop"
57,"taxi",0.00395942304112534,98.7705372768713,"Transportation","keep"
57,"wheel",0.00330538873954174,37.2321358976599,"Transportation","keep"
57,"wheels",0.00263458432766112,40.7953025030582,"Transportation","keep"
57,"parked",0.00193023969518647,43.5609133374395,"Transportation","drop"
57,"bmw",0.00166191793043423,58.0465487580663,"Transportation","keep"
57,"mileage",0.00136005594508795,38.1930032718354,"Transportation","keep"
57,"brake",0.00132651572449392,42.1307598184724,"Transportation","keep"
57,"brakes",0.00130974561419691,32.6887707138594,"Transportation","keep"
57,"mercedes",0.00125943528330586,39.9659663573538,"Transportation","keep"
57,"horsepower",0.00124266517300884,330.937721230783,"Transportation","keep"
57,"towing",0.00124266517300884,112.292268789257,"Transportation","keep"
57,"taxis",0.00117558473182078,252.111659953908,"Transportation","keep"
57,"suv",0.00115881462152377,72.3998984819738,"Transportation","keep"
57,"steering-wheel",0.00112527440092973,93.446703495724,"Transportation","keep"
57,"cadillac",0.0010917341803357,32.5041761788699,"Transportation","keep"
57,"dashboard",0.0010917341803357,57.1304097863523,"Transportation","keep"
57,"sedan",0.00107496407003869,66.6078143180674,"Transportation","keep"
57,"f1",0.00105819395974167,50.3344800883819,"Transportation","drop"
57,"minivan",0.00104142384944466,56.7209625211552,"Transportation","keep"
57,"ferrari",0.00102465373914764,52.201700335884,"Transportation","keep"
57,"porsche",0.000991113518553612,48.06208380634,"Transportation","keep"
57,"air-bags",0.00092403307736555,218.261465312168,"Transportation","keep"
57,"scooter",0.00092403307736555,41.5886104068163,"Transportation","drop"
57,"windshield",0.00092403307736555,52.4864896895138,"Transportation","drop"
57,"lyft",0.000840182525880473,86.4262225453511,"Transportation","drop"
57,"acceleration",0.000756331974395395,35.5911680752091,"Transportation","keep"
57,"seat-belt",0.00073956186409838,44.3691834210369,"Transportation","keep"
57,"subaru",0.000706021643504349,149.71494807235,"Transportation","keep"
57,"cabs",0.000689251533207334,34.0903826189785,"Transportation","keep"
57,"drunken-driving",0.000689251533207334,39.7635497197535,"Transportation","keep"
57,"hummer",0.000689251533207334,36.2568028714895,"Transportation","keep"
57,"chevy",0.000672481422910319,32.493169256882,"Transportation","keep"
57,"turbo",0.000638941202316287,131.568064600426,"Transportation","drop"
57,"highway-traffic",0.000622171092019272,146.960079184781,"Transportation","keep"
57,"seat-belts",0.000622171092019272,34.3093292922663,"Transportation","keep"
57,"m.p.h",0.000588630871425241,125.692536763267,"Transportation","keep"
57,"chassis",0.000571860761128226,152.293877111602,"Transportation","keep"
57,"lexus",0.000571860761128226,41.621426805256,"Transportation","keep"
57,"miles-per-gallon",0.000538320540534195,156.164609676187,"Transportation","keep"
59,"compensation",0.0183344634209006,273.91012098259,"ExecutiveCompensation","keep"
59,"salary",0.0117277976428498,335.380124032824,"ExecutiveCompensation","keep"
59,"bonus",0.00877218400530078,142.250477048067,"ExecutiveCompensation","keep"
59,"bonuses",0.00716881190127092,376.607993122022,"ExecutiveCompensation","keep"
59,"ceos",0.00344048881599663,119.434521002137,"ExecutiveCompensation","keep"
59,"severance",0.00318935824548593,149.667718512171,"ExecutiveCompensation","keep"
59,"stock-options",0.0031700405092928,302.720313240528,"ExecutiveCompensation","keep"
59,"xerox",0.00216551822724998,62.7791291457255,"ExecutiveCompensation","drop"
59,"stead",0.00104508952804839,64.7847476633958,"ExecutiveCompensation","drop"
70,"loans",0.0337506957270181,654.445334514046,"Mortgage","keep"
70,"mortgage",0.0281848795820175,443.665706474057,"Mortgage","keep"
70,"loan",0.0241544609942585,251.704830882605,"Mortgage","keep"
70,"mortgages",0.0120927321070822,887.566889400524,"Mortgage","keep"
70,"lenders",0.0116203020894694,714.227887087724,"Mortgage","keep"
70,"borrowers",0.0109559473772014,2587.85230421464,"Mortgage","keep"
70,"lending",0.00716174379824876,311.408005935432,"Mortgage","keep"
70,"lender",0.00611353969667041,265.62073704715,"Mortgage","keep"
70,"fannie-mae",0.00453385182527766,591.937865281683,"Mortgage","keep"
70,"freddie-mac",0.00419429275011848,928.071507820836,"Mortgage","keep"
70,"borrow",0.00326419615294331,34.6712970379047,"Mortgage","drop"
70,"subprime",0.00326419615294331,697.144828872657,"Mortgage","keep"
70,"freddie",0.00317561552464092,93.8224010613339,"Mortgage","keep"
70,"fannie",0.00316085208659052,395.85387124756,"Mortgage","keep"
70,"foreclosure",0.00276223925922973,136.850220685352,"Mortgage","keep"
70,"borrowing",0.00268842206897773,31.2604100488547,"Mortgage","keep"
70,"student-loan",0.00265889519287694,232.134778065939,"Mortgage","drop"
70,"refinance",0.00228980924161695,180.329712320084,"Mortgage","keep"
70,"borrower",0.00209788454696176,127.585267543308,"Mortgage","keep"
70,"foreclosures",0.00202406735670976,166.526465674776,"Mortgage","keep"
70,"refinancing",0.00200930391865936,115.736787485419,"Mortgage","keep"
70,"fha",0.00180261578595377,425.787314842484,"Mortgage","keep"
70,"appraisal",0.00144829327274418,55.2404139141776,"Mortgage","keep"
70,"monthly-payments",0.00140400295859299,299.80196767695,"Mortgage","keep"
70,"mortgage-rates",0.00140400295859299,331.632871756923,"Mortgage","keep"
70,"countrywide",0.00138923952054259,369.972355513046,"Mortgage","keep"
70,"defaults",0.00137447608249219,67.4137130246138,"Mortgage","keep"
70,"sallie",0.00135971264444179,93.0022549820617,"Mortgage","drop"
70,"paulson",0.00127113201613939,52.7039079487597,"Mortgage","drop"
70,"repayment",0.00122684170198819,59.3427677723615,"Mortgage","keep"
70,"student-loans",0.00116778794978659,63.24518060947,"Mortgage","drop"
70,"home-equity",0.001108734197585,321.639302540236,"Mortgage","keep"
70,"mortgage-backed-securities",0.001034917007333,212.777326175187,"Mortgage","keep"
70,"forgiveness",0.000975863255131402,31.4341534185531,"Mortgage","drop"
70,"adjustable",0.000872519188778606,41.667557784785,"Mortgage","drop"
70,"30-year-fixed",0.000857755750728206,256.840659253869,"Mortgage","keep"
70,"bankers-association",0.000828228874627408,183.262272399679,"Mortgage","drop"
70,"appraisals",0.000813465436577008,47.6133517229118,"Mortgage","keep"
70,"appraisers",0.000813465436577008,87.0369805089677,"Mortgage","keep"
70,"delinquent",0.000739648246325011,31.438101519814,"Mortgage","drop"
70,"1-year",0.000695357932173813,164.247195160369,"Mortgage","drop"
70,"fixed-rate",0.000680594494123414,150.595200670681,"Mortgage","keep"
70,"refinanced",0.000651067618022615,153.785590373084,"Mortgage","keep"
70,"adj",0.000636304179972215,140.795079151982,"Mortgage","drop"
70,"payday",0.000547723551669819,31.940814259193,"Mortgage","drop"
71,"stocks",0.021767204493473,927.884637991678,"Stock_market","keep"
71,"dow-jones-industrial-average",0.00456209684485677,385.063770098108,"Stock_market","keep"
71,"dow",0.0045047737827243,546.83563163111,"Stock_market","keep"
71,"stock-market",0.00409532333892097,34.2896854986695,"Stock_market","keep"
71,"nasdaq-composite-index",0.00164680968497702,493.109704943473,"Stock_market","keep"
71,"standard-poor-500-stock",0.00149121851633175,397.13067395063,"Stock_market","keep"
71,"dow-industrials",0.00106539005477628,309.065342169422,"Stock_market","keep"
71,"blue-chip",0.00096712194826348,45.9452039756594,"Stock_market","keep"
71,"rose-cents",0.000950743930511346,62.6928972286419,"Stock_market","drop"
71,"fell-cents",0.000860664832874612,176.857747758409,"Stock_market","drop"
71,"nasdaq-composite",0.000852475823998546,255.259673220366,"Stock_market","keep"
71,"dow-jones-industrials",0.000803341770742145,213.940247746056,"Stock_market","keep"
71,"gainers",0.000770585735237878,205.216894117267,"Stock_market","drop"
71,"index-rose",0.000664128619849011,156.870667592616,"Stock_market","keep"
71,"index-fell",0.000647750602096878,187.909827560348,"Stock_market","drop"
71,"vix",0.000631372584344744,149.133519992487,"Stock_market","keep"
71,"nikkei",0.000623183575468677,165.961802787715,"Stock_market","drop"
71,"industrials",0.000598616548840477,179.24574555628,"Stock_market","keep"
71,"decliners",0.000574049522212277,152.876772344531,"Stock_market","drop"
71,"industrial-average",0.00056586051333621,169.43749682543,"Stock_market","drop"
71,"russell-index",0.000549482495584077,146.33425712294,"Stock_market","keep"
71,"composite-index",0.000483970424575543,114.316355791906,"Stock_market","drop"
71,"selloff",0.000475781415699477,99.6520507720112,"Stock_market","keep"
71,"intraday",0.000451214389071276,99.8402456299713,"Stock_market","drop"
71,"corporate-profits",0.00044302538019521,37.4480917295028,"Stock_market","keep"
71,"investment-strategist",0.000434836371319143,96.2162802713517,"Stock_market","keep"
71,"seng",0.000426647362443076,32.3455956376581,"Stock_market","drop"
71,"s-p-index",0.00041845835356701,49.7565651367564,"Stock_market","keep"
71,"stoxx",0.000402080335814876,120.396253171181,"Stock_market","drop"
71,"10-year-treasury-note",0.000377513309186676,89.1706260914868,"Stock_market","drop"
73,"terrorism",0.00585063001894507,118.613799055112,"Terrorism","keep"
73,"secret-service",0.00437934460592256,208.312494839974,"Terrorism","drop"
73,"hackers",0.00334399561157338,193.056890223565,"Terrorism","drop"
73,"tsa",0.00318051945457088,922.655818961883,"Terrorism","drop"
73,"terrorist",0.00314419141968144,97.2443479133979,"Terrorism","keep"
73,"terrorists",0.00307153534990255,133.131909850075,"Terrorism","keep"
73,"homeland-security",0.00301704329756838,117.669343142157,"Terrorism","keep"
73,"breach",0.00290805919290005,48.0352086484533,"Terrorism","drop"
73,"cyber",0.00249028679167143,125.175672059263,"Terrorism","drop"
73,"terrorist-attacks",0.0022178265300006,53.5822578529713,"Terrorism","keep"
73,"cybersecurity",0.00219966251255588,85.0944132106847,"Terrorism","keep"
73,"hacking",0.00160024993688004,79.6357964178006,"Terrorism","drop"
73,"terrorist-attack",0.0011643135182067,61.8094690934398,"Terrorism","keep"
73,"sept-attacks",0.00109165744842781,48.5340733105275,"Terrorism","drop"
73,"ransomware",0.00107349343098309,321.43971087844,"Terrorism","drop"
73,"equifax",0.000946345308870035,223.531731563283,"Terrorism","drop"
73,"breaches",0.000782869151867533,43.1205896730858,"Terrorism","drop"
73,"marshals",0.000710213082088644,37.8700166682355,"Terrorism","drop"
73,"hacker",0.000637557012309754,33.7177443405046,"Terrorism","drop"
73,"attackers",0.000619392994865032,30.0039744738028,"Terrorism","keep"
73,"hijackers",0.000401424785528364,83.4699099282302,"Terrorism","keep"
74,"fish",0.0265025198706216,541.323464244805,"Marine_Biology","keep"
74,"fishing",0.00833399231212836,166.897666010434,"Marine_Biology","keep"
74,"waters",0.00628955078219176,32.6325326457779,"Marine_Biology","keep"
74,"marine",0.00536376593844688,35.3982116985661,"Marine_Biology","keep"
74,"salmon",0.00414867333103173,174.347027231206,"Marine_Biology","keep"
74,"species",0.00320360130304217,139.238600289611,"Marine_Biology","keep"
74,"fishermen",0.00270213451268036,281.740000615582,"Marine_Biology","keep"
74,"shark",0.00266356014419099,116.127914288382,"Marine_Biology","keep"
74,"crabs",0.00262498577570162,201.980704352144,"Marine_Biology","keep"
74,"aquarium",0.00260569859145693,120.485867986417,"Marine_Biology","keep"
74,"trout",0.00260569859145693,111.391168868827,"Marine_Biology","keep"
74,"oyster",0.00256712422296756,64.3967560479849,"Marine_Biology","keep"
74,"whales",0.00256712422296756,214.712676063029,"Marine_Biology","drop"
74,"oysters",0.00243211393325477,202.17156677394,"Marine_Biology","keep"
74,"fletcher",0.00212351898533981,39.9822843296668,"Marine_Biology","drop"
74,"sharks",0.00210423180109513,139.113256058551,"Marine_Biology","keep"
74,"pond",0.00208494461685044,30.6361503570998,"Marine_Biology","drop"
74,"seals",0.00208494461685044,87.764548138413,"Marine_Biology","keep"
74,"spill",0.00196922151138233,35.7815525032825,"Marine_Biology","drop"
74,"chesapeake-bay",0.00185349840591422,75.6223844615322,"Marine_Biology","keep"
74,"coral",0.00185349840591422,33.6321309542377,"Marine_Biology","keep"
74,"fisheries",0.00185349840591422,410.123747387861,"Marine_Biology","keep"
74,"mud",0.00181492403742485,48.0069844835962,"Marine_Biology","drop"
74,"perch",0.00169920093195674,48.0542595203513,"Marine_Biology","keep"
74,"whale",0.00167991374771206,75.2226154182324,"Marine_Biology","keep"
74,"reef",0.00166062656346737,88.7313244804959,"Marine_Biology","keep"
74,"crab",0.00160276501073332,98.9428297848475,"Marine_Biology","keep"
74,"bait",0.0013713187997971,52.4071645779199,"Marine_Biology","keep"
74,"anglers",0.00135203161555241,420.452364067012,"Marine_Biology","keep"
74,"bluefish",0.00135203161555241,404.843326524766,"Marine_Biology","keep"
74,"tuna",0.00133274443130773,78.3598531693174,"Marine_Biology","keep"
74,"algae",0.00115915977310556,242.493087379568,"Marine_Biology","keep"
74,"rockfish",0.00113987258886088,252.219703128227,"Marine_Biology","keep"
74,"flounder",0.00104343666763745,130.384902027721,"Marine_Biology","keep"
74,"turtles",0.00102414948339277,54.8699165355971,"Marine_Biology","keep"
74,"lobsters",0.00100486229914808,291.506485279301,"Marine_Biology","keep"
74,"dolphin",0.000927713562169346,91.0566865314604,"Marine_Biology","keep"
74,"striped-bass",0.000889139193679975,266.237908028412,"Marine_Biology","keep"
74,"darwin",0.000792703272456551,33.9924261509328,"Marine_Biology","drop"
74,"spawning",0.000792703272456551,108.712983311246,"Marine_Biology","keep"
74,"catfish",0.000696267351233126,84.2464690189598,"Marine_Biology","keep"
74,"oceanic",0.000676980166988441,35.2856004515602,"Marine_Biology","keep"
74,"clams",0.000619118614254387,132.227145723784,"Marine_Biology","keep"
74,"octopus",0.000619118614254387,38.6141955789816,"Marine_Biology","keep"
74,"docks",0.000599831430009702,36.1562896865022,"Marine_Biology","drop"
74,"goldfish",0.000599831430009702,41.4673595306558,"Marine_Biology","keep"
74,"shellfish",0.000599831430009702,159.742826049733,"Marine_Biology","keep"
74,"shad",0.000541969877275647,41.0428434500484,"Marine_Biology","keep"
74,"squid",0.000522682693030962,111.819510240126,"Marine_Biology","keep"
74,"swordfish",0.000368385219073482,39.5895124601658,"Marine_Biology","keep"
77,"fire",0.0400256625695825,98.5099481551848,"Wildfires","keep"
77,"crash",0.0110522683563154,81.3910547416081,"Wildfires","drop"
77,"fires",0.00662312073915264,144.796114687785,"Wildfires","keep"
77,"firefighters",0.00660840596301588,253.454929016969,"Wildfires","keep"
77,"explosion",0.00454833730387043,33.1822526002281,"Wildfires","drop"
77,"burning",0.00391560192999004,36.6682773985541,"Wildfires","keep"
77,"fire-department",0.00334172566065666,145.246669030187,"Wildfires","keep"
77,"accidents",0.00287085282428056,56.5534818988997,"Wildfires","drop"
77,"flames",0.00242940954017796,76.9993879700538,"Wildfires","keep"
77,"wildfire",0.0023852652117677,145.215824349211,"Wildfires","keep"
77,"blaze",0.00234112088335744,240.474503541877,"Wildfires","keep"
77,"wildfires",0.00217925834585316,104.486817439648,"Wildfires","keep"
77,"firefighter",0.00207625491289588,119.886391319715,"Wildfires","keep"
77,"crashes",0.00160538207651978,46.0027632281278,"Wildfires","drop"
77,"evacuated",0.00148766386742575,192.114918516335,"Wildfires","keep"
77,"wreckage",0.00132580132992147,65.8500371777569,"Wildfires","drop"
77,"ntsb",0.000854928493545363,265.864127794475,"Wildfires","drop"
77,"explosions",0.00084021371740861,30.5518212456614,"Wildfires","keep"
77,"fatalities",0.000737210284451338,39.3156583782819,"Wildfires","keep"
77,"evacuate",0.000604777299220558,37.1696293116639,"Wildfires","keep"
80,"cloudy",0.0131023546445562,1258.81230268251,"Weather","keep"
80,"degrees",0.0129491405968709,49.2576248757145,"Weather","keep"
80,"rain",0.0129491405968709,54.8130485143844,"Weather","keep"
80,"temperature",0.0102678947623778,71.4231287551638,"Weather","keep"
80,"sunny",0.00996146666700714,105.163658217813,"Weather","keep"
80,"temperatures",0.00937414615088009,346.8946077359,"Weather","keep"
80,"mph",0.00590129440334619,125.482060671505,"Weather","drop"
80,"mid",0.0047521890457063,52.1797646601046,"Weather","drop"
80,"ptcldy",0.00421593987880769,1311.06541327795,"Weather","drop"
80,"rises",0.00378183341036595,31.3261640380135,"Weather","drop"
80,"70s",0.00375629773575173,35.7231413593723,"Weather","drop"
80,"showers",0.00337326261653843,82.7478170313395,"Weather","keep"
80,"60s",0.0028114777750256,35.2638171343404,"Weather","drop"
80,"ptcldv",0.00273487075118294,850.48519540926,"Weather","drop"
80,"40s",0.00258165670349762,55.1300126301492,"Weather","drop"
80,"low-tonight",0.0025561210288834,794.897927735452,"Weather","drop"
80,"weather-service",0.00250504967965496,197.314823209806,"Weather","keep"
80,"partly-cloudy",0.00222415725889854,645.219017371464,"Weather","keep"
80,"thunderstorms",0.00222415725889854,492.13946280653,"Weather","keep"
80,"50s",0.0021730859096701,31.515507047571,"Weather","drop"
80,"humid",0.0021730859096701,113.224220682404,"Weather","keep"
80,"30s",0.00207094321121323,35.2021247116815,"Weather","drop"
80,"humidity",0.00181558646507103,105.193098129303,"Weather","keep"
80,"partly-sunny",0.00173897944122837,540.78470408376,"Weather","keep"
80,"cooler",0.00168790809199993,32.4494700692544,"Weather","keep"
80,"dial",0.00156022971892883,37.1534528593842,"Weather","drop"
80,"20s",0.00153469404431461,31.0609678261382,"Weather","drop"
80,"rcldy",0.00150915836970039,469.315359931721,"Weather","drop"
80,"heat-wave",0.00140701567124351,90.3625123743833,"Weather","keep"
80,"fahrenheit",0.00138147999662929,71.4328139803341,"Weather","keep"
80,"precipitation",0.00135594432201507,300.029913605358,"Weather","keep"
80,"windy",0.00122826594894397,46.4168311339263,"Weather","keep"
80,"knots",0.00112612325048709,36.4141104204728,"Weather","drop"
80,"boating",0.000998444877415994,47.0596637893866,"Weather","drop"
80,"6-12",0.000947373528187554,85.5353017781898,"Weather","drop"
80,"mid-60s",0.000947373528187554,54.7793822948676,"Weather","drop"
80,"mid-50s",0.000896302178959115,54.4582410062904,"Weather","drop"
80,"hazy",0.000870766504344895,39.1698269856529,"Weather","drop"
80,"haze",0.000845230829730675,35.1596243904809,"Weather","drop"
80,"rockies",0.000819695155116455,181.374015569341,"Weather","drop"
80,"meteorologist",0.000743088131273796,153.572522643893,"Weather","keep"
80,"5-10",0.000717552456659576,48.6364435749021,"Weather","drop"
80,"temp",0.000615409758202697,39.8663629344891,"Weather","keep"
80,"ankara",0.000334517337446279,74.0186792510394,"Weather","drop"
81,"bill",0.0419849422012882,30.3639872650418,"Senate","keep"
81,"senate",0.0361085081296934,67.9833886028285,"Senate","keep"
81,"legislation",0.0156537082027355,32.5164478238737,"Senate","keep"
81,"sen",0.0139253452405017,56.4268907806786,"Senate","drop"
81,"rep",0.0110923329067533,45.5619646313951,"Senate","drop"
81,"senator",0.00719975893093987,30.192740446146,"Senate","keep"
81,"senators",0.00582458318272779,92.1609255951024,"Senate","keep"
81,"bipartisan",0.00313434865890306,38.1509495655186,"Senate","keep"
81,"veto",0.00304417320000391,75.9379516333493,"Senate","drop"
81,"mcconnell",0.00229271104251097,56.8574207720287,"Senate","drop"
81,"schumer",0.00208981625998787,104.620967188962,"Senate","drop"
81,"repeal",0.00172159980281633,34.9655345722733,"Senate","drop"
81,"majority-leader",0.00168402669494168,99.1954855251481,"Senate","keep"
81,"caucus",0.0015863366144676,58.6346314362016,"Senate","keep"
81,"senate-majority-leader",0.00151870502029324,65.0663816457748,"Senate","keep"
81,"filibuster",0.00142852956139408,380.43579881932,"Senate","keep"
81,"amendments",0.00132332485934507,37.0041178411811,"Senate","keep"
81,"committee-chairman",0.00131581023777014,52.7331722526461,"Senate","keep"
81,"senate-floor",0.00100019613162311,209.388606329587,"Senate","keep"
81,"pelosi",0.000977652266898317,91.3462610238859,"Senate","drop"
81,"commerce-committee",0.000842389078549588,69.341440739594,"Senate","drop"
81,"minority-leader",0.00081233059224987,43.2955640713433,"Senate","keep"
81,"d-calif",0.000789786727525082,39.6441276161671,"Senate","drop"
81,"dodd",0.000789786727525082,33.0547141824778,"Senate","drop"
81,"earmarks",0.000752213619650435,200.324163397233,"Senate","drop"
81,"sen-john",0.000744698998075505,33.4490606960386,"Senate","drop"
81,"hoyer",0.000722155133350717,31.0091425604509,"Senate","drop"
81,"dingell",0.000699611268625929,154.803043956284,"Senate","drop"
81,"wyden",0.000631979674451564,149.276917863772,"Senate","drop"
81,"congressional-leaders",0.000616950431301705,36.803450548433,"Senate","keep"
81,"rostenkowski",0.000609435809726776,80.579909499501,"Senate","drop"
81,"hastert",0.000586891945001987,83.9158399624432,"Senate","drop"
81,"appropriations-committee",0.000579377323427058,125.363610193932,"Senate","keep"
81,"frist",0.000564348080277199,39.025243328752,"Senate","drop"
81,"republican-senators",0.000549318837127341,34.8999223529296,"Senate","keep"
81,"manchin",0.000526774972402553,66.7284472368194,"Senate","drop"
81,"senate-finance-committee",0.000466657999803117,38.6955704670874,"Senate","keep"
81,"joe-manchin",0.000444114135078329,30.7090731829214,"Senate","drop"
81,"democratic-caucus",0.000436599513503399,116.272066866925,"Senate","keep"
81,"ms-pelosi",0.000436599513503399,103.127097834544,"Senate","drop"
81,"baucus",0.000368967919329035,76.6501729229998,"Senate","drop"
81,"proxmire",0.000361453297754105,39.938485638177,"Senate","drop"
81,"susan-collins",0.000353938676179176,41.8512208685435,"Senate","drop"
81,"thune",0.000338909433029317,34.8892298817753,"Senate","drop"
81,"domenici",0.000331394811454387,73.3277576635029,"Senate","drop"
81,"d-w.va",0.000323880189879458,39.6088231675231,"Senate","drop"
81,"sinema",0.000316365568304529,70.0022357740017,"Senate","drop"
81,"cornyn",0.000308850946729599,82.2509801760866,"Senate","drop"
81,"hollings",0.000286307082004811,63.3511919949991,"Senate","drop"
81,"house-speaker-nancy-pelosi",0.000248733974130164,54.3243681040105,"Senate","drop"
84,"gay",0.0191043399526469,384.216247842701,"LGBTQ","keep"
84,"sex",0.0140240964758857,53.2566922805478,"LGBTQ","drop"
84,"morris",0.0103498244410326,61.7268689211503,"LGBTQ","drop"
84,"transgender",0.00871889756841925,699.503986075249,"LGBTQ","keep"
84,"sexual",0.00667555240617953,56.4353575719972,"LGBTQ","drop"
84,"same-sex",0.00624438783066105,755.307236248194,"LGBTQ","keep"
84,"lesbian",0.00371363923522652,204.622635024848,"LGBTQ","keep"
84,"baldwin",0.0036574003775502,58.3094916541459,"LGBTQ","drop"
84,"homosexual",0.00260760836759217,232.207284227795,"LGBTQ","keep"
84,"lgbtq",0.00242014550867109,510.992125964802,"LGBTQ","keep"
84,"gay-rights",0.00238265293688688,199.489982499594,"LGBTQ","keep"
84,"trans",0.00223268264975002,110.194725915375,"LGBTQ","keep"
84,"homosexuals",0.0021951900779658,152.504913083531,"LGBTQ","keep"
84,"howe",0.00208271236261316,66.4904271678398,"LGBTQ","drop"
84,"queer",0.00208271236261316,129.709670735133,"LGBTQ","keep"
84,"sexuality",0.00206396607672105,58.5828062574813,"LGBTQ","keep"
84,"homosexuality",0.00178277178833943,382.678482641773,"LGBTQ","keep"
84,"frye",0.00174527921655522,99.559031516495,"LGBTQ","drop"
84,"gays",0.00172653293066311,356.448331314918,"LGBTQ","keep"
84,"sexual-orientation",0.00163280150120257,385.676289026824,"LGBTQ","keep"
84,"prostitutes",0.00148283121406571,68.0728467611813,"LGBTQ","drop"
84,"lesbians",0.00138909978460518,328.11266379894,"LGBTQ","keep"
84,"prom",0.00138909978460518,42.1121875111975,"LGBTQ","drop"
84,"prostitution",0.00131411464103674,52.2484470522316,"LGBTQ","drop"
84,"gender-identity",0.0012016369256841,348.590007889603,"LGBTQ","keep"
84,"equality",0.00118289063979199,37.6375840657632,"LGBTQ","keep"
84,"heterosexual",0.00114539806800778,270.549038571056,"LGBTQ","drop"
84,"bisexual",0.00112665178211567,266.12106739968,"LGBTQ","keep"
84,"porn",0.000995427780870915,39.2402753570134,"LGBTQ","drop"
84,"lgbt",0.000826711207841946,55.4264291063187,"LGBTQ","keep"
84,"becerra",0.000751726064273516,46.4717695598629,"LGBTQ","drop"
84,"condoms",0.000751726064273516,40.049069724742,"LGBTQ","drop"
84,"gay-marriage",0.000732979778381408,52.9134387784506,"LGBTQ","keep"
84,"stiller",0.000583009491244547,46.7202634705104,"LGBTQ","drop"
84,"prostitute",0.00056426320535244,32.5188233349873,"LGBTQ","drop"
85,"film",0.0520942519733993,427.45440463034,"Movie","keep"
85,"movie",0.0308359665321072,311.809549462112,"Movie","keep"
85,"films",0.0127189772463267,255.150948898731,"Movie","keep"
85,"movies",0.0101339522850203,83.6997010252699,"Movie","keep"
85,"documentary",0.00600009380259354,46.2586352357377,"Movie","keep"
85,"actor",0.00531293526857537,47.4127958015169,"Movie","keep"
85,"actress",0.00344779067624035,32.8313852026536,"Movie","keep"
85,"starring",0.00332781061474511,84.7398322779002,"Movie","keep"
85,"script",0.00277153942053993,68.9993684182442,"Movie","keep"
85,"cinema",0.00270609575063344,124.330589507851,"Movie","keep"
85,"filmmakers",0.00230252645287674,509.480220916462,"Movie","keep"
85,"filmmaker",0.002247990061288,72.2107456139817,"Movie","keep"
85,"screenplay",0.00204075177325077,592.01382841428,"Movie","keep"
85,"film-festival",0.00202984449493302,425.973145470081,"Movie","keep"
85,"area-theaters",0.00186623532016679,558.813053188583,"Movie","drop"
85,"pg-13",0.0018444207635313,491.192975977484,"Movie","drop"
85,"filming",0.0013972223525036,68.5490387163133,"Movie","keep"
85,"thriller",0.00111363311624214,50.3039534112606,"Movie","keep"
85,"hour-minutes",0.00105909672465339,137.25752130188,"Movie","drop"
85,"sundance",0.00104818944633565,99.6100708666244,"Movie","keep"
85,"cinematic",0.000917302106522662,65.3754409115204,"Movie","keep"
85,"documentaries",0.000895487549887164,42.9503791031166,"Movie","keep"
85,"sequel",0.000895487549887164,38.8247506306316,"Movie","keep"
85,"coppola",0.000808229323345175,54.5757759832703,"Movie","drop"
85,"profanity",0.000808229323345175,47.3210680407195,"Movie","drop"
85,"screenwriter",0.000797322045027426,58.3479635881669,"Movie","keep"
85,"scorsese",0.000775507488391929,183.178941233963,"Movie","keep"
85,"nudity",0.000720971096803186,41.1369816990901,"Movie","drop"
85,"affleck",0.000710063818485437,67.7927369207593,"Movie","drop"
85,"minutes-contains",0.000699156540167688,202.82248210238,"Movie","drop"
85,"unrated",0.00068824926184994,183.289632076755,"Movie","drop"
85,"bourne",0.000677341983532191,30.6919281969468,"Movie","drop"
85,"pg-13-minutes",0.000677341983532191,210.638593788792,"Movie","drop"
85,"brando",0.000666434705214443,32.2648793469251,"Movie","drop"
85,"goldwyn",0.000666434705214443,54.3000192126392,"Movie","drop"
85,"herrmann",0.000655527426896694,36.0623744123097,"Movie","drop"
85,"subtitles",0.000644620148578945,54.1629933766709,"Movie","keep"
85,"academy-award",0.000633712870261197,66.021780437075,"Movie","keep"
85,"sci-fi",0.000633712870261197,35.8593209541301,"Movie","keep"
85,"english-subtitles",0.000590083756990202,171.180909231494,"Movie","drop"
85,"chaplin",0.000568269200354705,32.8778842565543,"Movie","drop"
85,"cannes",0.000557361922036956,35.8087432336323,"Movie","keep"
85,"filmmaking",0.000557361922036956,161.688437370228,"Movie","keep"
85,"dargis",0.000546454643719208,163.626732698703,"Movie","drop"
85,"gangster",0.000546454643719208,32.2460781100215,"Movie","drop"
85,"keaton",0.000546454643719208,129.075456481315,"Movie","keep"
85,"hepburn",0.000513732808765961,52.1392205131836,"Movie","drop"
85,"eastwood",0.000502825530448213,40.7650123835354,"Movie","drop"
85,"niro",0.000502825530448213,106.947343718281,"Movie","keep"
85,"costner",0.000491918252130464,131.004158584178,"Movie","keep"
87,"tower",0.00876165933061445,82.9088751464699,"Architecture","keep"
87,"architecture",0.00457755393870523,97.1118664004102,"Architecture","keep"
87,"floors",0.00394756079730981,101.919881428945,"Architecture","keep"
87,"towers",0.00357907424290871,66.1765201270232,"Architecture","keep"
87,"architects",0.00288964778628731,48.5020688112123,"Architecture","keep"
87,"architectural",0.00237852127534385,86.6263868214891,"Architecture","keep"
87,"elevator",0.00231908796011787,41.7555973827778,"Architecture","keep"
87,"exterior",0.0014870215469541,31.917633299973,"Architecture","keep"
87,"roofs",0.000773821764242303,38.0609017331579,"Architecture","drop"
87,"stairwell",0.00060740848160955,40.0343936870691,"Architecture","keep"
87,"masonry",0.000429108535931599,101.357689594199,"Architecture","drop"
88,"iraq",0.0192488973307557,962.610496748145,"Middle_East","keep"
88,"afghanistan",0.0101606283405498,371.624944754861,"Middle_East","keep"
88,"troops",0.00889184208028316,117.641287688216,"Middle_East","drop"
88,"iraqi",0.00831853865897751,1840.64374521428,"Middle_East","keep"
88,"syria",0.00698396348151191,384.588587781129,"Middle_East","keep"
88,"taliban",0.00538623263525026,1434.42303932333,"Middle_East","keep"
88,"al-qaeda",0.00485052288091548,999.867877080821,"Middle_East","keep"
88,"afghan",0.00481292921394462,1004.42290771553,"Middle_East","keep"
88,"islamic-state",0.00470954662977475,998.052233959947,"Middle_East","keep"
88,"pakistan",0.00470954662977475,173.186953110611,"Middle_East","keep"
88,"syrian",0.00422082895915354,224.798432148812,"Middle_East","keep"
88,"fighters",0.00367572078807604,107.700029642349,"Middle_East","drop"
88,"baghdad",0.00326219045139656,946.348244535111,"Middle_East","keep"
88,"rebels",0.00257610602917833,32.4648800199271,"Middle_East","drop"
88,"libya",0.00251971552872203,143.534985651527,"Middle_East","keep"
88,"civilians",0.00233174719386772,54.4597997953482,"Middle_East","drop"
88,"militants",0.00221896619295513,524.131467385723,"Middle_East","drop"
88,"islamic",0.00218137252598427,142.670633177908,"Middle_East","keep"
88,"kabul",0.00215317727575613,462.18737481402,"Middle_East","keep"
88,"province",0.0021343804422707,46.4097366811247,"Middle_East","drop"
88,"iraqis",0.00211558360878526,562.539011857434,"Middle_East","keep"
88,"hussein",0.00170205327210578,93.4949501800303,"Middle_East","drop"
88,"pakistani",0.00167385802187763,115.881880399254,"Middle_East","keep"
88,"assad",0.00163626435490677,435.75824663443,"Middle_East","drop"
88,"yemen",0.00162686593816406,96.6572769350923,"Middle_East","keep"
88,"abu",0.00157047543770776,104.475512834344,"Middle_East","drop"
88,"kurdish",0.00156107702096505,452.862124509599,"Middle_East","keep"
88,"sunni",0.00155167860422233,450.135681857525,"Middle_East","keep"
88,"rebel",0.00154228018747962,36.9210476136686,"Middle_East","drop"
88,"saddam-hussein",0.00152348335399419,89.2581014664905,"Middle_East","keep"
88,"bin-laden",0.00149528810376604,353.194902418757,"Middle_East","keep"
88,"insurgents",0.00143889760330975,99.4973389118723,"Middle_East","keep"
88,"isis",0.00142949918656703,304.719177813702,"Middle_East","keep"
88,"libyan",0.00142010076982432,296.354325428776,"Middle_East","keep"
88,"shiite",0.00137310868611074,280.143192511081,"Middle_East","drop"
88,"somalia",0.00122273401822729,75.566093293808,"Middle_East","drop"
88,"security-forces",0.00121333560148457,268.474870079272,"Middle_East","drop"
88,"airstrikes",0.00120393718474186,349.257303730763,"Middle_East","drop"
88,"kurds",0.00119453876799914,318.121040478094,"Middle_East","keep"
88,"bombings",0.00117574193451371,68.3603037673237,"Middle_East","drop"
88,"sudan",0.00115694510102828,56.7566197695846,"Middle_East","drop"
88,"militia",0.00096897676617397,33.0764381349512,"Middle_East","drop"
88,"militant",0.000903187848974961,51.2788146462989,"Middle_East","drop"
88,"militias",0.000903187848974961,72.2113628503114,"Middle_East","drop"
88,"insurgency",0.000884391015489531,53.5610006995157,"Middle_East","keep"
88,"saddam",0.000874992598746815,206.677846732786,"Middle_East","keep"
88,"musharraf",0.000837398931775953,260.412816151887,"Middle_East","drop"
88,"afghans",0.000828000515033237,195.578069786879,"Middle_East","drop"
88,"islamist",0.000818602098290522,181.132154793993,"Middle_East","drop"
88,"osama-bin-laden",0.000799805264805091,32.1518424192336,"Middle_East","keep"
94,"vaccine",0.0155282623246856,1006.52844929596,"Vaccine","keep"
94,"virus",0.0132709819430617,1077.8471635894,"Vaccine","keep"
94,"aids",0.0105048348858116,57.7570412984252,"Vaccine","keep"
94,"vaccines",0.00785611859985987,486.617309325101,"Vaccine","keep"
94,"flu",0.00629037498254848,254.750851447841,"Vaccine","keep"
94,"infected",0.00580760403387747,372.4142073449,"Vaccine","keep"
94,"infection",0.0054814074469376,239.666650570851,"Vaccine","keep"
94,"vaccination",0.00450281768611799,996.338846228558,"Vaccine","keep"
94,"cdc",0.00437233905134204,1264.85713963372,"Vaccine","keep"
94,"hiv",0.00405919032787976,287.648344612869,"Vaccine","keep"
94,"infections",0.00405919032787976,201.198830341801,"Vaccine","keep"
94,"outbreak",0.00400699887396938,180.661997174509,"Vaccine","keep"
94,"disease-control",0.00369385015050711,751.612967898945,"Vaccine","keep"
94,"vaccinated",0.00366775442355192,365.754431991948,"Vaccine","keep"
94,"doses",0.00335460570008964,197.066104322098,"Vaccine","drop"
94,"immune",0.00240211166622521,54.4452017281354,"Vaccine","keep"
94,"viruses",0.00233687234883724,517.0799401899,"Vaccine","keep"
94,"epidemic",0.0019323885810318,50.1429266726498,"Vaccine","keep"
94,"outbreaks",0.00190629285407661,142.926619388011,"Vaccine","keep"
94,"antibodies",0.00186714926364382,149.89935338058,"Vaccine","keep"
94,"measles",0.00174971849234547,465.972542909635,"Vaccine","keep"
94,"moderna",0.00174971849234547,507.586251732447,"Vaccine","drop"
94,"vaccinations",0.0016714313114799,146.251631761245,"Vaccine","keep"
94,"anthrax",0.00146266549583838,73.6876444437175,"Vaccine","drop"
94,"infectious-disease",0.00139742617845041,309.208607450242,"Vaccine","keep"
94,"influenza",0.00139742617845041,372.152567827158,"Vaccine","keep"
94,"malaria",0.00131913899758484,77.2346160081658,"Vaccine","drop"
94,"variant",0.00127999540715206,55.1859969020415,"Vaccine","keep"
94,"fauci",0.00120170822628649,348.61069190573,"Vaccine","keep"
94,"infectious-diseases",0.0011756124993313,100.372649353575,"Vaccine","keep"
94,"respiratory",0.0011625646358537,37.1564209559736,"Vaccine","drop"
94,"c.d.c",0.00114951677237611,306.13110388023,"Vaccine","keep"
94,"tb",0.00107122959151054,224.216539422807,"Vaccine","drop"
94,"h.i.v",0.00103208600107775,92.7738830019739,"Vaccine","keep"
94,"variants",0.00103208600107775,69.920118321977,"Vaccine","keep"
94,"contagious",0.000992942410644968,42.4573638370377,"Vaccine","keep"
94,"omicron",0.000979894547167374,211.282245800002,"Vaccine","drop"
94,"hospitalizations",0.000966846683689779,55.3517364962832,"Vaccine","drop"
94,"autism",0.000953798820212184,64.6556388627103,"Vaccine","drop"
94,"immune-system",0.000940750956734589,75.9179218084714,"Vaccine","keep"
94,"unvaccinated",0.000940750956734589,222.210316210884,"Vaccine","keep"
94,"tested-positive",0.0009146552297794,48.6117689571358,"Vaccine","drop"
94,"aids-virus",0.00088855950282421,86.4511087485217,"Vaccine","keep"
94,"tuberculosis",0.000875511639346615,49.8991318856184,"Vaccine","drop"
94,"antibody",0.000823320185436236,194.472551357931,"Vaccine","keep"
94,"hospitalization",0.000823320185436236,33.6985443984472,"Vaccine","drop"
94,"public-health",0.000810272321958641,43.9433997256766,"Vaccine","keep"
94,"ebola",0.000784176595003451,166.036567025494,"Vaccine","drop"
94,"smallpox",0.000784176595003451,164.047621376407,"Vaccine","keep"
94,"covid-19-vaccine",0.000758080868048261,167.74061711353,"Vaccine","drop"
95,"school",0.0992525518318607,31.2464891762008,"Education","keep"
95,"students",0.0543363504379608,1729.77744574665,"Education","keep"
95,"schools",0.0456105521511878,137.185515597309,"Education","keep"
95,"teachers",0.0241611784902265,431.173284178862,"Education","keep"
95,"teacher",0.0136159584330199,36.5951552608786,"Education","keep"
95,"public-schools",0.00710564651976795,77.9644178599934,"Education","keep"
95,"math",0.0054099949377993,59.634276058423,"Education","keep"
95,"classroom",0.00487778312740037,205.899356336957,"Education","keep"
95,"superintendent",0.0046673738070101,60.9588912673938,"Education","drop"
95,"elementary",0.00349155701659387,119.138579926516,"Education","keep"
95,"middle-school",0.00347917999774738,37.5481161598749,"Education","keep"
95,"grades",0.00310786943235278,64.1983527904667,"Education","keep"
95,"classrooms",0.00298409924388792,180.719679428865,"Education","keep"
95,"educators",0.00294696818734846,128.100024153058,"Education","keep"
95,"kindergarten",0.00241475637694954,114.389375854144,"Education","keep"
95,"school-districts",0.00240237935810305,157.544513514006,"Education","keep"
95,"instruction",0.00236524830156359,40.9964634467478,"Education","keep"
95,"administrators",0.0023528712827171,66.0049746479775,"Education","drop"
95,"charter-schools",0.00227860916963818,682.291527413173,"Education","keep"
95,"curriculum",0.0022662321507917,148.244959620263,"Education","keep"
95,"principals",0.00210533090578737,35.7759451239494,"Education","keep"
95,"test-scores",0.00172164332154629,368.439823979256,"Education","keep"
95,"charter-school",0.00154836505769547,237.356443043522,"Education","keep"
95,"elementary-schools",0.00149885698230953,147.767313587637,"Education","keep"
95,"mathematics",0.00135033275615169,36.9346766995858,"Education","keep"
95,"classmates",0.00110279237922196,31.8401251558347,"Education","keep"
95,"graders",0.0010656613226825,226.659866854753,"Education","drop"
95,"p.s",0.00100377622845006,66.3423651721375,"Education","drop"
95,"after-school",0.00094189113421763,54.4056451143062,"Education","keep"
95,"class-sizes",0.000929514115371144,289.058630542286,"Education","keep"
95,"physical-education",0.000917137096524657,54.447739030695,"Education","keep"
95,"pupils",0.000917137096524657,48.147925008569,"Education","keep"
95,"preschool",0.000805743926906277,30.8077662948074,"Education","keep"
95,"vouchers",0.000756235851520331,33.3909231801248,"Education","drop"
95,"junior-high",0.000743858832673845,41.9373347299683,"Education","keep"
95,"tutoring",0.000644842681901952,33.9792252740304,"Education","keep"
95,"grader",0.000620088644208979,31.6095024840336,"Education","drop"
95,"superintendents",0.000558203549976545,50.3730706327919,"Education","keep"
95,"devos",0.000508695474590599,41.9764145251571,"Education","drop"
95,"pta",0.000496318455744113,37.5212779503421,"Education","keep"
97,"developers",0.00777165986123598,152.557089512001,"Urban_development","keep"
97,"developer",0.00693129373789096,64.5903058211491,"Urban_development","keep"
97,"square-feet",0.00590673777929223,341.512106272729,"Urban_development","keep"
97,"zoning",0.00466345639132972,1031.88338597391,"Urban_development","keep"
97,"renovation",0.00177397835078724,34.428455236942,"Urban_development","keep"
97,"realty",0.00163583597434696,33.3443634960269,"Urban_development","drop"
97,"square-foot",0.0015207173273134,76.3037213829193,"Urban_development","keep"
97,"redevelopment",0.00150920546261004,78.4267293737711,"Urban_development","keep"
97,"office-buildings",0.00145164613909326,53.1654115786318,"Urban_development","drop"
97,"mixed-use",0.0009105884980355,242.501430847363,"Urban_development","keep"
97,"trammell",0.00068035120396837,36.6958676973349,"Urban_development","drop"
97,"high-rise",0.0006458156098583,34.8186009833171,"Urban_development","keep"
97,"rezoning",0.0006458156098583,187.348494144826,"Urban_development","keep"
97,"acres-zoned",0.000576744421638161,179.354944626164,"Urban_development","drop"
97,"land-use",0.000576744421638161,121.837409738326,"Urban_development","keep"
97,"lofts",0.000530696962824736,52.910105629598,"Urban_development","keep"
97,"multifamily",0.000496161368714666,117.19592081671,"Urban_development","keep"
97,"shopping-centers",0.000404066451087814,30.5906803337804,"Urban_development","keep"
97,"secaucus",0.000311971533460961,39.4407304884126,"Urban_development","drop"
97,"walkable",0.000288947804054249,63.9355047838688,"Urban_development","drop"
101,"scored",0.0108239415476302,216.719879576459,"NHL","keep"
101,"capitals",0.00846239745380452,417.231298574566,"NHL","keep"
101,"rangers",0.00790464583365474,334.035642331147,"NHL","keep"
101,"islanders",0.00535322884786316,268.55376267521,"NHL","keep"
101,"hockey",0.00500908423117499,150.884486379241,"NHL","keep"
101,"puck",0.0046768066702347,375.691109446559,"NHL","keep"
101,"devils",0.00395291626961476,399.47528795692,"NHL","keep"
101,"nhl",0.00382237865638822,845.778045177268,"NHL","keep"
101,"playoff",0.0036799739874138,50.4246635114786,"NHL","drop"
101,"goalie",0.00362063870867446,1084.13989887744,"NHL","keep"
101,"saves",0.00337143053796924,43.567944282659,"NHL","keep"
101,"defenseman",0.00292048241955026,874.48977093982,"NHL","keep"
101,"third-period",0.00287301419655879,678.621040484152,"NHL","keep"
101,"flyers",0.0022084590746782,121.269074356583,"NHL","keep"
101,"penguins",0.00217285790743459,148.84085975572,"NHL","keep"
101,"goaltender",0.00195925090397297,568.37075615401,"NHL","keep"
101,"n.h.l",0.00175751095625922,509.846813969769,"NHL","keep"
101,"stanley-cup",0.00166257451027628,367.878001022463,"NHL","keep"
101,"bruins",0.00165070745452841,335.834316569602,"NHL","keep"
101,"power-play",0.00165070745452841,513.334040162912,"NHL","keep"
101,"canadiens",0.00161510628728481,483.616651056113,"NHL","keep"
101,"red-wings",0.0015795051200412,349.497230093432,"NHL","keep"
101,"tampa-bay",0.00149643572980613,178.078713619871,"NHL","drop"
101,"ovechkin",0.00140149928382319,435.835730720632,"NHL","drop"
101,"blackhawks",0.00127096167059664,368.700835760717,"NHL","keep"
101,"edmonton",0.00125909461484877,60.9642350738065,"NHL","drop"
101,"washington-capitals",0.00123536050335304,86.9293189438799,"NHL","keep"
101,"shutout",0.00119975933610943,265.470848703576,"NHL","keep"
101,"oilers",0.00114042405737009,303.709596905342,"NHL","keep"
101,"2-0",0.00112855700162223,79.4050986675198,"NHL","drop"
101,"sabres",0.00110482289012649,330.820795101574,"NHL","keep"
101,"lundqvist",0.00103362055563928,321.433464401076,"NHL","drop"
101,"maple-leafs",0.00102175349989142,305.947051108974,"NHL","keep"
101,"3-2",0.000974285276899946,41.3195030190491,"NHL","drop"
101,"messier",0.000938684109656342,85.4544929194999,"NHL","keep"
101,"gretzky",0.000879348830917003,207.706811647566,"NHL","keep"
101,"holtby",0.000879348830917003,273.458320460617,"NHL","drop"
101,"national-hockey-league",0.000855614719421268,248.210366557869,"NHL","keep"
101,"anaheim",0.000843747663673399,37.8813268715829,"NHL","drop"
101,"backstrom",0.000843747663673399,224.700856815503,"NHL","drop"
101,"kolzig",0.000831880607925532,258.696737709706,"NHL","drop"
101,"esposito",0.000820013552177664,49.9667687825902,"NHL","drop"
101,"canucks",0.000808146496429796,251.315946334251,"NHL","keep"
101,"period-scoring",0.000808146496429796,251.315946334251,"NHL","drop"
101,"winger",0.000808146496429796,190.888446331973,"NHL","drop"
101,"shootout",0.000772545329186193,43.9395919632997,"NHL","keep"
101,"goalies",0.000760678273438325,227.772427132233,"NHL","keep"
101,"ng",0.00073694416194259,32.5450904355022,"NHL","drop"
101,"scored-twice",0.000725077106194722,193.097360779567,"NHL","drop"
101,"coyotes",0.000713210050446854,67.8770562323261,"NHL","drop"
104,"oil",0.0849688859989847,441.065423186295,"Energy","keep"
104,"gas",0.0317528219343726,395.674633670254,"Energy","keep"
104,"energy",0.0309542957854931,45.2620594493039,"Energy","keep"
104,"gasoline",0.0117896682123851,105.020740109628,"Energy","keep"
104,"natural-gas",0.010667929098483,450.042261128772,"Energy","keep"
104,"petroleum",0.009280014601621,114.422279987893,"Energy","keep"
104,"gulf",0.0081963005424274,110.343499335951,"Energy","drop"
104,"pipeline",0.00806321285094749,96.0010902050413,"Energy","keep"
104,"drilling",0.00796815021417612,462.549894483641,"Energy","keep"
104,"exxon",0.007473824502965,1535.58405231274,"Energy","keep"
104,"oil-prices",0.00589578473256029,186.082692100109,"Energy","keep"
104,"barrel",0.00574368451372609,115.508386259492,"Energy","keep"
104,"opec",0.00513528363838934,1367.5920932486,"Energy","keep"
104,"shell",0.00500219594690942,34.7346574084311,"Energy","keep"
104,"crude",0.00462194539982394,67.2967089333306,"Energy","keep"
104,"exploration",0.00462194539982394,55.4164012577644,"Energy","keep"
104,"chevron",0.00448885770834403,201.393180868113,"Energy","keep"
104,"texaco",0.00439379507157266,252.697270417482,"Energy","keep"
104,"ethanol",0.00401354452448718,861.900472970326,"Energy","drop"
104,"barrels",0.00389946936036154,167.196989300407,"Energy","keep"
104,"gallon",0.00384243177829872,179.483912724687,"Energy","drop"
104,"bp",0.0037853941962359,224.365519314964,"Energy","keep"
104,"refinery",0.00348119375856752,251.792292346407,"Energy","keep"
104,"mobil",0.00331008101237906,172.076508129385,"Energy","keep"
104,"million-barrels",0.00325304343031624,943.694730747042,"Energy","keep"
104,"refining",0.00325304343031624,103.955055580057,"Energy","keep"
104,"crude-oil",0.00323403090296196,269.507082728466,"Energy","keep"
104,"shale",0.00256859244556238,684.049210654888,"Energy","keep"
104,"cubic-feet",0.00239747969937392,566.297295042088,"Energy","drop"
104,"refineries",0.00235945464466537,628.35312392503,"Energy","keep"
104,"pennzoil",0.00232142958995682,673.437326851045,"Energy","keep"
104,"getty",0.00207426673435126,177.758721634269,"Energy","drop"
104,"refiners",0.00201722915228844,537.214072912536,"Energy","keep"
104,"fuels",0.00194117904287135,59.7382300786096,"Energy","keep"
104,"pipelines",0.00182710387874571,85.4449505323182,"Energy","keep"
104,"fracking",0.00180809135139143,226.065022838151,"Energy","keep"
104,"gasoline-prices",0.00177006629668288,95.7005990869571,"Energy","keep"
104,"arco",0.00173204124197434,383.248910558661,"Energy","keep"
104,"exxon-mobil",0.00167500365991152,113.550128939009,"Energy","keep"
104,"gas-prices",0.00157994102314015,61.5981299007729,"Energy","keep"
104,"amoco",0.00138981574959741,307.524647221055,"Energy","keep"
104,"kinder-morgan",0.00123771553076322,359.05626517611,"Energy","keep"
104,"rigs",0.00123771553076322,79.1269151045862,"Energy","keep"
104,"unocal",0.00108561531192903,256.428037643959,"Energy","keep"
104,"e85",0.00102857772986621,307.990453002972,"Energy","drop"
104,"cartel",0.00100956520251194,37.6561039288935,"Energy","drop"
104,"royal-dutch-shell",0.00093351509309484,191.287338651065,"Energy","keep"
104,"richfield",0.000895490038386293,38.4430424701262,"Energy","drop"
104,"petroleum-exporting-countries",0.000838452456323472,81.897480510267,"Energy","keep"
104,"halliburton",0.000819439928969198,49.7881832595853,"Energy","drop"
104,"tankers",0.000819439928969198,41.9190523129118,"Energy","drop"
106,"college",0.051398852885307,36.4403057996791,"Higher_Education","keep"
106,"student",0.0200042843017227,77.8882927891156,"Higher_Education","keep"
106,"campus",0.016627914069959,78.1183645438464,"Higher_Education","keep"
106,"colleges",0.0112796301314089,457.332455497674,"Higher_Education","keep"
106,"universities",0.00993191932461246,125.149725332779,"Higher_Education","keep"
106,"graduate",0.00725068414056482,113.261920369796,"Higher_Education","keep"
106,"academic",0.00662648124057489,86.4184324044251,"Higher_Education","keep"
106,"tuition",0.00571854974968045,345.085410536636,"Higher_Education","keep"
106,"faculty",0.00500922827241917,76.7370499333154,"Higher_Education","keep"
106,"graduates",0.00454107609742672,228.391115538869,"Higher_Education","keep"
106,"admissions",0.00398780534516292,138.568962369994,"Higher_Education","keep"
106,"higher-education",0.00394524605652725,141.486077334348,"Higher_Education","keep"
106,"professors",0.00364733103607751,159.255173370037,"Higher_Education","keep"
106,"alumni",0.00325011100881119,48.0042139342845,"Higher_Education","keep"
106,"scholarships",0.00295219598836145,128.774981932619,"Higher_Education","keep"
106,"campuses",0.00285289098154487,165.292488345507,"Higher_Education","keep"
106,"graduation",0.00229962022928107,33.9941197664766,"Higher_Education","keep"
106,"rhodes",0.00212938307473837,43.8510725235055,"Higher_Education","drop"
106,"semester",0.00208682378610269,120.76953070802,"Higher_Education","keep"
106,"financial-aid",0.00205845092701224,75.8576973472774,"Higher_Education","keep"
106,"undergraduate",0.00205845092701224,54.4582739915263,"Higher_Education","keep"
106,"graduating",0.00195914592019566,44.9058827806629,"Higher_Education","keep"
106,"deaf",0.00185984091337908,31.3419103222318,"Higher_Education","drop"
106,"recruiters",0.00132075659066051,63.064940405968,"Higher_Education","drop"
106,"faculty-members",0.00127819730202483,83.7132669131553,"Higher_Education","keep"
106,"undergraduates",0.00112214657702735,265.056914299325,"Higher_Education","keep"
106,"liberal-arts",0.0010937737179369,242.019402101063,"Higher_Education","keep"
106,"internships",0.000937722992939414,221.49509526151,"Higher_Education","drop"
106,"ivy-league",0.000937722992939414,32.5496401835373,"Higher_Education","keep"
106,"freshmen",0.000880977274758512,83.1463710793785,"Higher_Education","keep"
106,"internship",0.000880977274758512,42.6602868497178,"Higher_Education","drop"
106,"sign-language",0.000866790845213286,38.740580702866,"Higher_Education","drop"
106,"commencement",0.000795858697487158,44.506444457745,"Higher_Education","keep"
106,"uc",0.000795858697487158,64.5264289900426,"Higher_Education","keep"
106,"cuny",0.000753299408851481,159.740403026946,"Higher_Education","keep"
106,"gallaudet",0.000710740120215804,32.5386997195388,"Higher_Education","drop"
106,"vocational",0.000682367261125353,30.3129576685571,"Higher_Education","drop"
106,"regents",0.000668180831580127,37.3940548962038,"Higher_Education","keep"
106,"provost",0.000568875824763548,47.1105531901777,"Higher_Education","keep"
106,"hazing",0.000427011529311291,35.6138382831157,"Higher_Education","drop"
108,"fashion",0.0172457455090181,63.0059535143063,"Fashion","keep"
108,"wear",0.0103721013118879,46.1591289573126,"Fashion","keep"
108,"designer",0.00889822048989119,37.9497773075644,"Fashion","keep"
108,"dress",0.00816128007889282,53.0869114445419,"Fashion","keep"
108,"shoes",0.00683478733909576,58.5076829453685,"Fashion","keep"
108,"designers",0.00544130001648067,79.5202725391248,"Fashion","keep"
108,"pants",0.00414160510981082,64.1134347560872,"Fashion","keep"
108,"leather",0.00391382352822951,62.0578783898167,"Fashion","keep"
108,"dresses",0.00384682894541147,344.638532265419,"Fashion","keep"
108,"jeans",0.00360564844726655,102.534120216623,"Fashion","keep"
108,"shirt",0.00356545169757574,148.615401288552,"Fashion","keep"
108,"jacket",0.00343146253193967,32.8597076660662,"Fashion","keep"
108,"worn",0.00341806361537606,38.9301113965885,"Fashion","drop"
108,"nike",0.00320368095035835,46.0446786616238,"Fashion","drop"
108,"shirts",0.00308309070128589,78.0174189728632,"Fashion","keep"
108,"fabric",0.00284191020314097,30.946939297416,"Fashion","keep"
108,"boots",0.00282851128657737,37.3821367766216,"Fashion","keep"
108,"jackets",0.0026945221209413,86.1935013078391,"Fashion","keep"
108,"sneakers",0.00241314487310556,84.6164701535309,"Fashion","keep"
108,"silk",0.00230595354059671,44.6527296598926,"Fashion","keep"
108,"coat",0.00206477304245179,37.2476383973072,"Fashion","keep"
108,"coats",0.00198437954307015,47.9379221387099,"Fashion","keep"
108,"runway",0.00187718821056129,71.1585267660843,"Fashion","keep"
108,"skirts",0.00187718821056129,137.972383673061,"Fashion","keep"
108,"skirt",0.00183699146087047,51.7950943775568,"Fashion","keep"
108,"accessories",0.00172980012836162,32.7535730984575,"Fashion","keep"
108,"outfit",0.0016896033786708,35.6693595775195,"Fashion","keep"
108,"fabrics",0.00158241204616195,76.2697184993388,"Fashion","keep"
108,"socks",0.00147522071365309,65.7417515493164,"Fashion","keep"
108,"sweater",0.0012876358817626,61.3037707734335,"Fashion","keep"
108,"prada",0.00127423696519899,94.3960984266166,"Fashion","keep"
108,"wool",0.00123404021550817,55.2384148464009,"Fashion","keep"
108,"wardrobe",0.00120724238238096,44.4877117912766,"Fashion","keep"
108,"chic",0.00116704563269014,34.4781464561594,"Fashion","keep"
108,"gucci",0.00111344996643571,236.0071897287,"Fashion","keep"
108,"sweaters",0.00111344996643571,61.7452120189272,"Fashion","keep"
108,"footwear",0.00110005104987211,59.5698182642441,"Fashion","keep"
108,"ralph-lauren",0.00110005104987211,93.87113419125,"Fashion","keep"
108,"trousers",0.00110005104987211,86.7276826910203,"Fashion","keep"
108,"adidas",0.00107325321674489,68.613259865126,"Fashion","drop"
108,"lace",0.00107325321674489,39.2641934426764,"Fashion","keep"
108,"denim",0.00103305646705407,60.629303067874,"Fashion","keep"
108,"garment",0.00101965755049047,32.7718341932671,"Fashion","keep"
108,"vuitton",0.000992859717363254,52.2264891647602,"Fashion","keep"
108,"chanel",0.00096606188423604,50.8635067678041,"Fashion","keep"
108,"creative-director",0.000952662967672434,44.320690442498,"Fashion","keep"
108,"dior",0.000899067301418007,114.665261561862,"Fashion","keep"
108,"sleeves",0.000872269468290794,36.7970627812612,"Fashion","keep"
108,"sportswear",0.000832072718599974,76.7976024415203,"Fashion","keep"
108,"calvin-klein",0.000805274885472761,169.461675765319,"Fashion","keep"
108,"lvmh",0.000805274885472761,56.2894451664351,"Fashion","drop"
109,"museum",0.0408329833514267,1143.54686516546,"Museum","keep"
109,"art",0.0331918689486619,57.8736392341949,"Museum","keep"
109,"artists",0.0113552620109828,154.901720366369,"Museum","keep"
109,"exhibition",0.010279845909853,82.6581943025573,"Museum","keep"
109,"gallery",0.00793657082633841,343.064447990413,"Museum","keep"
109,"exhibit",0.00628382608144409,158.90761180957,"Museum","keep"
109,"museums",0.00477824353986228,142.220809029966,"Museum","keep"
109,"galleries",0.00314813913393911,152.480036041715,"Museum","keep"
109,"smithsonian",0.00297833659165545,89.467174928753,"Museum","keep"
109,"curator",0.00268401218503043,151.691625886207,"Museum","keep"
109,"artifacts",0.00241232811737657,148.233963328027,"Museum","keep"
109,"exhibitions",0.00235572726994869,149.937773992562,"Museum","keep"
109,"exhibits",0.00234440710046311,64.4068646736635,"Museum","keep"
109,"collections",0.00226516591406407,50.7733146879417,"Museum","keep"
109,"open-daily",0.00193688099898232,457.501463235971,"Museum","drop"
109,"collectors",0.00177839862618423,34.9771719545111,"Museum","keep"
109,"metropolitan-museum",0.00156331540595826,80.2934744972471,"Museum","keep"
109,"sculptures",0.0015406750669871,56.8019570095821,"Museum","keep"
109,"art-museum",0.00147275405007364,77.12852241544,"Museum","keep"
109,"contemporary-art",0.00146143388058806,200.785044837133,"Museum","keep"
109,"national-gallery",0.00145011371110248,303.725199000313,"Museum","keep"
109,"artwork",0.00140483303316017,74.7899116035236,"Museum","keep"
109,"modern-art",0.00130295150778998,116.851302247715,"Museum","keep"
109,"ceramics",0.00117842964344862,71.5243140117895,"Museum","keep"
109,"fine-arts",0.00116710947396304,37.2297800923054,"Museum","keep"
109,"natural-history",0.00101994727065054,49.0899040260537,"Museum","drop"
109,"basel",0.000974666592708226,74.2453627487777,"Museum","drop"
109,"curators",0.000918065745280338,216.85195013698,"Museum","keep"
109,"national-endowment",0.000838824558881295,46.8630035681467,"Museum","keep"
109,"moma",0.000827504389395718,183.101965491834,"Museum","keep"
109,"hirshhorn",0.000793543880938986,237.613485370644,"Museum","keep"
109,"smithsonian-institution",0.000793543880938986,41.6386874624477,"Museum","keep"
109,"sculpture-garden",0.0006350615081409,169.125049056185,"Museum","keep"
109,"monday-saturday",0.000623741338655323,186.768944991762,"Museum","drop"
109,"sackler",0.000601100999684167,60.5362505237723,"Museum","drop"
109,"art-gallery",0.00058978083019859,38.5918381460805,"Museum","keep"
109,"artworks",0.00058978083019859,41.4491461580821,"Museum","keep"
109,"nea",0.000578460660713012,33.9388701237325,"Museum","keep"
109,"permanent-collection",0.00054450015225628,115.659290815943,"Museum","keep"
109,"watercolors",0.000533179982770702,114.499310154556,"Museum","keep"
109,"o'keeffe",0.000476579135342814,105.45270516014,"Museum","drop"
109,"mixed-media",0.000329416932030307,68.627072271365,"Museum","keep"
112,"coaches",0.00765319097712407,143.492626962655,"CollegeSports","keep"
112,"ncaa",0.00564127546401214,210.501333452819,"CollegeSports","keep"
112,"freshman",0.00445447136919893,50.3357641683957,"CollegeSports","keep"
112,"coaching",0.00407017290040227,157.082549164865,"CollegeSports","keep"
112,"notre-dame",0.00347111940492512,63.1115902408611,"CollegeSports","keep"
112,"acc",0.00318854700139817,664.266539539821,"CollegeSports","keep"
112,"n.c.a.a",0.0029624890785766,269.002223404347,"CollegeSports","keep"
112,"virginia-tech",0.00241995006380485,78.5655536774885,"CollegeSports","keep"
112,"big-ten",0.00239734427152269,695.459868669089,"CollegeSports","keep"
112,"ohio-state",0.00239734427152269,38.128620802629,"CollegeSports","keep"
112,"college-football",0.00222780082940652,79.6274008882019,"CollegeSports","keep"
112,"ncaa-tournament",0.0021825892448422,653.539961754571,"CollegeSports","keep"
112,"head-coach",0.00215998345256005,151.559483676338,"CollegeSports","keep"
112,"athletic-director",0.00205825738729035,597.092136184069,"CollegeSports","keep"
112,"terrapins",0.00205825738729035,455.430784332345,"CollegeSports","drop"
112,"clemson",0.0019791371143028,146.722450480162,"CollegeSports","keep"
112,"coached",0.00180959367218662,39.216179339458,"CollegeSports","keep"
112,"penn-state",0.00168526181463476,112.786517039022,"CollegeSports","keep"
112,"college-basketball",0.00161744443778829,357.892066106307,"CollegeSports","keep"
112,"terps",0.00153832416480075,446.261613040372,"CollegeSports","drop"
112,"rutgers",0.00141399230724889,43.0721976746905,"CollegeSports","keep"
112,"turgeon",0.00140268941110781,406.914520046364,"CollegeSports","drop"
112,"athletics",0.00122184307285056,50.8066169645079,"CollegeSports","keep"
112,"huskies",0.00121054017670948,256.272718308675,"CollegeSports","drop"
112,"football-coach",0.00117663148828624,62.7404017153956,"CollegeSports","keep"
112,"wildcats",0.00112011700758085,85.7885919213526,"CollegeSports","drop"
112,"basketball-team",0.0010975112152987,55.3603503174962,"CollegeSports","drop"
112,"championship-game",0.00104099673459331,94.0881305072309,"CollegeSports","keep"
112,"assistant-coach",0.000995785150028992,51.5129053998268,"CollegeSports","keep"
112,"u.c.l.a",0.000984482253887914,68.9148783168722,"CollegeSports","keep"
112,"wake-forest",0.000973179357746836,54.7018718697644,"CollegeSports","keep"
112,"basketball-coach",0.000961876461605757,51.3675014203661,"CollegeSports","keep"
112,"villanova",0.000939270669323601,57.1570658706542,"CollegeSports","keep"
112,"hokies",0.000916664877041444,274.480015009299,"CollegeSports","keep"
112,"calipari",0.000848847500194975,263.973071401536,"CollegeSports","drop"
112,"men-basketball",0.000848847500194975,41.6366227304515,"CollegeSports","keep"
112,"lsu",0.000837544604053897,61.268532077195,"CollegeSports","drop"
112,"driesell",0.000803635915630662,233.131525989496,"CollegeSports","drop"
112,"tar-heels",0.000803635915630662,233.131525989496,"CollegeSports","keep"
112,"pitino",0.000792333019489584,229.852601573329,"CollegeSports","drop"
112,"georgia-tech",0.000701909850360958,83.5605519202132,"CollegeSports","keep"
112,"atlantic-coast-conference",0.000679304058078802,180.9074092413,"CollegeSports","keep"
112,"collegiate-athletic-association",0.000679304058078802,197.063357411656,"CollegeSports","keep"
112,"krzyzewski",0.000645395369655567,171.87708931245,"CollegeSports","keep"
112,"friedgen",0.000634092473514489,168.8669826695,"CollegeSports","drop"
112,"jayhawks",0.000588880888950176,170.831962082317,"CollegeSports","keep"
112,"coach-mike",0.000577577992809098,118.434426472902,"CollegeSports","keep"
112,"longhorns",0.000566275096668019,58.7445272644036,"CollegeSports","keep"
112,"blue-devils",0.000532366408244785,117.796759703753,"CollegeSports","drop"
112,"student-athletes",0.000487154823680472,129.735596311149,"CollegeSports","keep"
113,"ford",0.0337872634883584,111.095228546607,"Automotive","keep"
113,"gm",0.0221480287441266,2768.77169673028,"Automotive","keep"
113,"chrysler",0.0182895427056278,819.741185546554,"Automotive","keep"
113,"vehicles",0.0155630918271845,55.8413415844897,"Automotive","keep"
113,"auto",0.0094883679401265,45.3046521421625,"Automotive","keep"
113,"toyota",0.00703296773380911,409.405263277595,"Automotive","keep"
113,"general-motors",0.00577337931628265,171.97889067317,"Automotive","keep"
113,"auto-makers",0.00569365853036325,321.881141927813,"Automotive","keep"
113,"auto-maker",0.00507183640019197,1122.24566471041,"Automotive","keep"
113,"honda",0.00438623764128516,219.622919325344,"Automotive","keep"
113,"g.m",0.00422679606944637,935.26352000858,"Automotive","keep"
113,"volkswagen",0.00406735449760758,366.804934151697,"Automotive","keep"
113,"automotive",0.00398763371168818,112.315719121675,"Automotive","keep"
113,"nissan",0.00334986742433302,127.630133745313,"Automotive","keep"
113,"auto-industry",0.00309476090939095,224.041719284047,"Automotive","keep"
113,"ford-motor-co",0.002823710237265,100.140686821199,"Automotive","keep"
113,"general-motors-corp",0.00268021282261009,141.217642067304,"Automotive","keep"
113,"vw",0.00255265956513906,531.86774675205,"Automotive","keep"
113,"motors",0.00239321799330026,89.1889819197023,"Automotive","keep"
113,"automakers",0.00220188810709372,466.469088734284,"Automotive","keep"
113,"chevrolet",0.0021381114783582,125.755539011653,"Automotive","keep"
113,"daimlerchrysler",0.00204244653525492,592.505472011252,"Automotive","drop"
113,"sport-utility",0.00201055822088717,419.954023255011,"Automotive","keep"
113,"car-makers",0.00181922833468061,385.423635773205,"Automotive","keep"
113,"mitsubishi",0.00181922833468061,96.1454403451684,"Automotive","keep"
113,"iacocca",0.0017554517059451,159.384571664932,"Automotive","keep"
113,"audi",0.00172356339157734,90.0145702667988,"Automotive","keep"
113,"electric-vehicles",0.00165978676284182,392.050349535574,"Automotive","keep"
113,"ev",0.00165978676284182,293.192795827442,"Automotive","drop"
113,"hyundai",0.00165978676284182,124.940841440334,"Automotive","keep"
113,"volvo",0.00165978676284182,81.1569169631913,"Automotive","keep"
113,"automaker",0.00162789844847406,433.530298132287,"Automotive","keep"
113,"dealership",0.00162789844847406,72.2128875758043,"Automotive","keep"
113,"diesel",0.00156412181973855,68.9627178083838,"Automotive","keep"
113,"fiat",0.00156412181973855,41.2093082765458,"Automotive","keep"
113,"ford-motor",0.00156412181973855,89.9211453680427,"Automotive","keep"
113,"saturn",0.00153223350537079,94.9823334607527,"Automotive","keep"
113,"daimler",0.00142062440508363,378.330554001829,"Automotive","drop"
113,"pickups",0.001372791933532,44.00066252397,"Automotive","keep"
113,"kerkorian",0.0012930711476126,286.117961043742,"Automotive","drop"
113,"mazda",0.00121335036169321,268.478136071871,"Automotive","keep"
113,"mulally",0.00118146204732545,342.737357346087,"Automotive","keep"
113,"dealerships",0.00116551789014157,60.8711791961313,"Automotive","keep"
113,"toyota-motor",0.00116551789014157,257.894241088748,"Automotive","keep"
113,"rebates",0.00110174126140605,31.7800356887274,"Automotive","drop"
113,"renault",0.00108579710422217,55.4348567670356,"Automotive","drop"
113,"pontiac",0.00102202047548666,62.8787724219872,"Automotive","keep"
113,"minivans",0.00100607631830278,222.614591145007,"Automotive","keep"
113,"evs",0.000990132161118897,211.36194905018,"Automotive","keep"
113,"jeep",0.000990132161118897,44.8488213129998,"Automotive","keep"
113,"trk",0.000990132161118897,307.909521561836,"Automotive","drop"
113,"wagoner",0.000990132161118897,219.086626150633,"Automotive","drop"
118,"network",0.0327470923739036,31.2568972021342,"Television","keep"
118,"cbs",0.0223062782220501,1056.15031514497,"Television","keep"
118,"nbc",0.0180869317739953,731.43640575524,"Television","keep"
118,"abc",0.0145956294189381,1102.71894459189,"Television","keep"
118,"viewers",0.00923457746140953,319.02632108983,"Television","keep"
118,"broadcast",0.00834106880182144,41.290157971932,"Television","keep"
118,"cnn",0.00564399636639812,101.569528071892,"Television","keep"
118,"anchor",0.00484976644676426,47.7229160210653,"Television","keep"
118,"nielsen",0.00322821369417846,99.6028919310207,"Television","keep"
118,"fox-news",0.00251671605783979,53.1919594873465,"Television","drop"
118,"prime-time",0.00220233338131806,138.522101806251,"Television","keep"
118,"cnbc",0.00167284676822882,32.6525610308037,"Television","drop"
118,"msnbc",0.00157356802827459,85.1075666836998,"Television","keep"
118,"mtv",0.00152392865829747,81.8124238345739,"Television","keep"
118,"cbs-news",0.00150738220163843,57.7330702906586,"Television","keep"
118,"nbc-news",0.0014081034616842,65.7388809273272,"Television","keep"
118,"cronkite",0.00127573180841189,268.230090822919,"Television","drop"
118,"wb",0.00122609243843477,94.8591423758754,"Television","keep"
118,"telecast",0.00106062787184438,61.582528530721,"Television","keep"
118,"viewer",0.000944802675231113,42.3074364143309,"Television","keep"
118,"couric",0.000928256218572074,198.213998861628,"Television","keep"
118,"anchors",0.000911709761913036,34.2866163290167,"Television","keep"
118,"brokaw",0.00084552393527688,182.30961325315,"Television","keep"
118,"viewership",0.000828977478617841,52.9599775249105,"Television","keep"
118,"moonves",0.000812431021958803,235.682950732516,"Television","drop"
118,"farrow",0.000729698738663609,41.7917664532486,"Television","drop"
118,"on-air",0.000663512912027454,146.815557570825,"Television","keep"
118,"koppel",0.000613873542050338,35.0147640992778,"Television","keep"
118,"miniseries",0.000531141258755144,31.7657296970243,"Television","keep"
118,"falco",0.000514594802096105,33.1195805066769,"Television","drop"
118,"csi",0.000365676692164756,31.2200691633238,"Television","drop"
122,"union",0.0766232409502166,303.984950274721,"Labor","keep"
122,"labor",0.0216831732341855,34.6152512923452,"Labor","keep"
122,"strike",0.0199020737820448,43.9227160453022,"Labor","keep"
122,"unions",0.0174873139478926,361.624296010413,"Labor","keep"
122,"bargaining",0.00397493445040237,119.509521196757,"Labor","keep"
122,"pension",0.00368379319380246,99.8489352413217,"Labor","keep"
122,"teamsters",0.00337552598093196,797.316962827775,"Labor","keep"
122,"uaw",0.00318714046195555,954.336076078054,"Labor","keep"
122,"concessions",0.00289599920535563,39.4093939587163,"Labor","keep"
122,"afl-cio",0.00265623581756746,587.745521641977,"Labor","keep"
122,"ups",0.00222808691080288,37.3157481487085,"Labor","drop"
122,"labor-relations",0.00207395330436763,110.508053936576,"Labor","keep"
122,"unionized",0.00198832352301472,259.903816745544,"Labor","keep"
122,"picket",0.00176568609149713,91.6788343665586,"Labor","keep"
122,"carbide",0.0014916707911678,114.642527305102,"Labor","drop"
122,"nonunion",0.00145741887862663,312.318967396077,"Labor","keep"
122,"collective-bargaining",0.00140604100981489,125.735182880218,"Labor","keep"
122,"nlrb",0.00133753718473255,400.503210863492,"Labor","keep"
122,"organized-labor",0.00123478144710905,116.89744171317,"Labor","keep"
122,"walkout",0.00121765549083847,59.7238562135317,"Labor","keep"
122,"auto-workers",0.00114915166575614,254.272885249366,"Labor","keep"
122,"machinists",0.00114915166575614,123.250120235982,"Labor","keep"
122,"ual",0.0010806478406738,221.436429888028,"Labor","drop"
122,"wage-increases",0.00102926997186205,212.917554743454,"Labor","keep"
122,"strikers",0.000858010409156221,84.48903138877,"Labor","keep"
122,"brotherhood",0.000823758496615055,35.8031381546871,"Labor","drop"
122,"presser",0.000738128715262138,112.228078487897,"Labor","drop"
122,"steelworkers",0.000738128715262138,97.1981010003381,"Labor","keep"
122,"cost-of-living",0.000618247021368056,33.9738548564529,"Labor","drop"
128,"stolen",0.0379964625133954,1678.62624986001,"Burglary","keep"
128,"residence",0.0110759669686261,30.7501700135079,"Burglary","keep"
128,"robbed",0.00536555882276599,224.512974209995,"Burglary","keep"
128,"wallet",0.00358569134873166,122.989342705947,"Burglary","drop"
128,"residence-entered",0.00332612734210165,1034.35310837992,"Burglary","keep"
128,"pedestrian",0.00267103723013069,127.861176315041,"Burglary","drop"
128,"thefts-break-ins",0.00249799455904401,747.982824729249,"Burglary","drop"
128,"oct-property",0.0024732741774602,769.134362641481,"Burglary","drop"
128,"reported-missing",0.00244855379587639,523.235806421847,"Burglary","drop"
128,"information-call",0.00211482864449496,38.2562797513353,"Burglary","drop"
128,"front-door",0.0019912267365759,63.6801510361969,"Burglary","drop"
128,"males",0.0019665063549921,94.5109715931453,"Burglary","drop"
128,"unlocked",0.00187998501944876,88.4352344162986,"Burglary","drop"
128,"assaulted",0.00183054425628114,67.1309466477186,"Burglary","drop"
128,"acquaintance",0.00137321719698065,42.1227791996341,"Burglary","drop"
128,"gunpoint",0.00137321719698065,96.4516048047179,"Burglary","drop"
128,"male-pedestrian",0.00112601338114255,350.165619373508,"Burglary","drop"
128,"burglary",0.00106421242718303,55.5803269136773,"Burglary","keep"
128,"area-thefts-break-ins",0.00105185223639112,327.103119744078,"Burglary","drop"
128,"among-incidents-reported",0.00092825032847207,277.949085290285,"Burglary","drop"
128,"unlocked-vehicle",0.000866449374512545,269.446870670504,"Burglary","drop"
128,"second-degree-assault",0.00082936880213683,240.596532197674,"Burglary","drop"
128,"laptop-computer",0.000792288229761114,79.7219182646997,"Burglary","drop"
128,"prying",0.0007552076573854,48.9387234951138,"Burglary","drop"
128,"richmond-hwy",0.000742847466593494,175.464472575354,"Burglary","drop"
128,"robber",0.000742847466593494,35.8981839652735,"Burglary","drop"
128,"break-in",0.000668686321842064,38.706024566445,"Burglary","keep"
128,"rear-door",0.000656326131050159,155.027678764581,"Burglary","drop"
128,"robbers",0.000656326131050159,38.5727441026524,"Burglary","keep"
128,"rear-window",0.000606885367882538,47.2408030182521,"Burglary","drop"
131,"disney",0.0177070616001117,760.290373682988,"Movie","keep"
131,"entertainment",0.0158929993523798,33.0876944217824,"Movie","keep"
131,"hollywood",0.0100698595371602,41.7577065422212,"Movie","keep"
131,"studios",0.00909026592338489,191.719759748598,"Movie","keep"
131,"sony",0.00850976600411067,368.929576296386,"Movie","keep"
131,"viacom",0.00533515707057972,1003.30474120046,"Movie","drop"
131,"paramount",0.00489978213112405,50.6302746799688,"Movie","keep"
131,"streaming",0.00444626656919105,86.9668701542783,"Movie","keep"
131,"netflix",0.00442812594671373,219.547770296314,"Movie","drop"
131,"box-office",0.00361179793523435,148.131951547249,"Movie","keep"
131,"theaters",0.00339411046550651,74.2128002696126,"Movie","drop"
131,"blockbuster",0.00332154797559723,82.8508160124075,"Movie","keep"
131,"weinstein",0.00323084486321064,49.5619966150022,"Movie","drop"
131,"redstone",0.00317642299577868,921.467452848814,"Movie","drop"
131,"marvel",0.00272290743384568,67.9410493878825,"Movie","keep"
131,"warner-bros",0.00223311062695805,122.82771808508,"Movie","keep"
131,"walt-disney",0.00219682938200341,80.616185625073,"Movie","keep"
131,"dvd",0.0019972825347529,81.762934785148,"Movie","keep"
131,"animation",0.00192472004484362,37.833484943225,"Movie","keep"
131,"iger",0.0019065794223663,553.09097255517,"Movie","drop"
131,"lego",0.00176145444254774,102.432589362461,"Movie","drop"
131,"vivendi",0.00176145444254774,372.832242002339,"Movie","drop"
131,"diller",0.00159818884025186,107.416545909535,"Movie","drop"
131,"dreamworks",0.00150748572786527,401.462841643595,"Movie","drop"
131,"valenti",0.00147120448291063,125.964559188186,"Movie","drop"
131,"mca",0.00143492323795599,163.096265982396,"Movie","drop"
131,"walt-disney-co",0.00128979825813743,89.1772307143059,"Movie","keep"
131,"motion-picture",0.00103582954345495,42.3220610648273,"Movie","keep"
131,"star-wars",0.00101768892097763,40.0545248203365,"Movie","keep"
131,"eisner",0.000981407676022995,61.1093099914543,"Movie","drop"
131,"theme-parks",0.000981407676022995,76.8725324729984,"Movie","drop"
131,"qvc",0.000926985808591036,190.837433647438,"Movie","drop"
131,"bluth",0.000908845186113716,242.037164456608,"Movie","drop"
131,"mgm-ua",0.000908845186113716,263.652309467308,"Movie","drop"
131,"comics",0.000890704563636397,35.3407895994281,"Movie","drop"
131,"paramount-pictures",0.000890704563636397,237.206083329729,"Movie","keep"
131,"pixar",0.000818142073727118,217.881758822216,"Movie","keep"
131,"disneyland",0.00072743896134052,33.3445648564548,"Movie","drop"
131,"wasserman",0.00072743896134052,30.7906910728851,"Movie","drop"
131,"emi",0.000618595226476601,45.6519730271738,"Movie","drop"
131,"spider-man",0.000600454603999282,37.29599253823,"Movie","keep"
131,"sony-pictures",0.000564173359044642,120.102549644882,"Movie","drop"
132,"band",0.0172656087146891,68.924641279033,"Music","keep"
132,"album",0.0151212462436255,1113.61180103822,"Music","keep"
132,"songs",0.0147921115387646,225.93494642366,"Music","keep"
132,"song",0.0142335799183945,91.5702668903643,"Music","keep"
132,"jazz",0.0102640159021931,265.920369322717,"Music","keep"
132,"guitar",0.00560626113946435,244.108083656522,"Music","keep"
132,"musicians",0.00460888324594641,201.295179094625,"Music","keep"
132,"blues",0.00378105959432652,49.1010514953002,"Music","keep"
132,"albums",0.00362147913136364,429.141441390518,"Music","keep"
132,"lyrics",0.00360153157349329,180.163474988348,"Music","keep"
132,"sing",0.00332226576330826,60.4661087697361,"Music","keep"
132,"hip-hop",0.0029632097216418,94.1889261695679,"Music","keep"
132,"solo",0.00275376036400304,36.7180541473096,"Music","keep"
132,"bands",0.0026241012378457,34.6754855537886,"Music","keep"
132,"cd",0.00239470432233658,51.3725898795754,"Music","keep"
132,"guitarist",0.00215533362789227,476.910852214221,"Music","keep"
132,"sang",0.00214535984895709,55.6627435749038,"Music","drop"
132,"rap",0.00210546473321637,46.7185586792663,"Music","keep"
132,"tunes",0.00207554339641084,49.710917178347,"Music","drop"
132,"drummer",0.0019957531649294,132.242035804155,"Music","drop"
132,"sings",0.00187606781770725,69.9930888727727,"Music","keep"
132,"drums",0.00171648735474438,66.1901996947503,"Music","keep"
132,"rapper",0.0017065135758092,73.9705873242991,"Music","keep"
132,"songwriter",0.0013674050920131,119.82715686802,"Music","keep"
132,"beatles",0.00135743131307792,61.1311430284344,"Music","keep"
132,"bassist",0.0012676673026613,84.7115761298302,"Music","drop"
132,"saxophonist",0.00124771974479094,361.958447168286,"Music","keep"
132,"ellington",0.00123774596585577,71.5990684397818,"Music","drop"
132,"vocals",0.00119785085011505,347.491682693134,"Music","keep"
132,"bluegrass",0.00118787707117987,50.0980811077767,"Music","keep"
132,"guitars",0.00118787707117987,75.5530910105132,"Music","keep"
132,"ballad",0.00111806061863361,125.319547181448,"Music","keep"
132,"melody",0.00103827038715218,49.4593773107385,"Music","keep"
132,"grammy",0.001028296608217,242.889058825527,"Music","keep"
132,"melodies",0.000898637482059665,190.78175360801,"Music","keep"
132,"pop-music",0.000888663703124486,73.4622028436691,"Music","keep"
132,"cher",0.000848768587383768,41.1006191013799,"Music","drop"
132,"rock-n-roll",0.00080887347164305,38.8260982801564,"Music","keep"
132,"saxophone",0.000788925913772692,46.8402823340292,"Music","keep"
132,"fender",0.000759004576967153,45.9772900177012,"Music","keep"
132,"acoustic",0.000739057019096795,35.5608174175501,"Music","keep"
132,"pareles",0.000729083240161615,226.728996867681,"Music","drop"
132,"singer-songwriter",0.000729083240161615,194.164245789902,"Music","keep"
132,"taylor-swift",0.000699161903356077,46.9317951529431,"Music","drop"
132,"ballads",0.000689188124420897,147.936750756964,"Music","keep"
132,"harmonies",0.000679214345485718,203.379412054229,"Music","keep"
132,"vocalist",0.000679214345485718,142.80879756746,"Music","keep"
132,"reggae",0.000669240566550538,40.382464959813,"Music","keep"
132,"soundtrack",0.000669240566550538,30.1087950020168,"Music","drop"
132,"trumpeter",0.000669240566550538,45.2186746972598,"Music","drop"
133,"boxing",0.0108134254997113,592.33462542139,"Boxing","keep"
133,"leonard",0.0099217804368615,61.6648957686848,"Boxing","drop"
133,"ring",0.0093422111460091,31.7887473967298,"Boxing","drop"
133,"peterson",0.00746975651402446,101.225842602143,"Boxing","drop"
133,"tucker",0.00697935172945705,68.41139243314,"Boxing","drop"
133,"holmes",0.0065112380714609,143.907001120241,"Boxing","drop"
133,"bailey",0.00579792202118103,59.9576798153003,"Boxing","drop"
133,"ali",0.00566417526175355,53.0638998546988,"Boxing","keep"
133,"frazier",0.00463878343947625,194.003449076193,"Boxing","drop"
133,"fights",0.00459420118633375,38.9653942632309,"Boxing","drop"
133,"tyson",0.00457191005976251,165.500506544733,"Boxing","keep"
133,"wrestling",0.00390317626262514,44.8251013035173,"Boxing","keep"
133,"boxer",0.00388088513605389,117.553788171462,"Boxing","keep"
133,"bout",0.00336818922491524,94.2495857221992,"Boxing","keep"
133,"heavyweight",0.00278861993406285,122.361889423407,"Boxing","keep"
133,"pryor",0.00265487317463537,119.047181635187,"Boxing","drop"
133,"holly",0.00227592402292419,30.1073141038939,"Boxing","drop"
133,"stephens",0.00218675951663921,33.1070128817211,"Boxing","drop"
133,"mayweather",0.00185239261807052,576.053730170957,"Boxing","drop"
133,"punches",0.00183010149149928,48.090327811858,"Boxing","keep"
133,"marquez",0.00165177247892931,105.752835078103,"Boxing","drop"
133,"funk",0.00162948135235807,67.8377121932302,"Boxing","drop"
133,"promoter",0.0014511523397881,44.1445936971041,"Boxing","drop"
133,"jab",0.00142886121321685,74.7507691921135,"Boxing","keep"
133,"muhammad-ali",0.00131740558036063,100.804478711183,"Boxing","keep"
133,"trinidad",0.00127282332721813,31.3444828646774,"Boxing","drop"
133,"breland",0.00116136769436191,361.160040215486,"Boxing","drop"
133,"welterweight",0.00113907656779066,330.441501310351,"Boxing","keep"
133,"lyle",0.00109449431464817,41.0794986363565,"Boxing","drop"
133,"marvis",0.00109449431464817,327.728075370166,"Boxing","drop"
133,"theranos",0.00109449431464817,327.728075370166,"Boxing","drop"
133,"bouts",0.00104991206150568,50.1117532519294,"Boxing","keep"
133,"duran",0.00100532980836318,76.3681441184976,"Boxing","drop"
133,"boxers",0.000983038681791939,217.517051386335,"Boxing","keep"
133,"roach",0.000983038681791939,30.1002941646997,"Boxing","drop"
133,"wrestler",0.000983038681791939,42.5608952910577,"Boxing","keep"
133,"knockout",0.000827000795793219,35.1690376991261,"Boxing","keep"
134,"portfolio",0.00622656785088512,30.6557743254903,"Investing","keep"
134,"mutual-funds",0.00461284978026845,285.524943443139,"Investing","keep"
134,"hedge-funds",0.00333837925858823,276.203289812989,"Investing","keep"
134,"mutual-fund",0.00321918417382678,389.03068005389,"Investing","keep"
134,"portfolios",0.0023114677591049,89.2480436045862,"Investing","keep"
134,"hedge-fund",0.00213725955829969,63.2972193917488,"Investing","keep"
134,"pension-funds",0.00189886938877677,72.8623961358517,"Investing","keep"
134,"asset-management",0.0018713628307549,90.0601127314675,"Investing","keep"
134,"etf",0.0017613365986674,510.956617346101,"Investing","keep"
134,"etfs",0.00167881692460177,487.017993941026,"Investing","keep"
134,"morningstar",0.00164214151390594,112.492015195351,"Investing","keep"
134,"blackrock",0.00158712839786219,329.867447011107,"Investing","keep"
134,"emerging-markets",0.00130289396496948,75.3826603286986,"Investing","drop"
134,"money-managers",0.00126621855427365,121.563070256051,"Investing","keep"
134,"pension-fund",0.00126621855427365,33.1574689457708,"Investing","keep"
134,"fund-managers",0.00123871199625177,329.884939406666,"Investing","keep"
134,"exchange-traded",0.00120203658555594,373.807178973058,"Investing","keep"
134,"reits",0.00114702346951219,242.934449371978,"Investing","keep"
134,"bond-funds",0.00101865953207677,271.28213743953,"Investing","keep"
134,"portfolio-manager",0.00101865953207677,85.1518895843496,"Investing","keep"
134,"capital-management",0.000991152974054898,34.9679741082207,"Investing","keep"
134,"valuations",0.000991152974054898,43.0374893920289,"Investing","keep"
134,"individual-investors",0.000853620183945522,109.163194101704,"Investing","keep"
134,"emerging-market",0.000807775920575731,172.002329025088,"Investing","drop"
134,"junk-bonds",0.000798607067901772,45.8614578571343,"Investing","drop"
134,"outflows",0.000688580835814272,82.9681715504491,"Investing","drop"
134,"fixed-income",0.000661074277792397,42.2023593703504,"Investing","drop"
134,"reit",0.000615230014422605,124.952555111151,"Investing","keep"
134,"fidelity-investments",0.000569385751052813,32.5854817377493,"Investing","keep"
134,"redemptions",0.000551048045704897,165.002150343202,"Investing","keep"
134,"bull-market",0.000541879193030938,35.9856711081851,"Investing","drop"
134,"money-management",0.00047769722431323,45.8913232127912,"Investing","keep"
134,"msci",0.000395177550247605,105.240865199314,"Investing","keep"
137,"mexico",0.0184346395602808,35.614230163834,"Latin_America","keep"
137,"mexican",0.00980179659465839,223.331154147581,"Latin_America","keep"
137,"cuba",0.00885700047610314,333.915644018026,"Latin_America","keep"
137,"simpson",0.00707856072352857,83.9614325606411,"Latin_America","drop"
137,"cuban",0.0060967137767947,142.659425542,"Latin_America","keep"
137,"venezuela",0.00555947676820446,303.12806599627,"Latin_America","keep"
137,"garcia",0.00485551103281036,146.828289205396,"Latin_America","keep"
137,"argentina",0.00483698561872104,183.757323510277,"Latin_America","keep"
137,"castro",0.00461468064964922,198.512330549093,"Latin_America","keep"
137,"gonzalez",0.00444795192284536,152.313232914668,"Latin_America","keep"
137,"colombia",0.00442942650875604,226.055394656577,"Latin_America","keep"
137,"costa",0.00426269778195217,123.5766907629,"Latin_America","keep"
137,"hernandez",0.00420712153968421,196.407684830124,"Latin_America","drop"
137,"spain",0.00420712153968421,59.2425842835386,"Latin_America","drop"
137,"puerto-rico",0.00404039281288035,69.4137326973652,"Latin_America","keep"
137,"lopez",0.00366988453109398,48.7859356474437,"Latin_America","drop"
137,"chavez",0.00352168121837943,95.2488550138639,"Latin_America","keep"
137,"latin-america",0.00320674917886102,150.411848287446,"Latin_America","keep"
137,"jose",0.00311412210841443,36.7686632240056,"Latin_America","drop"
137,"latin-american",0.00294739338161056,92.5360376700124,"Latin_America","keep"
137,"nicaragua",0.00253983427164556,88.1296691185358,"Latin_America","keep"
137,"colombian",0.00252130885755624,242.07403638803,"Latin_America","keep"
137,"venezuelan",0.00233605471666305,143.905810408434,"Latin_America","keep"
137,"miguel",0.00229900388848442,65.9630606520096,"Latin_America","drop"
137,"rica",0.00224342764621646,187.781846822459,"Latin_America","drop"
137,"argentine",0.00220637681803783,65.4477191793617,"Latin_America","keep"
137,"gomez",0.00211374974759123,140.521984884376,"Latin_America","drop"
137,"havana",0.00209522433350191,494.902990368738,"Latin_America","keep"
137,"alvarez",0.00205817350532328,65.7302372072583,"Latin_America","drop"
137,"panama",0.00200259726305532,54.7847669153047,"Latin_America","keep"
137,"dominican-republic",0.00192849560669805,78.8337208673435,"Latin_America","keep"
137,"morales",0.00185439395034078,42.6083492147517,"Latin_America","drop"
137,"peru",0.00183586853625146,82.6447924579478,"Latin_America","keep"
137,"el-salvador",0.00179881770807282,52.1006727857799,"Latin_America","keep"
137,"manuel",0.0017802922939835,44.2351760884067,"Latin_America","drop"
137,"sanchez",0.00176176687989418,62.1429104409884,"Latin_America","drop"
137,"puerto-rican",0.00174324146580486,89.6004040374911,"Latin_America","keep"
137,"cubans",0.00170619063762623,403.011188443508,"Latin_America","keep"
137,"ecuador",0.00168766522353691,68.7363395607229,"Latin_America","keep"
137,"ramos",0.00168766522353691,49.8304471786265,"Latin_America","drop"
137,"buenos",0.00161356356717963,136.700066905211,"Latin_America","keep"
137,"guatemala",0.00153946191082236,90.8649729885659,"Latin_America","keep"
137,"noriega",0.00152093649673304,441.217520919574,"Latin_America","drop"
137,"hugo",0.00150241108264372,38.0410712392464,"Latin_America","drop"
137,"aires",0.00146536025446509,112.658747869059,"Latin_America","drop"
137,"jorge",0.00142830942628645,44.6528224813103,"Latin_America","drop"
137,"maduro",0.00140978401219713,408.972635103284,"Latin_America","drop"
137,"santiago",0.00135420776992918,49.418180021656,"Latin_America","keep"
137,"padilla",0.00126158069948259,76.7721370159933,"Latin_America","drop"
137,"pedro",0.00124305528539327,39.3528583108619,"Latin_America","drop"
141,"drug",0.0401351139219918,360.145780449574,"Substance Abuse","keep"
141,"marijuana",0.0103094343333857,513.430489603622,"Substance Abuse","keep"
141,"cocaine",0.00981769833509539,488.689616815203,"Substance Abuse","keep"
141,"alcohol",0.00974204664305073,162.040513215405,"Substance Abuse","keep"
141,"addiction",0.0064701109621193,201.504851020093,"Substance Abuse","keep"
141,"heroin",0.00590272327178438,1270.63373200039,"Substance Abuse","keep"
141,"steroids",0.00293339435903158,181.450650635957,"Substance Abuse","keep"
141,"cannabis",0.00285774266698693,675.013825002845,"Substance Abuse","keep"
141,"opioid",0.00270643928289761,338.884034985736,"Substance Abuse","keep"
141,"drunk",0.00251731005278597,34.4541005792281,"Substance Abuse","drop"
141,"addicts",0.0024983971297748,213.226761566287,"Substance Abuse","keep"
141,"overdose",0.00221470328460734,120.491215993344,"Substance Abuse","keep"
141,"narcotics",0.00212013866955152,106.306023843739,"Substance Abuse","keep"
141,"drug-abuse",0.00208231282352919,95.4336587374375,"Substance Abuse","keep"
141,"pills",0.00187427067040638,53.7952309138593,"Substance Abuse","drop"
141,"illicit",0.00177970605535056,42.531321874096,"Substance Abuse","drop"
141,"fentanyl",0.0017607931323394,415.908584432593,"Substance Abuse","keep"
141,"cbd",0.0017040543633059,453.811597922536,"Substance Abuse","keep"
141,"traffickers",0.00159057682523892,121.328394522995,"Substance Abuse","drop"
141,"steroid",0.00153383805620542,339.392475056811,"Substance Abuse","keep"
141,"addict",0.00147709928717193,75.9429276279296,"Substance Abuse","keep"
141,"alcoholism",0.0014392734411496,48.7858866640089,"Substance Abuse","keep"
141,"substances",0.00142036051813844,61.8455505342369,"Substance Abuse","keep"
141,"opioids",0.00140144759512727,406.554274257308,"Substance Abuse","keep"
141,"substance-abuse",0.00136362174910495,56.8531343935272,"Substance Abuse","keep"
141,"painkillers",0.00125014421103796,262.703839208433,"Substance Abuse","keep"
141,"alcoholics",0.00115557959598214,189.673604979045,"Substance Abuse","keep"
141,"needles",0.00113666667297097,41.702702982045,"Substance Abuse","drop"
141,"rehab",0.00113666667297097,66.53395755481,"Substance Abuse","keep"
141,"trafficking",0.00113666667297097,32.5456702351634,"Substance Abuse","keep"
141,"purdue",0.00109884082694865,31.071766286777,"Substance Abuse","drop"
141,"thc",0.00107992790393748,97.9286546731382,"Substance Abuse","keep"
141,"methadone",0.00098536328888166,232.747983339829,"Substance Abuse","keep"
141,"sobriety",0.00098536328888166,60.6481812990066,"Substance Abuse","keep"
141,"overdoses",0.000928624519848168,205.476825219352,"Substance Abuse","keep"
141,"legalization",0.000909711596837002,49.8253310178788,"Substance Abuse","drop"
141,"clemens",0.00085297282780351,37.4246070342761,"Substance Abuse","drop"
141,"testosterone",0.000777321135758853,39.0646936004633,"Substance Abuse","drop"
141,"performance-enhancing",0.00072058236672536,154.148830141433,"Substance Abuse","drop"
141,"drug-related",0.000682756520703031,143.002826972536,"Substance Abuse","keep"
141,"cartels",0.000569278982636046,48.5655057024102,"Substance Abuse","drop"
141,"canseco",0.000550366059624881,164.797940981452,"Substance Abuse","drop"
147,"stone",0.0101888451108301,33.7026623378484,"Confederate","drop"
147,"jefferson",0.00598382415713132,53.5715073768449,"Confederate","drop"
147,"statue",0.00596795615353245,226.340729209548,"Confederate","drop"
147,"monument",0.00563472807795633,157.085930630109,"Confederate","keep"
147,"stones",0.00214376728620642,36.5562787283146,"Confederate","drop"
147,"confederate",0.00192161523582234,127.079652888886,"Confederate","keep"
147,"slaves",0.00174706719623484,76.4824697935403,"Confederate","keep"
147,"monuments",0.00158838716024621,75.0808330940322,"Confederate","keep"
147,"statues",0.00130276309546667,58.0957969821065,"Confederate","drop"
147,"granite",0.00128689509186781,31.0038720290374,"Confederate","drop"
147,"amusement",0.00120755507387349,32.4039607236706,"Confederate","drop"
147,"lyon",0.00119168707027463,51.464959966601,"Confederate","drop"
147,"memorials",0.00100127102708827,56.7701765498389,"Confederate","drop"
147,"gettysburg",0.000985403023489406,56.1809148352646,"Confederate","keep"
147,"monticello",0.000985403023489406,49.2761552030395,"Confederate","drop"
147,"historic-preservation",0.000937799012692816,43.8563954578233,"Confederate","drop"
147,"preservationists",0.000652174947913278,62.5114613388189,"Confederate","drop"
147,"confederacy",0.000636306944314415,38.7099610051258,"Confederate","keep"
147,"lincoln-memorial",0.000445890901128056,30.3840535027625,"Confederate","drop"
149,"bankruptcy",0.0210937294224196,540.097355081863,"Bankruptcy","keep"
149,"creditors",0.0114494923605891,654.287521425833,"Bankruptcy","drop"
149,"bankruptcy-court",0.00589797774936735,1393.1333168566,"Bankruptcy","keep"
149,"default",0.00524962567798378,46.3399437258319,"Bankruptcy","drop"
149,"debts",0.00454049059990802,111.400194188671,"Bankruptcy","drop"
149,"bondholders",0.00389213852852445,392.093597834946,"Bankruptcy","drop"
149,"owed",0.00385161652406298,47.5876684008936,"Bankruptcy","drop"
149,"liabilities",0.00354770149060193,119.295512744303,"Bankruptcy","drop"
149,"reorganization",0.00279804440806469,65.4179693465744,"Bankruptcy","keep"
149,"bankruptcy-protection",0.00247386837237291,124.318979170164,"Bankruptcy","keep"
149,"creditor",0.0024130853656807,163.571556520602,"Bankruptcy","drop"
149,"restructure",0.00227125835006554,51.2973439404551,"Bankruptcy","drop"
149,"unsecured",0.00208890932998892,89.3673938334369,"Bankruptcy","drop"
149,"liquidation",0.00180525529875861,84.4459727042193,"Bankruptcy","drop"
149,"repay",0.00170395028760493,33.9254905093011,"Bankruptcy","drop"
149,"bankruptcy-code",0.00168368928537419,523.590670696438,"Bankruptcy","keep"
149,"robins",0.00158238427422051,68.6161669191318,"Bankruptcy","drop"
149,"reorganization-plan",0.0015216012675283,336.68483980218,"Bankruptcy","keep"
149,"manville",0.00131899124522094,275.181862766177,"Bankruptcy","drop"
149,"bankruptcies",0.0012987302429902,74.8289833711521,"Bankruptcy","keep"
149,"interest-payments",0.00123794723629799,53.03969265906,"Bankruptcy","drop"
149,"bankruptcy-filing",0.00121768623406725,82.1606107566191,"Bankruptcy","keep"
149,"bankruptcy-law",0.00117716422960578,92.1191065172869,"Bankruptcy","keep"
149,"drexel",0.00115690322737505,33.0441450638868,"Bankruptcy","drop"
149,"southland",0.00115690322737505,65.3326426491658,"Bankruptcy","drop"
149,"debtors",0.00101507621175989,121.657414167083,"Bankruptcy","keep"
149,"revco",0.000994815209529155,288.591865251677,"Bankruptcy","drop"
149,"tepper",0.000994815209529155,65.1679050554566,"Bankruptcy","drop"
149,"debtor",0.000934032202836945,121.313607025978,"Bankruptcy","keep"
149,"bankruptcy-proceedings",0.000832727191683264,61.2695944163389,"Bankruptcy","keep"
149,"defaulted",0.000812466189452527,35.9709591704487,"Bankruptcy","keep"
149,"leveraged",0.000812466189452527,30.9423387799711,"Bankruptcy","drop"
149,"mf",0.000751683182760319,38.4821183169659,"Bankruptcy","drop"
149,"debt-load",0.000711161178298846,49.0601851831552,"Bankruptcy","drop"
149,"involuntary",0.000569334162683691,31.9739756143555,"Bankruptcy","keep"
149,"usg",0.000549073160452955,121.49346416297,"Bankruptcy","drop"
149,"liens",0.000488290153760746,32.70770889198,"Bankruptcy","drop"
149,"deferral",0.0004072461448378,85.5929030607046,"Bankruptcy","drop"
150,"soviet",0.0209710830846617,1072.88057612051,"NuclearArms","drop"
150,"nuclear",0.0195879550213113,626.48754807772,"NuclearArms","keep"
150,"soviet-union",0.010303509170775,243.721572679807,"NuclearArms","keep"
150,"missiles",0.00760084513894078,375.43737486968,"NuclearArms","keep"
150,"missile",0.00752135502035742,342.40506252713,"NuclearArms","drop"
150,"soviets",0.0060110427672736,1330.06393615266,"NuclearArms","drop"
150,"nuclear-weapons",0.00582026648267354,795.034784109744,"NuclearArms","keep"
150,"treaty",0.00547050996090676,138.321629337824,"NuclearArms","keep"
150,"arms-control",0.00381711549437289,844.613464877687,"NuclearArms","keep"
150,"gorbachev",0.00300631628482263,800.620699934202,"NuclearArms","drop"
150,"geneva",0.00262476371562251,32.3094603207257,"NuclearArms","drop"
150,"cold-war",0.00205243486182233,41.5592344537587,"NuclearArms","keep"
150,"mx",0.00192525067208895,408.94961452999,"NuclearArms","drop"
150,"arsenal",0.00178216845863891,42.8868379725562,"NuclearArms","keep"
150,"chemical-weapons",0.00178216845863891,103.619317828863,"NuclearArms","drop"
150,"warheads",0.0015595961266055,452.432523050586,"NuclearArms","keep"
150,"disarmament",0.00143241193687213,114.040047607584,"NuclearArms","keep"
150,"missile-defense",0.00138471786572211,185.823796300412,"NuclearArms","keep"
150,"atomic",0.0013370237945721,49.7762692816217,"NuclearArms","keep"
150,"perle",0.00130522774713875,347.598939527224,"NuclearArms","drop"
150,"sdi",0.00108265541510535,336.682236949768,"NuclearArms","drop"
150,"brezhnev",0.000987267272805318,307.018603738335,"NuclearArms","drop"
150,"khrushchev",0.000860083083071943,203.156140835017,"NuclearArms","drop"
150,"ballistic-missile",0.000796490988205256,56.802213568905,"NuclearArms","keep"
150,"mikhail-gorbachev",0.000796490988205256,48.232118681127,"NuclearArms","drop"
150,"u.s.s.r",0.000764694940771913,180.62496070544,"NuclearArms","drop"
150,"deterrence",0.000732898893338569,34.9976114035535,"NuclearArms","keep"
150,"kgb",0.000732898893338569,99.6933829226068,"NuclearArms","drop"
150,"ballistic-missiles",0.000685204822188554,148.2621890062,"NuclearArms","keep"
150,"cruise-missiles",0.000637510751038539,184.939288219455,"NuclearArms","keep"
150,"nonproliferation",0.000589816679888523,130.508786118127,"NuclearArms","keep"
150,"trident",0.000589816679888523,123.197570271206,"NuclearArms","keep"
150,"weaponry",0.000589816679888523,36.6956160087828,"NuclearArms","drop"
150,"aegis",0.000573918656171851,33.8748901964271,"NuclearArms","drop"
150,"atomic-bomb",0.00055802063245518,31.7075436634278,"NuclearArms","keep"
152,"golf",0.0172579421656063,184.880512224416,"Golf","keep"
152,"hole",0.00922316005895381,65.274395808864,"Golf","keep"
152,"holes",0.00619207459356993,37.4235121198885,"Golf","keep"
152,"tee",0.00311287666048154,212.250277828611,"Golf","keep"
152,"golfers",0.00284023934348934,756.392274041536,"Golf","keep"
152,"pga-tour",0.00284023934348934,850.462319607027,"Golf","keep"
152,"greens",0.00282420185425451,47.9993326381905,"Golf","keep"
152,"putt",0.00263175198343648,818.417506177776,"Golf","keep"
152,"golf-course",0.00248741458032296,46.3198487819929,"Golf","keep"
152,"golf-club",0.00245533960185329,108.939860214936,"Golf","keep"
152,"birdie",0.00240722713414879,501.866967626128,"Golf","keep"
152,"strokes",0.00213458981715659,77.2103901086753,"Golf","keep"
152,"tiger-woods",0.00203836488174757,194.2826638058,"Golf","keep"
152,"birdies",0.00189402747863405,589.00126434854,"Golf","keep"
152,"bogey",0.00178176505399021,554.090097113656,"Golf","keep"
152,"golfer",0.00170157760781603,90.6804841897108,"Golf","keep"
152,"mickelson",0.00170157760781603,401.92156657762,"Golf","drop"
152,"spieth",0.00166950262934636,519.178929878772,"Golf","drop"
152,"pga",0.00163742765087669,490.300411247191,"Golf","keep"
152,"final-round",0.00157327769393735,89.6962635884179,"Golf","keep"
152,"mcilroy",0.00152516522623284,474.293143433921,"Golf","drop"
152,"fairway",0.00149309024776317,152.658945212856,"Golf","keep"
152,"augusta",0.0014610152692935,74.6971588386182,"Golf","drop"
152,"nicklaus",0.00142894029082383,380.54518135009,"Golf","drop"
152,"ryder-cup",0.00117234046306646,340.09122267692,"Golf","keep"
152,"putts",0.00107611552765745,322.2248540126,"Golf","keep"
152,"kemper",0.00102800305995295,51.6099224361325,"Golf","drop"
152,"els",0.000963853103013604,227.667164479877,"Golf","drop"
152,"birdied",0.000931778124543934,289.762688049536,"Golf","keep"
152,"sorenstam",0.000883665656839428,274.800759234586,"Golf","drop"
152,"kuchar",0.000851590678369757,264.826140024619,"Golf","drop"
152,"mediate",0.000771403232195581,35.2602747475954,"Golf","drop"
152,"liv",0.000755365742960745,167.139841158198,"Golf","drop"
152,"kite",0.000627065829082062,46.2015051069828,"Golf","drop"
153,"stores",0.0463686041915142,301.128903360377,"Retail","keep"
153,"store",0.0364098135653319,43.2010706300984,"Retail","keep"
153,"retailers",0.0194272762283498,936.905829406851,"Retail","keep"
153,"retail",0.0189522402189237,36.0438611103467,"Retail","keep"
153,"retailer",0.0119115279363587,143.871022672596,"Retail","keep"
153,"shoppers",0.00953634788922839,189.461959107641,"Retail","drop"
153,"sears",0.00860324144214147,224.534308501202,"Retail","keep"
153,"wal-mart",0.00716116784209803,584.505064969662,"Retail","keep"
153,"merchandise",0.00600750896206329,213.699692260345,"Retail","keep"
153,"chains",0.00478598779496767,62.6873986036928,"Retail","keep"
153,"macy",0.00459936650555029,157.575179718878,"Retail","keep"
153,"department-stores",0.00442971078789812,315.211294737693,"Retail","keep"
153,"apparel",0.00415826163965465,66.5947850480624,"Retail","keep"
153,"same-store",0.00329301747962859,437.634058154255,"Retail","keep"
153,"grocery",0.00319122404903729,42.3486960829691,"Retail","drop"
153,"retailing",0.00298763718785469,145.8829518423,"Retail","keep"
153,"kmart",0.0029028093290286,184.590187991869,"Retail","keep"
153,"walmart",0.00285191261373295,117.948747093279,"Retail","keep"
153,"nordstrom",0.0024956356066634,187.902873227566,"Retail","keep"
153,"wal-mart-stores",0.00213935859959384,205.659883563904,"Retail","keep"
153,"federated",0.00202059959723733,428.030658999787,"Retail","drop"
153,"home-depot",0.00200363402547211,34.2406627373052,"Retail","keep"
153,"costco",0.00186790945135037,113.276907344226,"Retail","keep"
153,"safeway",0.00185094387958516,92.7831960716167,"Retail","drop"
153,"catalog",0.00183397830781994,36.8092151861814,"Retail","keep"
153,"saks",0.00183397830781994,74.8159414839123,"Retail","drop"
153,"supermarkets",0.00183397830781994,45.7070266366998,"Retail","drop"
153,"merchandising",0.00174915044899386,77.4230552405311,"Retail","keep"
153,"malls",0.00163039144663734,63.3674300228006,"Retail","keep"
153,"rite-aid",0.00156252915957647,369.07759290876,"Retail","drop"
153,"groceries",0.00154556358781125,30.4081744988841,"Retail","drop"
153,"kohl",0.00152859801604604,66.9276726253238,"Retail","keep"
153,"lowe",0.0014946668725156,30.1245814739133,"Retail","keep"
153,"kroger",0.00135894229839387,78.1719826161987,"Retail","keep"
153,"neiman-marcus",0.00127411443956778,140.265425904918,"Retail","drop"
153,"roebuck",0.0011892865807417,68.271595311591,"Retail","keep"
153,"mart",0.00113838986544605,83.1996442512351,"Retail","keep"
153,"drugstore",0.00105356200661997,38.7041373902843,"Retail","drop"
153,"hawley",0.00103659643485475,31.4414064359049,"Retail","drop"
153,"j.c-penney",0.000951768576028665,203.694195112276,"Retail","keep"
153,"mail-order",0.000883906288967798,39.7602204691066,"Retail","drop"
153,"in-store",0.000866940717202581,183.224983656767,"Retail","keep"
153,"zale",0.000849975145437364,65.3465925820333,"Retail","keep"
153,"supermarket-chain",0.000833009573672147,45.7677534758817,"Retail","keep"
153,"checkout",0.00081604400190693,42.580810955652,"Retail","keep"
153,"bloomingdale",0.00076514728661128,39.5833383194608,"Retail","drop"
153,"department-store",0.00076514728661128,47.4266774322867,"Retail","keep"
153,"k-mart",0.000748181714846063,71.0334986119265,"Retail","keep"
153,"lampert",0.000748181714846063,157.054080646762,"Retail","drop"
153,"penney",0.000748181714846063,57.02496790605,"Retail","keep"
162,"steel",0.0260939166715248,133.691216077245,"Trade","keep"
162,"imports",0.0118817840480628,100.297178130533,"Trade","keep"
162,"tariffs",0.00981771600629619,2078.03334650845,"Trade","keep"
162,"exports",0.00877780386311605,56.2912808338351,"Trade","keep"
162,"export",0.00475996149173822,132.942906298899,"Trade","keep"
162,"import",0.00419273668636722,52.3286470191093,"Trade","drop"
162,"aluminum",0.00384609930530718,30.5482480744359,"Trade","keep"
162,"imported",0.00346794943505985,33.14802991519,"Trade","drop"
162,"tariff",0.00263286847159701,582.575027043582,"Trade","keep"
162,"trade-deficit",0.00225471860134968,215.399617479717,"Trade","drop"
162,"quotas",0.00186081248650871,111.634744894511,"Trade","keep"
162,"trade-representative",0.00148266261626139,145.560842735894,"Trade","drop"
162,"machine-tool",0.0014038813932932,90.2269876009282,"Trade","drop"
162,"nafta",0.00126207519195045,102.167043305658,"Trade","keep"
162,"million-tons",0.00124631894735681,79.4906523086569,"Trade","drop"
162,"textile",0.00123056270276317,32.0709044735677,"Trade","drop"
162,"steelmaker",0.00121480645816953,82.8895360992984,"Trade","keep"
162,"bethlehem",0.0011990502135759,53.7455854421742,"Trade","drop"
162,"lighthizer",0.00118329396898226,354.317651413603,"Trade","drop"
162,"exporters",0.00116753772438862,64.253122818817,"Trade","keep"
162,"steelmakers",0.00116753772438862,363.078785074153,"Trade","keep"
162,"supply-chains",0.00115178147979498,65.3338439911112,"Trade","drop"
162,"maytag",0.00110451274601406,125.140228213851,"Trade","drop"
162,"ltv",0.00104148776763951,141.367414811096,"Trade","drop"
162,"free-trade",0.00102573152304587,61.0990921724261,"Trade","drop"
162,"whirlpool",0.00102573152304587,68.689152688039,"Trade","drop"
162,"raw-materials",0.00100997527845223,31.9637168365541,"Trade","keep"
162,"exporting",0.000994219033858594,56.5301567190089,"Trade","keep"
162,"protectionism",0.000978462789264955,216.504543263952,"Trade","keep"
162,"protectionist",0.000978462789264955,231.118049093296,"Trade","keep"
162,"gatt",0.00093119405548404,219.952925948692,"Trade","keep"
162,"ec",0.000868169077109485,39.3113803372786,"Trade","drop"
162,"wto",0.000868169077109485,114.247928099036,"Trade","keep"
162,"armco",0.00082090034332857,238.139866577896,"Trade","drop"
162,"alcoa",0.000663337897392184,140.095281574548,"Trade","keep"
162,"exporter",0.000521531696049437,33.2106754604501,"Trade","drop"
162,"3m",0.000442750473081244,32.6419498408791,"Trade","drop"
165,"insurance",0.042594458138973,119.483876981434,"Healthcare","keep"
165,"coverage",0.017495402027201,58.4866547909055,"Healthcare","keep"
165,"medicare",0.017389777382859,880.189421958754,"Healthcare","keep"
165,"insurers",0.011474797299706,617.232419177408,"Healthcare","keep"
165,"health-insurance",0.00847769801650121,230.471674557201,"Healthcare","keep"
165,"medicaid",0.00794957479479112,154.735369912304,"Healthcare","keep"
165,"premiums",0.00581067574686526,220.098395810105,"Healthcare","keep"
165,"insurer",0.00459599233693205,170.105424868276,"Healthcare","keep"
165,"insurance-companies",0.0043055245649915,65.8204687988266,"Healthcare","keep"
165,"aetna",0.00254951485280546,214.003561534279,"Healthcare","keep"
165,"uninsured",0.00244389020846344,168.937311713584,"Healthcare","keep"
165,"enrollment",0.00227225016140766,99.3652177214949,"Healthcare","drop"
165,"affordable-care-act",0.0022062347586939,99.1828447326887,"Healthcare","drop"
165,"obamacare",0.00191576698675335,108.93764125932,"Healthcare","drop"
165,"retirees",0.00177053310078308,43.5679183719361,"Healthcare","drop"
165,"insured",0.00175733002024032,85.4455862759349,"Healthcare","keep"
165,"reinsurance",0.00175733002024032,388.844560641883,"Healthcare","keep"
165,"aca",0.00163850229535555,387.02284654273,"Healthcare","drop"
165,"casualty",0.00148006532884253,30.0739675721721,"Healthcare","drop"
165,"blue-cross",0.00136123760395776,149.561910570001,"Healthcare","keep"
165,"cigna",0.00112358215418822,90.4242523269836,"Healthcare","keep"
165,"policyholders",0.00112358215418822,325.946634645991,"Healthcare","keep"
165,"unitedhealth",0.00108397291255996,226.531557781347,"Healthcare","keep"
165,"out-of-pocket",0.00107076983201721,67.3277042452065,"Healthcare","keep"
165,"blue-shield",0.000991551348760693,112.341810918391,"Healthcare","keep"
165,"hmos",0.000991551348760693,296.903520476024,"Healthcare","keep"
165,"deductibles",0.00091233286550418,264.664071140282,"Healthcare","keep"
165,"long-term-care",0.000899129784961427,47.9350555295685,"Healthcare","keep"
165,"metlife",0.000885926704418675,72.7476784903984,"Healthcare","drop"
165,"wellpoint",0.000833114382247666,221.86907718518,"Healthcare","drop"
165,"insurance-coverage",0.000806708221162162,84.049946808726,"Healthcare","keep"
165,"health-care-costs",0.000793505140619409,46.6145349132847,"Healthcare","keep"
165,"managed-care",0.000714286657362896,168.718259451746,"Healthcare","keep"
165,"single-payer",0.000701083576820144,186.70757525409,"Healthcare","keep"
165,"hmo",0.000674677415734639,149.285928240423,"Healthcare","keep"
165,"geico",0.000661474335191887,49.4850880482397,"Healthcare","drop"
165,"insurance-premiums",0.000648271254649135,136.51245642307,"Healthcare","keep"
165,"healthcare.gov",0.000635068174106382,190.160577029251,"Healthcare","drop"
165,"humana",0.00062186509356363,133.082074982665,"Healthcare","keep"
165,"life-insurance",0.00050303736867886,48.349982313557,"Healthcare","drop"
165,"marketplaces",0.000476631207593356,31.7819415908291,"Healthcare","drop"
165,"reimbursements",0.000423818885422347,32.3759992710294,"Healthcare","keep"
169,"plastic",0.00794636787698366,48.7803076922297,"Household","keep"
169,"carpet",0.00190115710269086,43.3015767637432,"Household","keep"
169,"cardboard",0.00130897319010707,44.1201298938595,"Household","keep"
169,"blade",0.00125962453072509,33.6323123695372,"Household","drop"
169,"towels",0.00122261303618861,60.169535047787,"Household","keep"
169,"fibers",0.000938858244742209,43.7971890175623,"Household","keep"
169,"stain",0.000803149431441758,37.7323809620523,"Household","keep"
169,"dryer",0.000790812266596262,38.4560840418833,"Household","keep"
169,"cleaners",0.000692114947832299,32.0324193318515,"Household","keep"
169,"gel",0.000667440618141308,36.0976970468024,"Household","keep"
169,"stains",0.000618091958759325,42.2877820638844,"Household","keep"
169,"mower",0.000531731804840857,117.656340955459,"Household","drop"
169,"lice",0.000519394639995361,38.0269463031207,"Household","drop"
169,"cookware",0.000457708815767884,31.2357860748247,"Household","drop"
169,"polyester",0.000457708815767884,94.7643232821464,"Household","keep"
169,"acrylic",0.000284988507930946,60.4062498444032,"Household","keep"
170,"wine",0.038921646911356,1485.73693577519,"Wine","keep"
170,"beer",0.0154783940184074,132.733135093814,"Wine","keep"
170,"wines",0.0154053051551402,878.291706382551,"Wine","keep"
170,"bottle",0.00868112973455952,98.4480559013113,"Wine","keep"
170,"drink",0.0059402973620402,31.1645307421132,"Wine","keep"
170,"bottles",0.00502668657120043,49.9524403412086,"Wine","keep"
170,"liquor",0.00436888680179579,71.4361013072865,"Wine","keep"
170,"winery",0.00425925350689502,904.244335818331,"Wine","keep"
170,"grapes",0.0039303536221927,199.35642087279,"Wine","keep"
170,"tasting",0.00347354822677281,211.907141868348,"Wine","keep"
170,"grape",0.00321773720533768,170.972547859476,"Wine","keep"
170,"spirits",0.00321773720533768,44.1708118382681,"Wine","keep"
170,"vineyard",0.00321773720533768,651.93421981565,"Wine","keep"
170,"vineyards",0.00319946498952088,315.614372406882,"Wine","keep"
170,"champagne",0.00263302629920022,43.8890480376008,"Wine","keep"
170,"chardonnay",0.00250512078848266,750.116655327833,"Wine","keep"
170,"brewing",0.00243203192521547,40.0899494712925,"Wine","keep"
170,"flavors",0.00223103755123073,126.620670783963,"Wine","keep"
170,"anheuser-busch",0.00175595993999404,89.7264113903412,"Wine","drop"
170,"pinot-noir",0.00173768772417725,462.768594582502,"Wine","keep"
170,"liquors",0.00170114329254366,234.827838904346,"Wine","keep"
170,"coors",0.00166459886091007,94.637220026203,"Wine","drop"
170,"beers",0.00164632664509327,72.81630866125,"Wine","keep"
170,"chateau",0.00157323778182609,59.9329895220156,"Wine","keep"
170,"wine-spirits",0.00150014891855891,435.187128639808,"Wine","keep"
170,"burgundy",0.00148187670274211,60.9563805391651,"Wine","keep"
170,"wineries",0.00148187670274211,350.027059068693,"Wine","keep"
170,"blanc",0.00146360448692532,54.0535731469681,"Wine","keep"
170,"merlot",0.00144533227110852,419.285041113383,"Wine","keep"
170,"brewery",0.00140878783947493,36.4390071127463,"Wine","keep"
170,"cork",0.00139051562365813,48.2182238570913,"Wine","keep"
170,"drinkers",0.00139051562365813,73.4009012023168,"Wine","keep"
170,"rum",0.00139051562365813,80.1500708558912,"Wine","keep"
170,"bordeaux",0.00129915454457416,121.748618660823,"Wine","keep"
170,"sherry",0.00129915454457416,38.3702606030289,"Wine","keep"
170,"chianti",0.00115297681803979,345.239686004276,"Wine","keep"
170,"sonoma",0.00115297681803979,255.119277015281,"Wine","keep"
170,"sauvignon-blanc",0.001134704602223,352.868399698959,"Wine","keep"
170,"kosher",0.0011164323864062,49.5673169941734,"Wine","drop"
170,"brewers",0.00109816017058941,259.391199137219,"Wine","drop"
170,"pinot",0.00109816017058941,328.825754815483,"Wine","keep"
170,"heineken",0.00107988795477261,238.946898123663,"Wine","drop"
170,"cabernet",0.00104334352313902,324.457095375371,"Wine","keep"
170,"tasted",0.00100679909150543,47.5548736673477,"Wine","keep"
170,"tequila",0.00100679909150543,110.118444316346,"Wine","drop"
170,"acidity",0.000951982444055043,52.4236135358041,"Wine","keep"
170,"reds",0.000951982444055043,50.4434171637525,"Wine","keep"
170,"tastings",0.000915438012421452,120.751823601281,"Wine","keep"
170,"winemaker",0.000915438012421452,274.11265085284,"Wine","keep"
170,"riesling",0.000897165796604657,238.926792786549,"Wine","keep"
170,"winemakers",0.000897165796604657,268.641340456576,"Wine","keep"
171,"marriage",0.0163579297955922,461.095284177645,"Marriage","keep"
171,"wedding",0.0123624808616435,280.509226781247,"Marriage","keep"
171,"couples",0.00916300027000495,191.283896398191,"Marriage","keep"
171,"divorce",0.00892889193403139,252.861365161016,"Marriage","keep"
171,"divorced",0.00277964630912601,47.4767520509513,"Marriage","keep"
171,"weddings",0.00274843186432954,83.1613490834476,"Marriage","keep"
171,"spouses",0.00238946574917009,52.1499880528223,"Marriage","keep"
171,"marry",0.00229582241478066,56.5379457172704,"Marriage","keep"
171,"romance",0.00209292852360358,39.470265444604,"Marriage","keep"
171,"marriages",0.00195246352201945,102.185969917451,"Marriage","keep"
171,"guggenheim",0.00107845906771818,77.1585381692777,"Marriage","drop"
171,"marital",0.000984815733328755,41.6624176086452,"Marriage","keep"
171,"honeymoon",0.00085995795414286,36.3629701759348,"Marriage","keep"
171,"husbands",0.00085995795414286,41.2649502864111,"Marriage","keep"
171,"married-couples",0.000688278507762252,55.576388009333,"Marriage","keep"
171,"brides",0.000641456840567541,76.8442858590195,"Marriage","keep"
171,"divorces",0.00059463517337283,58.86547183773,"Marriage","keep"
171,"jealousy",0.000563420728576356,32.0214192924619,"Marriage","drop"
171,"unmarried",0.000563420728576356,43.0705090927432,"Marriage","keep"
172,"church",0.052480404076169,131.097911875233,"Catholicism","keep"
172,"pope",0.00981105898377589,340.113097384505,"Catholicism","keep"
172,"churches",0.00957621500147229,442.688522424353,"Catholicism","keep"
172,"catholic",0.00903426735000244,83.044926727373,"Catholicism","keep"
172,"rev",0.00773359298647479,156.468361237371,"Catholicism","keep"
172,"pastor",0.00675808721382906,246.363789164972,"Catholicism","keep"
172,"bishop",0.00643291862294715,102.648104555934,"Catholicism","keep"
172,"vatican",0.00583677620633031,1291.50395962913,"Catholicism","keep"
172,"cardinal",0.00361479083530391,74.1689064046872,"Catholicism","keep"
172,"holy",0.00359672591358825,35.4209631861571,"Catholicism","keep"
172,"priest",0.00357866099187259,160.283437696744,"Catholicism","keep"
172,"archdiocese",0.003289622244422,876.068721426512,"Catholicism","keep"
172,"bishops",0.003289622244422,777.026049151926,"Catholicism","keep"
172,"priests",0.00294638873182443,184.717654143146,"Catholicism","keep"
172,"baptist-church",0.00289219396667745,73.1301326805113,"Catholicism","keep"
172,"congregation",0.00276573951466781,149.409536097458,"Catholicism","keep"
172,"gospel",0.00269347982780517,66.6571929665645,"Catholicism","keep"
172,"parish",0.0026754149060895,31.5566868670602,"Catholicism","keep"
172,"benedict",0.0024405709237859,69.7981718116428,"Catholicism","keep"
172,"archbishop",0.00236831123692325,126.30640399258,"Catholicism","keep"
172,"catholics",0.00236831123692325,252.521819002827,"Catholicism","keep"
172,"worship",0.00195281803746304,56.5868694191305,"Catholicism","drop"
172,"diocese",0.00189862327231605,407.37819987338,"Catholicism","keep"
172,"catholic-church",0.00184442850716906,56.7632904898313,"Catholicism","keep"
172,"clergy",0.00184442850716906,113.826616249708,"Catholicism","keep"
172,"paul-ii",0.00179023374202208,396.125169914102,"Catholicism","keep"
172,"choir",0.00173603897687509,75.404699317699,"Catholicism","drop"
172,"nuns",0.00166377929001245,94.3103448125721,"Catholicism","keep"
172,"protestant",0.0015915196031498,70.6725680156194,"Catholicism","drop"
172,"ministers",0.00157345468143414,31.837690153997,"Catholicism","drop"
172,"mormon",0.00157345468143414,45.3626263144599,"Catholicism","drop"
172,"roman-catholic",0.00153732483800281,68.0384175054086,"Catholicism","keep"
172,"parishioners",0.00137474054256186,140.513805416458,"Catholicism","keep"
172,"pope-john",0.0013566756208462,136.725134212968,"Catholicism","keep"
172,"pastors",0.00126635101226789,267.638996441662,"Catholicism","keep"
172,"pope-francis",0.00119409132540524,264.216687500728,"Catholicism","keep"
172,"denomination",0.00113989656025826,245.781452634131,"Catholicism","drop"
172,"parishes",0.00103150702996429,274.70359139733,"Catholicism","keep"
172,"sermon",0.00101344210824862,41.5022454215408,"Catholicism","drop"
172,"jesus-christ",0.0009773122648173,203.753412301544,"Catholicism","keep"
172,"theology",0.0009773122648173,107.698600137992,"Catholicism","drop"
172,"papal",0.000941182421385977,199.493309074685,"Catholicism","keep"
172,"sermons",0.000905052577954654,66.807371223528,"Catholicism","keep"
172,"congregations",0.000742468282513698,83.9327252228545,"Catholicism","keep"
172,"theological",0.000724403360798036,48.3765688632809,"Catholicism","keep"
172,"latter-day",0.000706338439082374,39.4621215050155,"Catholicism","drop"
172,"communion",0.000688273517366712,32.9988225790435,"Catholicism","keep"
172,"missionary",0.000670208595651051,35.3352544096545,"Catholicism","drop"
172,"roman-catholic-church",0.000634078752219727,40.5309429128604,"Catholicism","keep"
172,"messiah",0.000597948908788404,32.4700927972442,"Catholicism","drop"
174,"budget",0.0404654676673723,54.9221241682114,"Fiscal","keep"
174,"cuts",0.0124103809888862,33.3901146719692,"Fiscal","keep"
174,"fiscal",0.0110450469219808,40.5719660388165,"Fiscal","keep"
174,"deficit",0.00916391998535553,50.9238136257355,"Fiscal","keep"
174,"tax-cuts",0.00370258371773387,224.070294073568,"Fiscal","keep"
174,"deficits",0.00293395120599453,82.2722729687082,"Fiscal","keep"
174,"surplus",0.00280247459214437,45.6267599172827,"Fiscal","keep"
174,"tax-increases",0.00223611379402064,494.785086333587,"Fiscal","keep"
174,"spending-cuts",0.00217543227993596,195.647895587471,"Fiscal","keep"
174,"budget-deficit",0.00151804921068521,67.012274481346,"Fiscal","keep"
174,"budget-cuts",0.00150793562500442,57.1377564415233,"Fiscal","keep"
174,"debt-ceiling",0.00142702693955818,86.8052769451567,"Fiscal","keep"
174,"deficit-reduction",0.00142702693955818,301.459813774599,"Fiscal","keep"
174,"outlays",0.00128543674002725,41.435764696566,"Fiscal","keep"
174,"congressional-budget",0.00127532315434647,72.5545000694151,"Fiscal","keep"
174,"debt-limit",0.0012550959829849,334.248205837485,"Fiscal","keep"
174,"cbo",0.00113373295481553,301.927670220645,"Fiscal","keep"
174,"balanced-budget",0.000830325384392108,177.890001594159,"Fiscal","keep"
174,"raise-taxes",0.000789871041668984,40.3806281992188,"Fiscal","keep"
174,"budgetary",0.000668508013499614,34.3991791809445,"Fiscal","keep"
174,"surpluses",0.000658394427818833,39.146324706328,"Fiscal","keep"
174,"raising-taxes",0.00061794008509571,49.9782590386805,"Fiscal","keep"
174,"unfunded",0.00038532761443775,31.4645633677542,"Fiscal","drop"
174,"darman",0.000354986857395408,94.5375666792564,"Fiscal","drop"
176,"train",0.0268291585669332,107.214000174681,"Railroad","keep"
176,"railroad",0.0148719393662437,403.653070728059,"Railroad","keep"
176,"rail",0.00923665586176034,346.327951426171,"Railroad","keep"
176,"amtrak",0.00772128550761355,1823.80818421573,"Railroad","keep"
176,"penn",0.00677417903627181,69.9014983448759,"Railroad","keep"
176,"hudson",0.00649004709486929,37.0639846783949,"Railroad","drop"
176,"railroads",0.00440641285791745,247.409427119892,"Railroad","keep"
176,"freight",0.00435905753435037,244.115277239492,"Railroad","drop"
176,"schneider",0.00310414145982256,54.3718887157511,"Railroad","drop"
176,"csx",0.0029620754891213,699.657785481105,"Railroad","keep"
176,"railway",0.00293839782733775,153.116957258537,"Railroad","keep"
176,"santa-fe",0.00263058822415169,130.863451715334,"Railroad","drop"
176,"union-pacific",0.00251219991523397,593.394812466389,"Railroad","keep"
176,"norfolk-southern",0.00215703498848082,477.287312414028,"Railroad","keep"
176,"conrail",0.00184922538529475,409.1782557578,"Railroad","keep"
176,"burlington-northern",0.00120992851713908,285.791469529052,"Railroad","keep"
176,"derailment",0.00109154020822136,257.827529262022,"Railroad","keep"
176,"locomotive",0.000996829561087184,58.5711303411974,"Railroad","keep"
176,"railways",0.00097315189930364,55.1508684469262,"Railroad","keep"
176,"rf",0.000617986972550487,50.4180870313255,"Railroad","drop"
177,"brands",0.0167595068522436,86.3851251840931,"Beverage","keep"
177,"brand",0.014656163743537,47.9927910373001,"Beverage","keep"
177,"coke",0.0100012240767272,754.181297424886,"Beverage","keep"
177,"patent",0.00789788096802056,213.710882580342,"Beverage","keep"
177,"coca-cola",0.00553593010004672,206.430609225459,"Beverage","keep"
177,"pepsi",0.00382911888888314,205.601328268126,"Beverage","keep"
177,"packaging",0.00338086543948664,62.3711258904093,"Beverage","keep"
177,"patents",0.00338086543948664,141.360554088739,"Beverage","keep"
177,"beverage",0.00334638440491769,44.0551285586438,"Beverage","keep"
177,"pepsico",0.00251883957526262,93.2505747656944,"Beverage","keep"
177,"cosmetics",0.00234643440241781,70.2798115003008,"Beverage","drop"
177,"unilever",0.00213954819500404,665.352855862922,"Beverage","drop"
177,"p-g",0.0020878266431506,146.249326728579,"Beverage","drop"
177,"mccormick",0.00201886457401268,61.6483371610566,"Beverage","drop"
177,"whole-foods",0.00201886457401268,90.7594854951729,"Beverage","drop"
177,"nestle",0.00196714302215924,96.3858317601893,"Beverage","drop"
177,"heinz",0.00186369991845235,31.6979473899628,"Beverage","drop"
177,"kraft",0.00186369991845235,36.762767020243,"Beverage","drop"
177,"avon",0.00182921888388339,43.4930608181359,"Beverage","drop"
177,"conagra",0.00160509215918514,427.45668991429,"Beverage","drop"
177,"procter",0.00158785164190066,60.0672289798893,"Beverage","drop"
177,"burger-king",0.0015533706073317,73.5643579869619,"Beverage","drop"
177,"franchisees",0.0015533706073317,187.520986029326,"Beverage","drop"
177,"fragrance",0.00112235767521969,63.3878326532969,"Beverage","drop"
177,"soft-drink",0.00112235767521969,235.865362996249,"Beverage","keep"
177,"bottling",0.00105339560608176,52.7799054311221,"Beverage","keep"
177,"kellogg",0.00100167405422832,37.1200992855426,"Beverage","drop"
177,"estee-lauder",0.000984433536943842,118.046537896814,"Beverage","drop"
177,"lauder",0.000967193019659362,257.575943116989,"Beverage","drop"
177,"coty",0.000949952502374881,275.577375511398,"Beverage","drop"
177,"bottlers",0.00091547146780592,274.122668509959,"Beverage","keep"
177,"clorox",0.00089823095052144,198.751637590921,"Beverage","drop"
177,"soft-drinks",0.00089823095052144,68.0133816815546,"Beverage","keep"
177,"pillsbury",0.000829268881383517,48.4490697770163,"Beverage","drop"
177,"marketer",0.000760306812245595,33.2131962805522,"Beverage","drop"
177,"detergent",0.000725825777676634,160.603530567712,"Beverage","drop"
177,"fragrances",0.000674104225823192,49.3763690755715,"Beverage","drop"
177,"inventors",0.000674104225823192,35.0968288236373,"Beverage","drop"
177,"cola",0.00063962319125423,31.5681205070479,"Beverage","keep"
177,"yum",0.00063962319125423,50.5446724762328,"Beverage","drop"
177,"toothpaste",0.000605142156685269,39.4086769265355,"Beverage","drop"
177,"bleach",0.000553420604831828,43.0135111546657,"Beverage","drop"
177,"shampoo",0.000467218018409424,52.5751894351935,"Beverage","drop"
177,"spices",0.000415496466555983,32.962485801224,"Beverage","drop"
182,"tennis",0.017019045433257,102.664908921206,"Tennis","keep"
182,"tournament",0.00826788623119854,54.3827174062044,"Tennis","keep"
182,"singles",0.0043867751138677,109.690279549183,"Tennis","keep"
182,"6-3",0.00420018323322679,163.695552340335,"Tennis","drop"
182,"wimbledon",0.00401359135258588,1068.87100807717,"Tennis","keep"
182,"6-4",0.00388297703613725,181.914877651459,"Tennis","drop"
182,"6-2",0.00362174840323998,77.8237847670658,"Tennis","drop"
182,"doubles",0.00354711165098362,72.0912301836428,"Tennis","keep"
182,"chess",0.00345381571066317,104.734754172548,"Tennis","drop"
182,"becker",0.00334186058227862,41.2803488834374,"Tennis","drop"
182,"6-1",0.00311795032550954,163.759752778991,"Tennis","drop"
182,"semifinals",0.00280074412842,131.467988485475,"Tennis","keep"
182,"grand-slam",0.00265147062390727,182.290437759828,"Tennis","keep"
182,"7-6",0.00253951549552273,112.240970036395,"Tennis","drop"
182,"shelton",0.00242756036713818,68.5411564826416,"Tennis","drop"
182,"djokovic",0.00239024199101,743.313162393604,"Tennis","drop"
182,"7-5",0.00233426442681773,516.502885066398,"Tennis","drop"
182,"quarterfinals",0.00222230929843319,591.82955398415,"Tennis","keep"
182,"mcenroe",0.00207303579392046,552.076099476398,"Tennis","drop"
182,"tournaments",0.00201705822972819,66.1668095009143,"Tennis","keep"
182,"lendl",0.00190510310134365,570.451362267505,"Tennis","drop"
182,"connors",0.00175582959683092,375.985284630356,"Tennis","drop"
182,"shriver",0.00171851122070274,70.362932723916,"Tennis","drop"
182,"agassi",0.0016065560923182,499.603928821931,"Tennis","drop"
182,"federer",0.00153191934006184,476.393525624628,"Tennis","drop"
182,"venus",0.00153191934006184,44.5401952159945,"Tennis","drop"
182,"seeded",0.00143862339974138,92.3782324946496,"Tennis","drop"
182,"nadal",0.00128934989522866,386.074330388684,"Tennis","drop"
182,"sampras",0.00125203151910048,389.354513634745,"Tennis","drop"
182,"serena-williams",0.00125203151910048,277.037119008436,"Tennis","drop"
182,"quarterfinal",0.0012147131429723,268.779678799541,"Tennis","keep"
182,"racket",0.00119605395490821,67.7205616108967,"Tennis","keep"
182,"graf",0.00112141720265184,78.7676238612375,"Tennis","drop"
182,"defending-champion",0.00110275801458775,56.4053987714503,"Tennis","keep"
182,"evert",0.00106543963845957,319.028136978203,"Tennis","drop"
182,"pickleball",0.00104678045039548,247.255039413557,"Tennis","drop"
182,"top-seeded",0.00104678045039548,89.4063422047783,"Tennis","drop"
182,"hingis",0.00102812126233139,307.85377140979,"Tennis","drop"
182,"sharapova",0.00102812126233139,307.85377140979,"Tennis","drop"
182,"ashe",0.0010094620742673,127.511828233476,"Tennis","drop"
182,"borg",0.0010094620742673,57.1185010840779,"Tennis","drop"
182,"backhand",0.00099080288620321,296.679405841377,"Tennis","keep"
182,"navratilova",0.00099080288620321,296.679405841377,"Tennis","drop"
182,"huber",0.00097214369813912,45.4203241560776,"Tennis","drop"
182,"roddick",0.00097214369813912,291.09222305717,"Tennis","drop"
182,"arthur-ashe",0.000916166133946848,216.40325196445,"Tennis","drop"
182,"tiebreaker",0.000916166133946848,68.2371426632921,"Tennis","keep"
182,"forehand",0.000897506945882757,268.743491920343,"Tennis","keep"
182,"serena",0.000860188569754575,54.6298161777917,"Tennis","drop"
182,"top-ranked",0.000822870193626394,45.7033933801119,"Tennis","drop"
185,"prison",0.024934761391481,688.118246782008,"CriminalJustice","keep"
185,"jail",0.0106212753491201,212.196466757523,"CriminalJustice","keep"
185,"prisoners",0.00851962890018612,427.741108530349,"CriminalJustice","keep"
185,"crimes",0.00831264856809414,48.4209593350207,"CriminalJustice","drop"
185,"inmates",0.00831264856809414,1963.49124456675,"CriminalJustice","keep"
185,"rape",0.00586072771100451,185.71966925101,"CriminalJustice","keep"
185,"sentence",0.00528755140674979,100.738321220662,"CriminalJustice","keep"
185,"punishment",0.00425264974628988,52.5799357887512,"CriminalJustice","keep"
185,"prisons",0.00420488505426865,196.721083308124,"CriminalJustice","keep"
185,"death-penalty",0.00367947344203516,135.137202314982,"CriminalJustice","keep"
185,"detention",0.00358394405799271,74.7340338136928,"CriminalJustice","keep"
185,"execution",0.00355210092997855,36.5176701477853,"CriminalJustice","keep"
185,"sentences",0.00353617936597148,104.806334727985,"CriminalJustice","keep"
185,"inmate",0.00331327746987242,782.613537625626,"CriminalJustice","keep"
185,"parole",0.00321774808582997,151.024401169973,"CriminalJustice","keep"
185,"prisoner",0.00309037557377336,52.226537306055,"CriminalJustice","keep"
185,"offenders",0.00305853244575921,150.760336656091,"CriminalJustice","keep"
185,"cell",0.00288339524168138,61.1035044013141,"CriminalJustice","drop"
185,"guards",0.0027401011656177,33.8887499785283,"CriminalJustice","keep"
185,"detainees",0.00272417960161063,643.465527572055,"CriminalJustice","keep"
185,"torture",0.00264457178157525,65.6641989865692,"CriminalJustice","keep"
185,"criminal-justice",0.00253312083352572,92.6435761785811,"CriminalJustice","keep"
185,"sexual-assault",0.00235798362944789,65.0682011172259,"CriminalJustice","keep"
185,"correctional",0.00229429737341959,106.977560100553,"CriminalJustice","keep"
185,"criminals",0.00199178765728515,40.0113577179427,"CriminalJustice","keep"
185,"offenses",0.00192810140125685,30.198326216587,"CriminalJustice","keep"
185,"probation",0.00175296419717902,100.088004818951,"CriminalJustice","keep"
185,"detained",0.00154598386508703,33.8383260978064,"CriminalJustice","keep"
185,"raped",0.00148229760905873,41.7254981735423,"CriminalJustice","keep"
185,"jails",0.00129123884097383,80.0076622619947,"CriminalJustice","keep"
185,"imprisoned",0.0012434741489526,31.9866301631236,"CriminalJustice","keep"
185,"incarcerated",0.00122755258494552,101.669836977324,"CriminalJustice","keep"
185,"murders",0.00122755258494552,35.2483899925772,"CriminalJustice","keep"
185,"guantanamo",0.00116386632891722,67.4127615651102,"CriminalJustice","drop"
185,"executions",0.00114794476491015,99.1327331195585,"CriminalJustice","keep"
185,"rikers",0.00113202320090307,237.009365758522,"CriminalJustice","keep"
185,"amnesty",0.00108425850888184,36.9168833749677,"CriminalJustice","drop"
185,"pardon",0.00103649381686062,62.6395391626487,"CriminalJustice","drop"
185,"imprisonment",0.000988729124839391,43.4627415458392,"CriminalJustice","keep"
185,"incarceration",0.000988729124839391,49.5831641103155,"CriminalJustice","keep"
185,"offender",0.000925042868811089,35.9749591422739,"CriminalJustice","keep"
185,"prosecuted",0.000877278176789862,48.3160050331588,"CriminalJustice","keep"
185,"clemency",0.000861356612782787,184.776091803314,"CriminalJustice","keep"
185,"behind-bars",0.000829513484768636,66.5459559473466,"CriminalJustice","keep"
185,"prosecutions",0.00081359192076156,45.9761008111715,"CriminalJustice","keep"
185,"violent-crime",0.000797670356754485,37.7081245650748,"CriminalJustice","keep"
185,"nonviolent",0.000765827228740334,41.7686866681194,"CriminalJustice","drop"
185,"felons",0.000686219408704956,53.5253581743923,"CriminalJustice","keep"
185,"raping",0.000686219408704956,38.7521845794877,"CriminalJustice","keep"
185,"kizer",0.00067029784469788,200.709514547111,"CriminalJustice","drop"
186,"china",0.0870894731376179,1371.71872816692,"China","keep"
186,"chinese",0.0473617317998315,1066.95167892677,"China","keep"
186,"beijing",0.0167169719878212,4451.94468766931,"China","keep"
186,"hong-kong",0.0108155066770629,348.748951853712,"China","keep"
186,"taiwan",0.0102385477779664,470.72122041424,"China","keep"
186,"wang",0.00552396934534946,157.518689202399,"China","drop"
186,"xi",0.00552396934534946,386.950525856584,"China","drop"
186,"chen",0.00491404136630461,231.845334299302,"China","drop"
186,"huawei",0.00390848442787931,1133.83551090125,"China","drop"
186,"singapore",0.00331504098880865,169.902690422909,"China","drop"
186,"shanghai",0.0030348038092475,113.499188191312,"China","keep"
186,"yuan",0.00283698932955728,190.066352685764,"China","drop"
186,"jinping",0.00217760773058987,652.04833036234,"China","drop"
186,"mainland",0.00168307153136431,59.800374071288,"China","keep"
186,"wong",0.00166658699139012,79.4340968668012,"China","drop"
186,"li",0.00161713337146757,47.9452249837773,"China","drop"
186,"liu",0.00127095803200968,35.6190010094256,"China","drop"
186,"xinjiang",0.00123798895206131,384.987581352044,"China","keep"
186,"state-owned",0.00122150441208712,32.978429735084,"China","drop"
186,"geopolitical",0.00118853533213875,58.2802957213895,"China","drop"
186,"mao",0.0011390817122162,79.0682633072877,"China","drop"
186,"han",0.00112259717224201,52.7051591290653,"China","drop"
186,"malaysia",0.00112259717224201,43.3480049890293,"China","drop"
186,"taiwanese",0.00110611263226783,66.988476358787,"China","drop"
186,"china’s",0.00105665901234527,249.588407622069,"China","drop"
186,"meng",0.00104017447237109,245.694672713768,"China","drop"
186,"wechat",0.00100720539242272,313.218924375631,"China","drop"
186,"zhang",0.000974236312474346,40.1108676315545,"China","drop"
186,"chinese-communist-party",0.00092478269255179,268.275715569634,"China","keep"
186,"huang",0.00092478269255179,53.2710338173126,"China","drop"
186,"taipei",0.000908298152577605,214.544793447363,"China","keep"
186,"lu",0.00089181361260342,46.5231493827243,"China","drop"
186,"wu",0.000875329072629235,42.2832211060196,"China","drop"
186,"malaysian",0.000809390912732494,51.5329013985106,"China","drop"
186,"alibaba",0.000792906372758309,175.446459455117,"China","drop"
186,"hu",0.000776421832784123,33.2912041372779,"China","drop"
186,"wuhan",0.000743452752835753,175.607444364357,"China","keep"
186,"wei",0.000578607353093901,39.2987925584335,"China","drop"
186,"jin",0.000562122813119716,48.2974417263893,"China","drop"
186,"peking",0.000545638273145531,33.1298674452716,"China","keep"
186,"quad",0.00051266919319716,30.0598712821304,"China","drop"
186,"shaheen",0.000479700113248789,33.7551793015103,"China","drop"
186,"mei",0.000463215573274604,35.9854148531432,"China","drop"
186,"guo",0.000331339253481123,41.6331280453939,"China","drop"
188,"plant",0.0293350570398205,34.037097505911,"Electricity","keep"
188,"utility",0.0154663110158345,95.817776816761,"Electricity","keep"
188,"utilities",0.0114979677582338,240.913225238962,"Electricity","keep"
188,"electricity",0.0108433956745059,98.87238012529,"Electricity","keep"
188,"edison",0.00509543456426978,120.614939874462,"Electricity","keep"
188,"reactor",0.00509543456426978,371.799984952464,"Electricity","keep"
188,"grid",0.00372492426396438,55.9758998144092,"Electricity","keep"
188,"nuclear-power",0.00364310275349838,860.520001652265,"Electricity","keep"
188,"transmission",0.00358173662064889,47.3718399097791,"Electricity","keep"
188,"reactors",0.00302944142500343,670.324757631287,"Electricity","keep"
188,"uranium",0.00227259245319298,502.856722301391,"Electricity","keep"
188,"regulatory-commission",0.00217031556511049,151.642437332582,"Electricity","drop"
188,"nuclear-plant",0.00176120801278052,233.086006102756,"Electricity","keep"
188,"shoreham",0.00176120801278052,142.052742468822,"Electricity","drop"
188,"pepco",0.00174075263516402,369.271355286399,"Electricity","keep"
188,"electric-power",0.00165893112469803,91.2609127059365,"Electricity","keep"
188,"pg-e",0.00161802036946503,382.184908089243,"Electricity","drop"
188,"generators",0.00159756499184853,90.7975003152117,"Electricity","keep"
188,"power-plant",0.00157710961423203,89.8642398777565,"Electricity","keep"
188,"nuclear-power-plant",0.00155665423661554,451.579092673329,"Electricity","keep"
188,"entergy",0.00116800206190206,311.053974275961,"Electricity","drop"
188,"seabrook",0.00112709130666907,86.3124216811047,"Electricity","keep"
188,"blackout",0.00108618055143607,42.1266198891108,"Electricity","keep"
188,"lilco",0.00102481441858657,297.29451436181,"Electricity","drop"
188,"chernobyl",0.00100435904097008,102.333621706851,"Electricity","drop"
188,"outage",0.000881626775271085,62.2422022120909,"Electricity","keep"
188,"nuclear-power-plants",0.000861171397654587,78.9933918660429,"Electricity","keep"
188,"outages",0.000779349887188592,44.5802961503907,"Electricity","keep"
188,"generator",0.000738439131955596,30.4796973177698,"Electricity","keep"
188,"megawatts",0.000738439131955596,163.394488524574,"Electricity","keep"
188,"plutonium",0.000738439131955596,163.394488524574,"Electricity","drop"
188,"turbines",0.000636162243873103,76.6574579459743,"Electricity","keep"
188,"hydroelectric",0.000472519222941115,41.1466075153243,"Electricity","keep"
188,"toshiba",0.00041115309009162,50.9017383378689,"Electricity","drop"
188,"atoms",0.000370242334858623,30.0924867008533,"Electricity","drop"
189,"snow",0.0168324929638393,119.441277591715,"Water","keep"
189,"ice",0.0126642135700262,53.9842066446159,"Water","keep"
189,"drought",0.00404743431895043,116.746773177131,"Water","keep"
189,"freezing",0.00332936938136079,96.21924883224,"Water","keep"
189,"dam",0.00297909380204876,91.5291819206148,"Water","keep"
189,"pipes",0.00240113909618392,59.8171479966906,"Water","keep"
189,"sewer",0.0020508635168719,57.130238115558,"Water","drop"
189,"sewage",0.00196329462204389,107.971365641674,"Water","drop"
189,"reservoir",0.00145539503204146,35.9733432723123,"Water","keep"
189,"gallons",0.00140285369514465,39.9366559764378,"Water","drop"
189,"frigid",0.00138533991617905,80.7578882888042,"Water","keep"
189,"rainfall",0.00138533991617905,113.148696552809,"Water","drop"
189,"basin",0.00135031235824785,34.3369378620234,"Water","keep"
189,"dams",0.00133279857928225,277.411270398053,"Water","keep"
189,"drinking-water",0.00129777102135105,77.017183047727,"Water","keep"
189,"reservoirs",0.00117517456859184,64.3137141401177,"Water","keep"
189,"blizzard",0.00110511945272943,33.0757403130262,"Water","drop"
189,"melting",0.000912467884107822,43.4229112404811,"Water","keep"
189,"moisture",0.000824898989279816,36.1041642532118,"Water","keep"
189,"snowstorm",0.000824898989279816,31.6585105896807,"Water","keep"
189,"downstream",0.000597219862727,34.3230521954622,"Water","keep"
192,"gun",0.0237953200187736,363.742228245051,"Gun_Control","keep"
192,"shooting",0.0149758711569638,42.9684915091224,"Gun_Control","keep"
192,"guns",0.0126033878374127,266.288787388065,"Gun_Control","keep"
192,"turner",0.0124314687562858,88.31718100824,"Gun_Control","drop"
192,"firearms",0.00558908932743536,427.803753944601,"Gun_Control","keep"
192,"gunman",0.0037151713431522,822.056274005822,"Gun_Control","drop"
192,"shootings",0.00362921180258876,743.664748704505,"Gun_Control","keep"
192,"rifle",0.00357763607825069,114.008083812239,"Gun_Control","keep"
192,"brady",0.00333694936467304,51.8859301154398,"Gun_Control","drop"
192,"gun-control",0.00318222219165883,165.80321380093,"Gun_Control","keep"
192,"shooter",0.00316503028354614,147.776218902599,"Gun_Control","drop"
192,"gun-violence",0.00297591929430655,168.808412172739,"Gun_Control","keep"
192,"rifles",0.00203036434810863,90.5881381306136,"Gun_Control","keep"
192,"background-checks",0.00201317243999594,70.8849828338638,"Gun_Control","keep"
192,"handgun",0.00199598053188325,441.650779324738,"Gun_Control","keep"
192,"massacre",0.00187563717509443,49.2079383103803,"Gun_Control","keep"
192,"pistol",0.00166933427774215,82.6423037573722,"Gun_Control","keep"
192,"firearm",0.00154899092095333,112.184747199554,"Gun_Control","keep"
192,"nra",0.00149741519661526,434.394086970119,"Gun_Control","keep"
192,"semiautomatic",0.00148022328850257,327.529130920413,"Gun_Control","keep"
192,"sniper",0.00148022328850257,63.4066741128942,"Gun_Control","drop"
192,"handguns",0.00139426374793912,295.999785583712,"Gun_Control","keep"
192,"gunfire",0.00130830420737567,109.745081618855,"Gun_Control","keep"
192,"national-rifle-association",0.00122234466681222,81.234287092492,"Gun_Control","keep"
192,"mass-shootings",0.000998849861347261,125.613266174975,"Gun_Control","keep"
192,"shooters",0.000981657953234572,53.9402420118655,"Gun_Control","drop"
192,"alcohol-tobacco",0.000964466045121882,256.849714717828,"Gun_Control","drop"
192,"hinckley",0.000947274137009193,53.917867814887,"Gun_Control","drop"
192,"rampage",0.000947274137009193,47.5470546112687,"Gun_Control","drop"
192,"whittle",0.000947274137009193,35.2381637095781,"Gun_Control","drop"
192,"mass-shooting",0.000930082228896503,86.7850197453431,"Gun_Control","keep"
192,"columbine",0.000809738872107676,78.4059694694812,"Gun_Control","drop"
192,"remington",0.000809738872107676,34.0264465007329,"Gun_Control","drop"
192,"opened-fire",0.000792546963994987,53.6495753539049,"Gun_Control","drop"
192,"pistols",0.000775355055882298,37.2089584928525,"Gun_Control","keep"
192,"machine-guns",0.00068939551531885,39.0613078784657,"Gun_Control","keep"
192,"sandy-hook",0.00068939551531885,35.7595714383436,"Gun_Control","keep"
192,"gunshots",0.000500284526079265,30.9383640295935,"Gun_Control","keep"
197,"tobacco",0.0140006410848459,220.740443364038,"Air Pollution","keep"
197,"epa",0.0113747285802506,652.299747622248,"Air Pollution","keep"
197,"smoking",0.00947320573209535,59.5750991707487,"Air Pollution","keep"
197,"chemical",0.00943698624927334,30.2633284255566,"Air Pollution","keep"
197,"waste",0.00777089003946113,32.3669591041903,"Air Pollution","drop"
197,"cigarette",0.00635833020940294,205.702560701507,"Air Pollution","keep"
197,"toxic",0.00614101331247091,48.5405594040022,"Air Pollution","keep"
197,"asbestos",0.00586936719130587,383.453529228675,"Air Pollution","keep"
197,"smoke",0.00554339184590783,50.7764898876883,"Air Pollution","keep"
197,"cigarettes",0.00521741650050979,201.563771873872,"Air Pollution","keep"
197,"philip-morris",0.00404028330879463,174.304801974291,"Air Pollution","drop"
197,"cleanup",0.00371430796339659,47.5830996383099,"Air Pollution","keep"
197,"environmental-protection-agency",0.00353321054928657,123.350742191476,"Air Pollution","keep"
197,"smokers",0.00326156442812153,204.012368488229,"Air Pollution","drop"
197,"nicotine",0.00317101572106652,844.482278501318,"Air Pollution","drop"
197,"hazardous",0.00273638192720246,96.109214892651,"Air Pollution","keep"
197,"contamination",0.00260961373732545,111.709904021103,"Air Pollution","keep"
197,"osha",0.00217497994346139,579.225137909813,"Air Pollution","drop"
197,"ozone",0.00210254097781738,88.6892366968564,"Air Pollution","keep"
197,"e.p.a",0.00190333382229635,449.577443934151,"Air Pollution","keep"
197,"tobacco-companies",0.00183089485665234,405.122258151092,"Air Pollution","keep"
197,"air-quality",0.00181278511524134,64.7344362088686,"Air Pollution","keep"
197,"rjr",0.00168601692536432,449.007996164893,"Air Pollution","drop"
197,"pesticides",0.00161357795972031,102.874949814634,"Air Pollution","keep"
197,"contaminated",0.0015049195112543,77.1402748637893,"Air Pollution","keep"
197,"liggett",0.00137815132137728,399.796119546238,"Air Pollution","drop"
197,"radioactive",0.00137815132137728,78.0337193909169,"Air Pollution","drop"
197,"vaping",0.00126949287291127,394.784614088836,"Air Pollution","drop"
197,"ruckelshaus",0.00123327339008926,357.767618148473,"Air Pollution","drop"
197,"latimer",0.00121516364867826,52.4504409469431,"Air Pollution","drop"
197,"fluoride",0.00119705390726726,318.790854419972,"Air Pollution","drop"
197,"hazards",0.00117894416585626,30.9633208266173,"Air Pollution","keep"
197,"superfund",0.00116083442444525,256.857930242186,"Air Pollution","keep"
197,"juul",0.00114272468303425,304.322283114981,"Air Pollution","drop"
197,"altria",0.00112461494162325,248.84364224711,"Air Pollution","drop"
197,"pesticide",0.00108839545880124,63.7478759819936,"Air Pollution","keep"
197,"pollutants",0.00108839545880124,229.866360515008,"Air Pollution","keep"
197,"wastes",0.000943517527513224,39.0023488031982,"Air Pollution","keep"
197,"air-pollution",0.000925407786102222,46.0978409032764,"Air Pollution","keep"
197,"smoker",0.000925407786102222,89.1376475711879,"Air Pollution","drop"
197,"smoke-free",0.000871078561869215,205.753330668246,"Air Pollution","drop"
197,"lebow",0.000852968820458213,40.3498445287022,"Air Pollution","drop"
197,"lung-cancer",0.000744310371992198,31.4625248744052,"Air Pollution","keep"
197,"sludge",0.000708090889170193,167.254786468366,"Air Pollution","keep"
197,"soot",0.000708090889170193,38.6182825542357,"Air Pollution","keep"
197,"dumps",0.000689981147759191,40.9230194174429,"Air Pollution","drop"
197,"barclay",0.000653761664937186,30.642240030045,"Air Pollution","drop"
198,"rent",0.0130196590709917,83.9986624936348,"Housing","keep"
198,"apartments",0.00819589860515423,290.178394410232,"Housing","keep"
198,"rental",0.00762663494769516,128.841948534287,"Housing","keep"
198,"homeowners",0.00687760381945953,179.000927056964,"Housing","keep"
198,"tenants",0.0061285726912239,302.648832773708,"Housing","keep"
198,"condominium",0.00415113051268185,224.135844993389,"Housing","keep"
198,"co-op",0.00368673121317576,216.57852295526,"Housing","keep"
198,"rents",0.00353692498752863,107.1574548136,"Housing","keep"
198,"hud",0.00328225440392852,703.194497148543,"Housing","keep"
198,"builders",0.0032522931587991,38.3307248753731,"Housing","drop"
198,"landlords",0.0031474288008461,258.728379279653,"Housing","keep"
198,"median",0.00280287448185772,32.8982046723139,"Housing","drop"
198,"tenant",0.00277291323672829,151.040651257956,"Housing","keep"
198,"landlord",0.00272797136903415,130.506464732307,"Housing","keep"
198,"condo",0.00257816514338703,159.569540730399,"Housing","keep"
198,"builder",0.0024283589177399,48.8207774263101,"Housing","keep"
198,"affordable-housing",0.00193399837310439,96.6846567994105,"Housing","keep"
198,"realtors",0.00188905650541025,150.127054475008,"Housing","keep"
198,"renters",0.00181415339258669,111.663644397667,"Housing","keep"
198,"renting",0.00181415339258669,47.4044409532964,"Housing","keep"
198,"home-builders",0.00161940529924543,157.26124466367,"Housing","keep"
198,"two-bedroom",0.001589444054116,144.699851840104,"Housing","drop"
198,"condominiums",0.00157446343155129,348.381655259351,"Housing","keep"
198,"co-ops",0.00151454094129244,137.258266454694,"Housing","keep"
198,"kb",0.00137971533821002,151.827136105787,"Housing","drop"
198,"single-family",0.00137971533821002,75.7985587069654,"Housing","keep"
198,"urban-development",0.00136473471564531,58.7026071829549,"Housing","keep"
198,"rentals",0.00130481222538646,75.0812252632956,"Housing","keep"
198,"homeownership",0.00118496724486876,315.572020740294,"Housing","keep"
198,"remodeling",0.00115500599973934,60.840854054384,"Housing","drop"
198,"condos",0.00108010288691577,78.0183680915564,"Housing","keep"
198,"one-bedroom",0.00108010288691577,229.040496300868,"Housing","drop"
198,"lennar",0.00102018039665692,214.090021967522,"Housing","drop"
198,"single-family-homes",0.00102018039665692,58.4487873923528,"Housing","keep"
198,"eviction",0.000900335416139224,52.0555389180584,"Housing","keep"
198,"middle-income",0.000855393548445086,40.1445837163421,"Housing","drop"
198,"apartment-buildings",0.000690606700233248,39.6060067771922,"Housing","keep"
198,"complexes",0.000645664832539111,33.5613576606461,"Housing","keep"
198,"dwellings",0.000645664832539111,47.575446023314,"Housing","keep"
198,"moderate-income",0.000600722964844973,126.841120918309,"Housing","drop"
198,"elliman",0.00046589736176256,46.7468463105085,"Housing","drop"
198,"townhouses",0.00040597487150371,40.2977172127725,"Housing","keep"
201,"survey",0.025916381332574,168.789102336053,"PublicOpinion","keep"
201,"poll",0.0110582919845811,536.107145247531,"PublicOpinion","keep"
201,"respondents",0.00446754418041305,479.403629891702,"PublicOpinion","keep"
201,"surveys",0.00445309078610566,55.3598317512008,"PublicOpinion","keep"
201,"surveyed",0.00360034052196988,85.2262458280885,"PublicOpinion","keep"
201,"polling",0.00258860292045285,123.398146937752,"PublicOpinion","keep"
201,"polled",0.0015045983473989,84.0923864867575,"PublicOpinion","keep"
201,"pew",0.00149014495309151,43.2098321992022,"PublicOpinion","keep"
201,"gallup",0.00112881009540686,69.8559696555678,"PublicOpinion","keep"
201,"pew-research",0.000912009180796065,43.9912912587213,"PublicOpinion","keep"
201,"registered-voters",0.000868648997873906,231.332402444136,"PublicOpinion","keep"
201,"pollsters",0.000738568449107431,163.423102541583,"PublicOpinion","keep"
201,"approval-rating",0.000608487900340955,72.769641366827,"PublicOpinion","keep"
201,"quinnipiac",0.000521767534496639,68.4355471952537,"PublicOpinion","keep"
204,"tax",0.0755999346008214,232.65549490109,"Taxation","keep"
204,"taxes",0.0223277559960977,91.7909884476357,"Taxation","keep"
204,"irs",0.00919378188074612,565.181709790692,"Taxation","keep"
204,"social-security",0.00694162473648138,42.8026883678623,"Taxation","drop"
204,"capital-gains",0.00420222205619782,929.826026040581,"Taxation","keep"
204,"income-tax",0.00393153009174292,139.37810093313,"Taxation","keep"
204,"deduction",0.00387739169885194,1032.59928821397,"Taxation","keep"
204,"ira",0.00318442026984741,39.788521891619,"Taxation","keep"
204,"deductions",0.00300034973401808,170.975181047789,"Taxation","keep"
204,"internal-revenue",0.00269717473382859,99.8372147720571,"Taxation","keep"
204,"income-taxes",0.00203668634055864,96.4733168395629,"Taxation","keep"
204,"taxation",0.00184178812615112,82.444772673122,"Taxation","keep"
204,"taxed",0.00183096044757292,107.888102377225,"Taxation","keep"
204,"tax-code",0.00157109616169622,99.7055628062805,"Taxation","keep"
204,"tax-breaks",0.00147364705449246,53.476566206962,"Taxation","keep"
204,"deduct",0.00146281937591426,304.309417385701,"Taxation","keep"
204,"tax-reform",0.00143033634017967,92.8870919283051,"Taxation","keep"
204,"tax-returns",0.00141950866160148,83.1518842852599,"Taxation","keep"
204,"iras",0.00119212741145937,281.586754887335,"Taxation","keep"
204,"earners",0.00114881669714658,42.1006383022317,"Taxation","drop"
204,"pensions",0.00113798901856839,33.8603590096628,"Taxation","drop"
204,"i.r.s",0.0011055059828338,66.9420798813458,"Taxation","keep"
204,"deductible",0.000975573839895448,55.8544502151466,"Taxation","keep"
204,"pension-plan",0.000910607768426273,57.8306190035339,"Taxation","drop"
204,"taxing",0.000845641696957098,31.6482535565271,"Taxation","keep"
204,"annuity",0.00081315866122251,170.864857917294,"Taxation","drop"
204,"tax-deferred",0.000780675625487923,226.470838762821,"Taxation","keep"
204,"adjusted-gross-income",0.000715709554018747,190.60266113081,"Taxation","keep"
204,"depreciation",0.000704881875440551,31.0995589172629,"Taxation","drop"
204,"taxable-income",0.000639915803971376,151.151473331894,"Taxation","keep"
204,"brackets",0.000607432768236788,46.3255459753706,"Taxation","keep"
204,"filers",0.000596605089658593,173.072721440103,"Taxation","drop"
204,"retirement-benefits",0.000585777411080396,33.0747228726485,"Taxation","drop"
204,"roth-ira",0.000564122053924005,168.916944137631,"Taxation","keep"
204,"pension-plans",0.000509983661033026,35.3533284541971,"Taxation","drop"
204,"annuities",0.000488328303876634,108.052444664855,"Taxation","drop"
204,"excise",0.000466672946720242,103.260761974617,"Taxation","drop"
206,"shareholders",0.0141603221577797,236.389261076234,"Corporate","keep"
206,"merger",0.0136994230185892,172.494753382316,"Corporate","keep"
206,"stake",0.0111055255375638,48.3062442177784,"Corporate","keep"
206,"takeover",0.00922977322690494,144.030853374945,"Corporate","keep"
206,"shareholder",0.00596060491404231,206.271651339532,"Corporate","keep"
206,"tender-offer",0.00242347198537127,536.241849012933,"Corporate","keep"
206,"buyout",0.0024020348161066,104.304500158367,"Corporate","keep"
206,"icahn",0.00180179407669576,132.837965063685,"Corporate","keep"
206,"buffett",0.00142664361456398,44.3783985713331,"Corporate","keep"
206,"takeovers",0.00141592502993165,121.699523091573,"Corporate","keep"
206,"mesa",0.00135161352213763,32.1244532492381,"Corporate","drop"
206,"stockholders",0.00124442767581426,58.9646451354976,"Corporate","keep"
206,"takeover-bid",0.00103005598316753,135.081839610799,"Corporate","keep"
206,"berkshire",0.00092287013684417,47.9974279354937,"Corporate","keep"
206,"allergan",0.000879995798314824,234.354201366919,"Corporate","drop"
206,"kohlberg",0.000879995798314824,234.354201366919,"Corporate","drop"
206,"leveraged-buyout",0.000858558629050151,55.8700241424702,"Corporate","keep"
206,"berkshire-hathaway",0.000847840044417815,32.8960770643546,"Corporate","keep"
206,"buy-out",0.000847840044417815,225.790710452172,"Corporate","keep"
206,"pickens",0.000837121459785478,173.31815754618,"Corporate","drop"
206,"ackman",0.000783528536623796,185.073554947811,"Corporate","drop"
206,"valeant",0.00074065419809445,214.860784683548,"Corporate","drop"
206,"revlon",0.000708498444197441,167.351053106024,"Corporate","keep"
206,"proxy-fight",0.000697779859565104,148.580513400863,"Corporate","keep"
206,"conseco",0.000654905521035758,35.4428542211887,"Corporate","drop"
206,"suitor",0.000644186936403422,38.8245498014005,"Corporate","keep"
206,"recapitalization",0.000612031182506412,177.54776853011,"Corporate","keep"
206,"closing-price",0.000579875428609403,40.750649271023,"Corporate","drop"
206,"hostile-takeover",0.000579875428609403,124.233273917382,"Corporate","keep"
206,"kravis-roberts",0.000515563920815384,121.778905512855,"Corporate","keep"
206,"poison-pill",0.000483408166918375,106.963765548356,"Corporate","keep"
206,"kravis",0.000451252413021365,54.0460128358008,"Corporate","keep"
206,"zell",0.000429815243756692,95.1052549554119,"Corporate","drop"
207,"depression",0.00443558721283268,39.4897265122225,"MentalHealth","keep"
207,"anxiety",0.0038294292863607,34.5265726888859,"MentalHealth","keep"
207,"mental-health",0.00324454005906318,53.9755209741981,"MentalHealth","keep"
207,"trauma",0.00276599432763793,42.6795566688305,"MentalHealth","keep"
207,"disorder",0.00226617989703823,36.3873590332715,"MentalHealth","drop"
207,"psychiatrist",0.00167065632015347,42.7307594926602,"MentalHealth","keep"
207,"therapist",0.00167065632015347,45.5893551982107,"MentalHealth","keep"
207,"psychologist",0.00158558152345565,34.3333759635991,"MentalHealth","keep"
207,"psychologists",0.00108576709285595,50.9187426936291,"MentalHealth","keep"
207,"empathy",0.00094752054822199,43.9713951918849,"MentalHealth","keep"
207,"psychiatrists",0.000841177052349713,53.6299138968767,"MentalHealth","keep"
208,"salt",0.0075416862934527,178.687333565623,"Cooking","keep"
208,"pepper",0.0058315306692909,125.396467678668,"Cooking","keep"
208,"tablespoons",0.00435139597703391,1353.18930747642,"Cooking","keep"
208,"butter",0.00433139415686828,117.946631036435,"Cooking","keep"
208,"teaspoon",0.0042313850560401,897.283531981776,"Cooking","keep"
208,"recipe",0.0040013641241353,63.6714134562612,"Cooking","keep"
208,"garlic",0.00377134319223049,834.485423752152,"Cooking","keep"
208,"cups",0.00331130132842089,54.1020807838738,"Cooking","keep"
208,"oven",0.00330130041833807,121.226153153231,"Cooking","keep"
208,"tomatoes",0.00329129950825525,146.00090148192,"Cooking","keep"
208,"mixture",0.00315128676709581,49.6137044519529,"Cooking","keep"
208,"flour",0.00302127493601918,145.569094497698,"Cooking","keep"
208,"olive-oil",0.00300127311585354,272.893770469088,"Cooking","keep"
208,"chopped",0.00298127129568791,143.826898762248,"Cooking","keep"
208,"tablespoon",0.00276125127386592,858.688962983772,"Cooking","keep"
208,"baking",0.00217119757897969,96.109296908296,"Cooking","keep"
208,"beans",0.00216119666889687,32.0057119398882,"Cooking","keep"
208,"onion",0.00216119666889687,122.98534915049,"Cooking","keep"
208,"skillet",0.00201118301765461,583.436052110771,"Cooking","keep"
208,"lemon",0.0019511775571577,55.4018327728917,"Cooking","keep"
208,"pasta",0.00193117573699207,110.661274600652,"Cooking","keep"
208,"cooked",0.00192117482690925,50.5261252061259,"Cooking","keep"
208,"recipes",0.00180116390591544,88.0026390608886,"Cooking","keep"
208,"vinegar",0.00175115935550135,155.759914456159,"Cooking","drop"
208,"parsley",0.00174115844541853,361.530059935514,"Cooking","keep"
208,"bake",0.00167115207483881,77.8923023761628,"Cooking","keep"
208,"dough",0.00161114661434191,129.112670452398,"Cooking","drop"
208,"boil",0.00153113933367936,55.4067036453262,"Cooking","keep"
208,"servings",0.00153113933367936,407.762101152136,"Cooking","drop"
208,"ounces",0.00143113023285119,34.3494045310894,"Cooking","drop"
208,"minced",0.00141112841268555,409.362640242814,"Cooking","keep"
208,"mustard",0.00140112750260274,95.0964286538068,"Cooking","drop"
208,"slices",0.00140112750260274,75.8845235037053,"Cooking","drop"
208,"freshly-ground",0.0013811256824371,429.499984744871,"Cooking","keep"
208,"simmer",0.0013811256824371,181.488718645358,"Cooking","keep"
208,"onions",0.00134112204210583,132.954168199987,"Cooking","keep"
208,"tomato",0.00134112204210583,91.531367951363,"Cooking","keep"
208,"spoon",0.00133112113202301,35.4331255868896,"Cooking","keep"
208,"black-pepper",0.0013211202219402,395.587425055056,"Cooking","keep"
208,"grated",0.00126111476144329,297.881929231552,"Cooking","keep"
208,"teaspoons",0.00126111476144329,335.851083966586,"Cooking","keep"
208,"sprinkle",0.00124111294127766,104.309128399935,"Cooking","keep"
208,"basil",0.00119110839086357,53.8317709706213,"Cooking","keep"
208,"tofu",0.00111110111020103,96.8896505338698,"Cooking","keep"
208,"peeled",0.00106109655978694,54.3030727129391,"Cooking","keep"
208,"eggplant",0.00105109564970412,232.576022371655,"Cooking","keep"
208,"thyme",0.00101109200937285,238.825242230848,"Cooking","keep"
208,"garnish",0.00100109109929004,117.589004155987,"Cooking","keep"
208,"lemon-juice",0.000991090189207218,234.100707270791,"Cooking","keep"
208,"saucepan",0.000951086548875948,284.787010770142,"Cooking","keep"
209,"airlines",0.0256316755485866,1562.34625980208,"Airline","keep"
209,"airline",0.0224018864746505,959.771433865078,"Airline","keep"
209,"airport",0.0202660582160798,85.871825127715,"Airline","keep"
209,"flight",0.0190331817416203,118.38659329944,"Airline","keep"
209,"plane",0.0169841757699835,136.193472596757,"Airline","keep"
209,"flights",0.0139801246420751,349.836369400031,"Airline","keep"
209,"planes",0.0115143716931561,287.886502007629,"Airline","keep"
209,"passengers",0.0112365403749681,240.48656894877,"Airline","drop"
209,"aircraft",0.0110108024289403,233.466329540862,"Airline","keep"
209,"boeing",0.0100383928152821,680.773022680548,"Airline","keep"
209,"pilots",0.00962164583800003,455.682798560101,"Airline","keep"
209,"delta",0.00929172114765172,127.69664480062,"Airline","keep"
209,"carrier",0.0086666006817286,149.833849901178,"Airline","keep"
209,"carriers",0.0076247332385234,86.5470561315015,"Airline","keep"
209,"aviation",0.00696488385782677,136.864800464213,"Airline","keep"
209,"airports",0.00693015494305326,295.077141300672,"Airline","keep"
209,"pilot",0.00665232362486521,35.7338426786154,"Airline","keep"
209,"fares",0.00592301641462157,339.580560377645,"Airline","drop"
209,"jet",0.00581882967030105,44.7534493620414,"Airline","keep"
209,"continental",0.00574937184075403,38.1669687176427,"Airline","keep"
209,"faa",0.00500270017312364,1071.83695819636,"Airline","keep"
209,"airbus",0.00439494416458727,932.313388635068,"Airline","drop"
209,"routes",0.00368300141173039,36.1342437755057,"Airline","keep"
209,"american-airlines",0.0032315255196748,217.362755725948,"Airline","keep"
209,"airplane",0.00317943214751454,43.7511925293174,"Airline","keep"
209,"federal-aviation-administration",0.00281477854239272,170.345051826201,"Airline","keep"
209,"international-airport",0.00274532071284571,35.796726089899,"Airline","keep"
209,"usair",0.00253694722420467,535.796819557543,"Airline","keep"
209,"united-airlines",0.0024501249372709,515.603162590332,"Airline","keep"
209,"us-airways",0.0024501249372709,578.732376692911,"Airline","keep"
209,"airways",0.00241539602249739,110.978266493851,"Airline","keep"
209,"flown",0.00236330265033713,31.5527126713567,"Airline","keep"
209,"amr",0.00234593819295038,234.869130332309,"Airline","drop"
209,"airplanes",0.00225911590601661,61.2657296964503,"Airline","keep"
209,"f.a.a",0.00224175144862986,671.255097340467,"Airline","keep"
209,"delta-air-lines",0.0022243869912431,212.178033172163,"Airline","keep"
209,"jetblue",0.00215492916169609,625.136226609815,"Airline","drop"
209,"twa",0.00205074241737557,546.139086520251,"Airline","keep"
209,"air-traffic",0.00203337795998882,121.920362309129,"Airline","keep"
209,"controllers",0.00179027555657427,86.524222777353,"Airline","drop"
209,"flight-attendants",0.00179027555657427,422.872487859952,"Airline","keep"
209,"baggage",0.00172081772702726,38.290667829041,"Airline","drop"
209,"british-airways",0.001668724354867,444.402762189637,"Airline","keep"
209,"airline-industry",0.00159926652531998,341.731175040154,"Airline","keep"
209,"braniff",0.00158190206793323,373.653575596912,"Airline","drop"
209,"concorde",0.00142562195145245,83.7001016158011,"Airline","keep"
209,"fliers",0.0014082574940657,37.4232214993551,"Airline","drop"
209,"ryanair",0.00128670629235842,373.268286799253,"Airline","drop"
209,"northwest-airlines",0.00123461292019816,273.182904171634,"Airline","keep"
209,"o'hare",0.00121724846281141,70.5131610713916,"Airline","keep"
214,"dog",0.0238383634140129,152.355273740846,"Animal","keep"
214,"animals",0.0163724702968276,91.9441621852328,"Animal","keep"
214,"animal",0.0160808338469375,169.597255347788,"Animal","keep"
214,"dogs",0.013164469348037,182.484715238488,"Animal","keep"
214,"bird",0.0101508926991731,62.644654369236,"Animal","keep"
214,"cat",0.00904267418959091,155.61961569929,"Animal","keep"
214,"birds",0.00847884371980348,95.3911450056405,"Animal","keep"
214,"cats",0.0078761283900307,323.123502233979,"Animal","keep"
214,"pet",0.00774003138008201,129.261050018921,"Animal","keep"
214,"deer",0.00725397063026525,176.06935121114,"Animal","keep"
214,"zoo",0.00632073399061708,240.950372069125,"Animal","keep"
214,"hunting",0.00503753361110085,34.3431442758247,"Animal","drop"
214,"pets",0.00416262426143069,84.4775520860128,"Animal","keep"
214,"animal-control",0.00303496332185582,908.7691685366,"Animal","keep"
214,"owl",0.00301552089186315,92.6477330042497,"Animal","keep"
214,"hunters",0.00256834500203173,51.9378627283701,"Animal","drop"
214,"bats",0.00231559341212702,181.633228119799,"Animal","keep"
214,"pigs",0.00217949640217833,47.6892716656567,"Animal","keep"
214,"humane-society",0.00196562967225896,434.935042075739,"Animal","keep"
214,"bat",0.00192674481227362,31.3139771128638,"Animal","keep"
214,"tail",0.00182953266231027,33.7953702962739,"Animal","keep"
214,"owls",0.00179064780232493,78.5209619598095,"Animal","keep"
214,"rabies",0.00163510836238356,474.338316974696,"Animal","keep"
214,"animal-shelter",0.00157678107240555,490.344546594172,"Animal","keep"
214,"rats",0.0014795689224422,64.343511645832,"Animal","keep"
214,"fur",0.00146012649244953,42.9498384553829,"Animal","keep"
214,"creatures",0.00142124163246419,35.8657409427443,"Animal","keep"
214,"hunts",0.00138235677247885,52.3594677275137,"Animal","drop"
214,"veterinarian",0.00132402948250084,84.3213140137636,"Animal","keep"
214,"monkeys",0.00130458705250817,54.475251387247,"Animal","keep"
214,"feral",0.00116849004255948,106.281028177274,"Animal","keep"
214,"geese",0.00112960518257414,67.1341977155943,"Animal","keep"
214,"panda",0.00107127789259613,51.0791121972186,"Animal","keep"
214,"cruelty",0.00103239303261079,38.0396995812539,"Animal","drop"
214,"ants",0.00101295060261812,47.646465879365,"Animal","drop"
214,"longnecker",0.00101295060261812,303.311170280313,"Animal","drop"
214,"pit-bull",0.00101295060261812,81.9051151613596,"Animal","keep"
214,"skunk",0.000993508172625447,234.6718476519,"Animal","keep"
214,"kennel",0.000974065742632777,205.95326209422,"Animal","keep"
214,"snakes",0.000876853592669426,52.567296280529,"Animal","drop"
214,"turkeys",0.000876853592669426,60.1447422382948,"Animal","keep"
214,"veterinary",0.000837968732684086,47.9551534337219,"Animal","keep"
214,"puppy",0.000779641442706075,39.2654919604927,"Animal","keep"
214,"rooster",0.000779641442706075,47.3045294686181,"Animal","keep"
214,"canine",0.000760199012713405,57.5596897496502,"Animal","keep"
214,"sightings",0.000760199012713405,35.7444470010253,"Animal","drop"
214,"squirrel",0.000760199012713405,40.3384942557404,"Animal","keep"
214,"raccoon",0.000701871722735395,96.3902384286044,"Animal","keep"
214,"coyote",0.000643544432757384,39.9045816816845,"Animal","keep"
214,"rabbits",0.000643544432757384,31.9498066424192,"Animal","keep"
215,"scientists",0.0155940603278216,42.0873434621636,"Science","keep"
215,"scientific",0.00742521095618989,54.9413429468585,"Science","keep"
215,"cells",0.00644445244500614,472.908901376854,"Science","keep"
215,"gene",0.0056002552455062,32.0480589660161,"Science","keep"
215,"dna",0.00543886460442533,151.853003630449,"Science","keep"
215,"genetic",0.00537679128093269,223.578957288713,"Science","keep"
215,"genes",0.00517815664575623,1112.43211857131,"Science","keep"
215,"laboratory",0.00406083682288867,40.6007760971948,"Science","keep"
215,"biological",0.00244693041207997,43.5014650198562,"Science","keep"
215,"bacteria",0.00214897845931528,125.876023810644,"Science","keep"
215,"biology",0.00212414912991823,53.4854329597615,"Science","keep"
215,"physics",0.00203724647702853,49.0437738885456,"Science","keep"
215,"mice",0.00177653851835943,100.235851341953,"Science","keep"
215,"genetics",0.00147858656559474,121.22880705658,"Science","keep"
215,"proteins",0.00130478125981534,107.033664160223,"Science","keep"
215,"genome",0.00116821994813153,275.939686502395,"Science","keep"
215,"molecules",0.00109373195994036,131.404923046693,"Science","keep"
215,"genetically",0.00105648796584477,69.1401281992082,"Science","keep"
215,"evolutionary",0.00100682930705066,45.1357671689421,"Science","keep"
215,"molecular",0.00100682930705066,58.8496636190034,"Science","keep"
215,"einstein",0.000919926654160961,33.0694429762687,"Science","keep"
215,"rna",0.000907511989462433,214.359097591127,"Science","keep"
215,"biologists",0.000882682660065376,68.9148600766098,"Science","keep"
215,"neurons",0.000820609336572733,181.576296576675,"Science","drop"
215,"human-genome",0.000783365342477148,243.609547575637,"Science","keep"
215,"organisms",0.000733706683683034,103.293272511689,"Science","keep"
215,"hypothesis",0.000708877354285977,150.493437976815,"Science","keep"
215,"particle",0.000708877354285977,205.642450928037,"Science","drop"
215,"nobel-prize",0.000634389366094806,34.8042087831256,"Science","keep"
215,"physicists",0.000634389366094806,135.422096301754,"Science","keep"
215,"biologist",0.000621974701396278,34.2995960278887,"Science","keep"
215,"microbes",0.000584730707300692,155.72130933646,"Science","keep"
215,"mutations",0.000547486713205106,41.8438573028131,"Science","keep"
215,"bacterium",0.000423340066219821,93.672491879949,"Science","keep"
215,"mammals",0.000386096072124236,38.9853807741491,"Science","drop"
216,"homeless",0.0107564623523818,186.141931431595,"Welfare & Poverty","keep"
216,"welfare",0.0104714633498783,128.9583539256,"Welfare & Poverty","keep"
216,"poverty",0.00930146744486395,57.3825364697343,"Welfare & Poverty","keep"
216,"disabled",0.00621147825982609,125.291916259042,"Welfare & Poverty","keep"
216,"shelter",0.00615147846982536,78.4099559558553,"Welfare & Poverty","keep"
216,"disability",0.0042614850848022,125.899612709155,"Welfare & Poverty","keep"
216,"disabilities",0.00384148655479706,90.9912570924573,"Welfare & Poverty","keep"
216,"shelters",0.0031514889697886,41.6923951757199,"Welfare & Poverty","keep"
216,"homelessness",0.00252149117478089,229.559060281327,"Welfare & Poverty","keep"
216,"neediest-cases",0.00211649259227593,613.985933413061,"Welfare & Poverty","keep"
216,"food-stamps",0.0018614934847728,98.8654261374235,"Welfare & Poverty","keep"
216,"handicapped",0.00175649385227152,65.8420437764619,"Welfare & Poverty","keep"
216,"needy",0.00148649479726821,42.6439034708225,"Welfare & Poverty","keep"
216,"mentally-ill",0.00129149547976582,59.0825161782181,"Welfare & Poverty","keep"
216,"legal-aid",0.00111149610976362,60.7164941682764,"Welfare & Poverty","keep"
216,"catholic-charities",0.00109649616226343,93.6271011586353,"Welfare & Poverty","keep"
216,"homeless-families",0.00106649626726306,284.021675391931,"Welfare & Poverty","keep"
216,"welfare-reform",0.000946496687261595,63.1784516581502,"Welfare & Poverty","keep"
216,"social-worker",0.00093149673976141,35.6653255869308,"Welfare & Poverty","keep"
216,"welfare-recipients",0.000871496949760676,205.852156085318,"Welfare & Poverty","keep"
216,"safety-net",0.000826497107260125,41.4107859042549,"Welfare & Poverty","keep"
216,"wheelchairs",0.000586497947257184,43.0435036226112,"Welfare & Poverty","keep"
217,"army",0.0266503626526407,53.6704612844503,"Military","keep"
217,"pentagon",0.0175897570996316,101.686747998406,"Military","keep"
217,"navy",0.0132041194538054,34.699555492756,"Military","keep"
217,"veterans",0.0104326401081791,31.357114917565,"Military","keep"
217,"soldiers",0.00988443540245078,57.4012302047523,"Military","keep"
217,"vietnam",0.0077068444880301,68.8645005142546,"Military","drop"
217,"gen",0.00731091886722635,149.524160093902,"Military","drop"
217,"civilian",0.00647338390014147,36.6255562602369,"Military","drop"
217,"commander",0.00598609082838299,59.1322072412382,"Military","keep"
217,"marines",0.00446329997913776,224.392093940691,"Military","keep"
217,"naval",0.00306233239783215,66.6941790940018,"Military","keep"
217,"defense-secretary",0.00291005331290763,42.2770636890015,"Military","keep"
217,"marine-corps",0.0026664067770284,101.918222328456,"Military","keep"
217,"national-guard",0.0026664067770284,56.7674986745447,"Military","keep"
217,"sgt",0.00240753233265671,139.867261709034,"Military","keep"
217,"armed-forces",0.00216388579677747,100.996899156456,"Military","keep"
217,"sergeant",0.00208774625431521,82.7225109705822,"Military","keep"
217,"colonel",0.00198115089486804,50.888244275231,"Military","keep"
217,"generals",0.00195069507788314,84.3535834454082,"Military","keep"
217,"commanders",0.00181364390145107,86.9011215358313,"Military","keep"
217,"infantry",0.00169182063351145,359.840252594097,"Military","keep"
217,"armed-services",0.001676592725019,85.8165285343984,"Military","keep"
217,"active-duty",0.00153954154858693,138.308736821372,"Military","keep"
217,"joint-chiefs",0.00152431364009447,337.285006706884,"Military","keep"
217,"vietnamese",0.00152431364009447,37.0748343112776,"Military","drop"
217,"military-personnel",0.0013568066466775,36.9339209079072,"Military","keep"
217,"maj",0.00126543919572279,46.381108070437,"Military","drop"
217,"mattis",0.00121975547024543,288.112647457728,"Military","keep"
217,"rumsfeld",0.00121975547024543,44.319196252237,"Military","keep"
217,"sergeant-major",0.00120452756175298,360.675696767341,"Military","keep"
217,"admiral",0.00115884383627562,43.7723962953381,"Military","keep"
217,"battalion",0.00115884383627562,57.6963253719047,"Military","keep"
217,"mckinney",0.00114361592778317,44.4883806489703,"Military","drop"
217,"troop",0.00112838801929071,42.9916458103881,"Military","keep"
217,"westmoreland",0.00111316011079826,74.2264181174009,"Military","keep"
217,"regiment",0.00105224847682845,49.2742943337392,"Military","keep"
217,"brig",0.0010065647513511,70.8156005020823,"Military","keep"
217,"naval-academy",0.00096088102587374,45.379182584502,"Military","keep"
217,"cadets",0.000869513574919026,58.2211576776241,"Military","drop"
217,"hagel",0.000823829849441669,91.960506781172,"Military","keep"
217,"saigon",0.000778146123964312,92.1467322640813,"Military","keep"
217,"deployments",0.000717234489994503,57.5500257738732,"Military","keep"
217,"lt-col",0.000671550764517146,38.8570788677552,"Military","keep"
217,"barracks",0.000641094947532242,36.2407847438522,"Military","keep"
217,"maj-gen",0.000580183313562432,32.1199314111483,"Military","keep"
217,"hanoi",0.000549727496577528,46.0698623775842,"Military","drop"
217,"aircraft-carrier",0.000534499588085075,36.1382769789631,"Military","keep"
217,"olds",0.000534499588085075,39.3404431679677,"Military","drop"
217,"servicemen",0.000534499588085075,30.4678271030269,"Military","keep"
217,"squadron",0.000519271679592623,31.5109056584598,"Military","drop"
218,"soccer",0.0154950137333175,439.501281302429,"Soccer","keep"
218,"world-cup",0.00814420087501744,1735.60494134834,"Soccer","keep"
218,"matches",0.00443755869717774,77.8046996725107,"Soccer","drop"
218,"mls",0.00291741892761428,846.331421128195,"Soccer","keep"
218,"midfielder",0.00285494743023495,674.35357540321,"Soccer","keep"
218,"manchester",0.00262588527317745,48.1098986612958,"Soccer","drop"
218,"fifa",0.00252176611087858,755.1008196124,"Soccer","keep"
218,"goalkeeper",0.00227188012136129,659.063226588765,"Soccer","keep"
218,"liverpool",0.0018762273046256,165.556658323695,"Soccer","drop"
218,"premier-league",0.00162634131510832,486.980792830128,"Soccer","drop"
218,"soccer-team",0.00162634131510832,99.0930082286402,"Soccer","keep"
218,"rooney",0.00158469365018877,69.548937049417,"Soccer","drop"
218,"1-0",0.00145975065543013,111.306951216134,"Soccer","drop"
218,"cosmos",0.00143892682297035,83.3201186470148,"Soccer","drop"
218,"dorrance",0.00141810299051058,303.893731687426,"Soccer","drop"
218,"barcelona",0.00133480766067148,34.5039884258928,"Soccer","drop"
218,"olsen",0.00133480766067148,41.4141052751006,"Soccer","drop"
218,"striker",0.00114739316853352,253.883782421757,"Soccer","keep"
218,"beckham",0.00112656933607375,85.2608143852045,"Soccer","drop"
218,"qatar",0.0010849216711542,38.7039568505736,"Soccer","drop"
218,"quaranta",0.000959978676395561,278.485928008635,"Soccer","drop"
218,"midfield",0.000939154843935788,207.806870911457,"Soccer","keep"
218,"fc",0.000918331011476014,41.6453519115375,"Soccer","keep"
218,"rfk-stadium",0.000668445021958731,34.4135820983226,"Soccer","drop"
218,"lavelle",0.000397735199981675,40.9581836964906,"Soccer","drop"
219,"dance",0.0146116991799771,42.3092464130125,"Classical_Music","keep"
219,"opera",0.0109439933299863,536.729108372408,"Classical_Music","keep"
219,"ballet",0.00929051938121995,561.119230616668,"Classical_Music","keep"
219,"orchestra",0.0090700561880511,522.223893362831,"Classical_Music","keep"
219,"dancers",0.00746668751045947,241.012698386399,"Classical_Music","keep"
219,"concert",0.00593346621251249,51.1999650831189,"Classical_Music","keep"
219,"symphony",0.00530213979571079,201.073319188799,"Classical_Music","keep"
219,"piano",0.00517186609065647,98.0720148967388,"Classical_Music","keep"
219,"composer",0.00412967645022192,331.322283112714,"Classical_Music","keep"
219,"pianist",0.00410963434175202,404.584273798887,"Classical_Music","keep"
219,"concerts",0.00389919220281812,104.685074131942,"Classical_Music","keep"
219,"mozart",0.00340816054530569,754.123969073924,"Classical_Music","keep"
219,"dancer",0.00316765524366694,93.2202752160462,"Classical_Music","drop"
219,"philharmonic",0.00295721310473304,787.543891412493,"Classical_Music","keep"
219,"ensemble",0.00286702361661852,56.0835417684696,"Classical_Music","keep"
219,"conductor",0.00285700256238357,144.745893365037,"Classical_Music","keep"
219,"bach",0.0024862235556905,94.4862211758156,"Classical_Music","keep"
219,"beethoven",0.00246618144722061,582.525008661688,"Classical_Music","keep"
219,"composers",0.00244613933875071,270.927610579147,"Classical_Music","keep"
219,"singers",0.00241607617604587,116.998614478197,"Classical_Music","drop"
219,"dances",0.00230584457946145,67.9212980650631,"Classical_Music","drop"
219,"lincoln-center",0.00230584457946145,109.94888452301,"Classical_Music","keep"
219,"chorus",0.00226576036252166,33.1802976514724,"Classical_Music","drop"
219,"soprano",0.0020853813862926,126.266083559407,"Classical_Music","keep"
219,"choreographer",0.00203527611511786,139.807515001065,"Classical_Music","drop"
219,"classical-music",0.00192504451853344,136.849340330401,"Classical_Music","keep"
219,"violinist",0.00174466554230438,144.555475830758,"Classical_Music","keep"
219,"sonata",0.00173464448806943,366.767534525997,"Classical_Music","keep"
219,"violin",0.0016644971084248,91.7209585515402,"Classical_Music","keep"
219,"recital",0.00165447605418985,122.96690859816,"Classical_Music","keep"
219,"quartet",0.00162441289148501,38.4577680477552,"Classical_Music","keep"
219,"choreography",0.00160437078301511,91.656740369144,"Classical_Music","keep"
219,"symphony-orchestra",0.00158432867454522,294.527090836689,"Classical_Music","keep"
219,"repertory",0.00151418129490059,157.423157768334,"Classical_Music","keep"
219,"carnegie-hall",0.00150416024066564,96.5755216646621,"Classical_Music","keep"
219,"concerto",0.00142399180678606,413.094258800082,"Classical_Music","keep"
219,"tenor",0.00135384442714142,60.0745510469562,"Classical_Music","keep"
219,"danced",0.00133380231867153,55.4560490046781,"Classical_Music","keep"
219,"operas",0.00128369704749679,62.5152798890174,"Classical_Music","keep"
219,"cello",0.0012636549390269,96.3711402554187,"Classical_Music","keep"
219,"balanchine",0.00122357072208711,366.377853646315,"Classical_Music","keep"
219,"metropolitan-opera",0.00120352861361721,257.560822852006,"Classical_Music","keep"
219,"orchestras",0.00118348650514731,261.870158034785,"Classical_Music","keep"
219,"tchaikovsky",0.00118348650514731,354.375303158312,"Classical_Music","keep"
219,"orchestral",0.00116344439667742,337.51050982892,"Classical_Music","keep"
219,"brahms",0.00113338123397258,328.789308024555,"Classical_Music","keep"
219,"ballet-theater",0.00111333912550268,296.496531128187,"Classical_Music","keep"
219,"schumann",0.00108327596279784,288.49032416703,"Classical_Music","keep"
219,"choral",0.00107325490856289,88.5461435103075,"Classical_Music","keep"
219,"choreographers",0.00107325490856289,311.346904415826,"Classical_Music","drop"
221,"gambling",0.0135200832880767,637.229962942968,"Gaming","keep"
221,"casino",0.0131169234636646,481.472106549112,"Gaming","keep"
221,"las-vegas",0.0123580343824184,61.7024952708371,"Gaming","keep"
221,"nevada",0.00661893570549412,89.4674120502955,"Gaming","drop"
221,"casinos",0.00623949116487103,525.384578961313,"Gaming","keep"
221,"kenny",0.00619206059729314,55.797137642456,"Gaming","drop"
221,"andrews",0.00564660907014744,52.1346335240616,"Gaming","drop"
221,"reid",0.00503001169163491,65.9021972722421,"Gaming","drop"
221,"president-donald-trump",0.00427112261038872,163.893536582113,"Gaming","drop"
221,"holston",0.00424740732659977,337.365863337856,"Gaming","drop"
221,"atlantic-city",0.004152546191444,181.59174034791,"Gaming","drop"
221,"union-address",0.00389167806976562,230.852984555874,"Gaming","drop"
221,"impeachment-trial",0.00308535842094155,682.697516001965,"Gaming","drop"
221,"gaming",0.00299049728578577,78.8135662518316,"Gaming","keep"
221,"vice-president-kamala-harris",0.00268219859652951,100.579636305936,"Gaming","drop"
221,"itt",0.00261105274516267,144.70328377445,"Gaming","drop"
221,"madison-square-garden",0.00256362217758479,31.3815063481407,"Gaming","drop"
221,"vegas",0.0025161916100069,113.268790896411,"Gaming","keep"
221,"caesars",0.00232646933969535,514.778065486493,"Gaming","drop"
221,"schaff",0.00225532348832852,308.996946386273,"Gaming","drop"
221,"doug-mills",0.00199445536665015,93.850182033186,"Gaming","drop"
221,"campaign-rally",0.00189959423149437,139.677364758384,"Gaming","drop"
221,"sands",0.00189959423149437,36.5596607802187,"Gaming","drop"
221,"joint-session",0.0018047330963386,98.3591395907169,"Gaming","drop"
221,"wynn",0.00173358724497177,61.3404653266233,"Gaming","drop"
221,"joe-biden-delivers",0.00170987196118282,511.992652193897,"Gaming","drop"
221,"republican-presidential-nominee",0.00156758025844916,82.7424560554979,"Gaming","drop"
221,"raskin",0.00144900383950445,89.458251150722,"Gaming","drop"
221,"reno",0.00135414270434867,39.2661659574045,"Gaming","drop"
221,"insurrection",0.00130671213677079,57.5462321099317,"Gaming","drop"
221,"mgm",0.00128299685298184,74.5375655132355,"Gaming","drop"
221,"tuesday-feb",0.00123556628540395,263.926904282105,"Gaming","drop"
221,"albright",0.00121185100161501,44.0698035133104,"Gaming","drop"
221,"incitement",0.00114070515024818,241.67099751723,"Gaming","drop"
221,"gamblers",0.00111698986645924,94.0401570415106,"Gaming","keep"
221,"egging",0.00106955929888135,236.661475570243,"Gaming","drop"
221,"violent-mob",0.00106955929888135,310.274823007116,"Gaming","drop"
221,"mgm-grand",0.00102212873130346,226.166509913026,"Gaming","drop"
221,"moneymaker",0.00102212873130346,62.8854327512386,"Gaming","drop"
221,"democratic-presidential-nomination",0.000950982879936633,65.3484275534335,"Gaming","drop"
221,"harrah",0.000950982879936633,114.570939322815,"Gaming","drop"
221,"student-debt",0.000903552312358746,54.3818069294554,"Gaming","drop"
221,"gambler",0.000784975893414028,35.9786463893776,"Gaming","keep"
221,"d-md",0.000666399474469311,33.0133986703188,"Gaming","drop"
221,"roulette",0.000595253623102481,31.7128206517296,"Gaming","keep"
221,"tom-brenner",0.00045296192036882,31.0047939322561,"Gaming","drop"
222,"baseball",0.0224391523135567,193.334208883514,"Baseball","keep"
222,"football",0.0121501366739854,72.1740883261697,"Baseball","drop"
222,"stadium",0.0115079094299029,79.5975941886638,"Baseball","drop"
222,"athletes",0.00729329314061164,167.498476546387,"Baseball","drop"
222,"leagues",0.00319909445958584,88.1732856726844,"Baseball","drop"
222,"major-league-baseball",0.00271742402652399,149.394843121993,"Baseball","keep"
222,"football-league",0.0021420954537001,124.331623615698,"Baseball","drop"
222,"athlete",0.00212871571944838,46.1788273880118,"Baseball","drop"
222,"leonsis",0.00139283033560387,370.928635756152,"Baseball","drop"
222,"mlb",0.00125903299308669,278.586335743288,"Baseball","keep"
222,"stadiums",0.00117875458757638,53.9945344424909,"Baseball","drop"
222,"rugby",0.00115199511907294,61.5147268900061,"Baseball","drop"
222,"seeks-players",0.00115199511907294,344.945732615307,"Baseball","drop"
222,"coliseum",0.00112523565056951,31.736258872863,"Baseball","drop"
222,"selig",0.00108509644781435,234.080456976485,"Baseball","drop"
222,"kaepernick",0.00105833697931092,109.602173368447,"Baseball","drop"
222,"steinbrenner",0.000897780168290297,74.7048006549448,"Baseball","drop"
222,"ballpark",0.000884400434038579,42.4195848150656,"Baseball","keep"
222,"manfred",0.000844261231283425,43.223002070552,"Baseball","drop"
222,"bettman",0.000790742294276551,245.9036188,"Baseball","drop"
222,"umpires",0.000697084154514523,94.690378281394,"Baseball","keep"
222,"jerseys",0.000683704420262805,32.728371561082,"Baseball","drop"
222,"mcmullen",0.000630185483255931,102.348380930396,"Baseball","drop"
222,"goodell",0.000590046280500777,130.559589864814,"Baseball","drop"
222,"fehr",0.000576666546249059,33.3035687458495,"Baseball","drop"
222,"lockout",0.000523147609242185,36.6888906525214,"Baseball","drop"
222,"upshaw",0.00048300840648703,106.875310524258,"Baseball","drop"
222,"giamatti",0.000469628672235312,110.928758575314,"Baseball","drop"
222,"babe-ruth",0.000416109735228439,52.5922755388664,"Baseball","keep"
222,"pollin",0.000416109735228439,98.2873046066169,"Baseball","drop"
222,"collective-bargaining-agreement",0.000375970532473284,45.0991611772187,"Baseball","drop"
222,"fenway",0.000322451595466411,66.7841923734193,"Baseball","drop"
224,"chef",0.00685148645553835,231.829450323375,"Culinary","keep"
224,"menu",0.00684148574548793,308.23673521118,"Culinary","keep"
224,"chicken",0.00678148148518545,167.047621600664,"Culinary","keep"
224,"sauce",0.0057114055097912,431.98471340129,"Culinary","keep"
224,"dishes",0.00554139343893416,103.500105343201,"Culinary","keep"
224,"salad",0.00508136077661514,265.553640488357,"Culinary","keep"
224,"cooking",0.00428130397258205,48.7937623778005,"Culinary","keep"
224,"cheese",0.00421129900222916,115.659747888487,"Culinary","keep"
224,"meal",0.00405128764142254,45.3547748085866,"Culinary","keep"
224,"chocolate",0.00364125852935558,31.0662466405267,"Culinary","keep"
224,"soup",0.00312122160673408,51.9981071017714,"Culinary","keep"
224,"fried",0.0030612173464316,126.708401465227,"Culinary","keep"
224,"vegetables",0.00305121663638118,152.150522663641,"Culinary","keep"
224,"grilled",0.00302121450622994,160.320662988932,"Culinary","keep"
224,"dish",0.00300121308612912,71.0288941946265,"Culinary","keep"
224,"pork",0.00283120101527209,103.365339845949,"Culinary","keep"
224,"potatoes",0.00242117190320513,83.9948495630253,"Culinary","keep"
224,"shrimp",0.00241117119315471,137.290895055974,"Culinary","keep"
224,"sandwich",0.0024011704831043,60.0320558607851,"Culinary","keep"
224,"steak",0.00224115912229768,70.9205017859345,"Culinary","keep"
224,"lamb",0.00221115699214644,33.8739631477208,"Culinary","keep"
224,"seafood",0.00216115344189437,83.1202221915399,"Culinary","keep"
224,"chefs",0.00210114918159189,162.670574903453,"Culinary","keep"
224,"dessert",0.00199114137103734,54.4172229610097,"Culinary","keep"
224,"flavor",0.00188113356048279,45.8014841733482,"Culinary","keep"
224,"lobster",0.00187113285043238,103.187736208735,"Culinary","keep"
224,"entrees",0.0018111285901299,400.748574703519,"Culinary","keep"
224,"delicious",0.00178112645997866,68.859380640615,"Culinary","keep"
224,"cuisine",0.00161111438912163,146.162333708905,"Culinary","keep"
224,"culinary",0.00153110870871832,45.8632427847477,"Culinary","keep"
224,"appetizers",0.00146110373836542,423.860279921383,"Culinary","keep"
224,"roast",0.00146110373836542,77.5142366430303,"Culinary","keep"
224,"sandwiches",0.00146110373836542,47.1581125453621,"Culinary","keep"
224,"desserts",0.0013710973479117,64.2880282508617,"Culinary","keep"
224,"spicy",0.0013710973479117,104.896677109102,"Culinary","keep"
224,"roasted",0.00134109521776046,71.5328752563103,"Culinary","keep"
224,"toast",0.00127109024740757,48.7261281894089,"Culinary","keep"
224,"noodles",0.0012210866971555,95.184060503623,"Culinary","keep"
224,"baked",0.00119108456700426,43.3977603973287,"Culinary","keep"
224,"sausage",0.00116108243685302,61.2630664884812,"Culinary","keep"
224,"salads",0.0011510817268026,57.9611094571197,"Culinary","keep"
224,"mushrooms",0.00114108101675219,52.3056486640786,"Culinary","keep"
224,"yogurt",0.00110107817655054,63.7483902918948,"Culinary","keep"
224,"brunch",0.00109107746650012,32.7872099145447,"Culinary","keep"
224,"spinach",0.00108107675644971,226.668824827083,"Culinary","keep"
224,"peppers",0.00103107320619764,138.904961249901,"Culinary","keep"
224,"chili",0.00101107178609681,34.1816052773271,"Culinary","keep"
224,"veal",0.00101107178609681,71.0217766863663,"Culinary","keep"
224,"creamy",0.000981069655945572,201.034263710525,"Culinary","keep"
224,"cakes",0.000901063975542264,45.0794126463077,"Culinary","drop"
225,"fed",0.0286124203408433,374.07592321648,"MonetaryPolicy","keep"
225,"inflation",0.0186454699549338,99.7158189490668,"MonetaryPolicy","keep"
225,"federal-reserve",0.00815785798170081,341.5342831403,"MonetaryPolicy","keep"
225,"yields",0.00579421966464435,114.294853436066,"MonetaryPolicy","keep"
225,"central-bank",0.00405868104023226,298.581246035457,"MonetaryPolicy","keep"
225,"interest-rate",0.00328182089406686,119.62438022602,"MonetaryPolicy","keep"
225,"monetary-policy",0.00248843180862133,662.701401850166,"MonetaryPolicy","keep"
225,"greenspan",0.00197603469093776,191.108341667978,"MonetaryPolicy","keep"
225,"bond-market",0.00181900976777667,393.117042820888,"MonetaryPolicy","keep"
225,"money-supply",0.00171157166245592,99.5121925082102,"MonetaryPolicy","keep"
225,"central-banks",0.0013066126500931,308.628769456827,"MonetaryPolicy","keep"
225,"bond-prices",0.00120743901441241,267.170131764354,"MonetaryPolicy","keep"
225,"yellen",0.0010917364394516,290.743457935593,"MonetaryPolicy","drop"
225,"bond-yields",0.00108347196981154,255.921768980329,"MonetaryPolicy","keep"
225,"short-term-interest-rates",0.00105041409125131,95.5930843432121,"MonetaryPolicy","keep"
225,"federal-reserve-bank",0.000934711516290509,41.0460720445745,"MonetaryPolicy","keep"
225,"inflation-rate",0.000860331289529991,45.1559809423509,"MonetaryPolicy","keep"
225,"borrowing-costs",0.000827273410969761,52.4649587594729,"MonetaryPolicy","keep"
225,"ecb",0.000819008941329703,172.297821236736,"MonetaryPolicy","drop"
225,"treasury-bonds",0.000711570836008955,32.7703919190186,"MonetaryPolicy","keep"
225,"bernanke",0.000645455078888495,136.810852626116,"MonetaryPolicy","drop"
225,"inflationary",0.000620661669968322,34.1517774293192,"MonetaryPolicy","keep"
225,"ben-bernanke",0.000538016973567747,156.076546128066,"MonetaryPolicy","drop"
225,"european-central-bank",0.000496694625367459,117.321878838427,"MonetaryPolicy","drop"
225,"10-year-treasury",0.000455372277167171,141.610853077047,"MonetaryPolicy","keep"
225,"eurozone",0.000447107807527114,95.2828315470325,"MonetaryPolicy","drop"
225,"federal-funds",0.000438843337887056,127.306675874044,"MonetaryPolicy","keep"
225,"corporate-bonds",0.000380992050406653,89.9923230357985,"MonetaryPolicy","drop"
225,"janet-yellen",0.000356198641486481,84.1359896495209,"MonetaryPolicy","drop"
225,"inflationary-pressures",0.000347934171846423,92.6593457917369,"MonetaryPolicy","keep"
225,"inversely",0.000339669702206365,75.1587434326827,"MonetaryPolicy","drop"
227,"drugs",0.0234280581287651,1008.01145320655,"Pharmaceuticals","keep"
227,"fda",0.0152210236607718,3367.95717920025,"Pharmaceuticals","keep"
227,"pfizer",0.00647099069300571,1382.03021140267,"Pharmaceuticals","keep"
227,"drug-administration",0.00625379129309662,290.888031304978,"Pharmaceuticals","keep"
227,"merck",0.00558667885051872,458.240261787295,"Pharmaceuticals","keep"
227,"pharmaceutical",0.00527639399350574,125.539327847447,"Pharmaceuticals","keep"
227,"generic",0.00388011213694732,74.2443682196734,"Pharmaceuticals","drop"
227,"johnson-johnson",0.00367842697988889,196.468909799178,"Pharmaceuticals","drop"
227,"pharmaceuticals",0.00341468485142785,158.58992231265,"Pharmaceuticals","keep"
227,"f.d.a",0.00308888575156422,822.61001110202,"Pharmaceuticals","keep"
227,"trials",0.00293374332305773,64.1553046730296,"Pharmaceuticals","keep"
227,"pharmacy",0.00288720059450579,135.949342404046,"Pharmaceuticals","keep"
227,"medicines",0.00279411513740189,163.579448995549,"Pharmaceuticals","keep"
227,"treatments",0.00237523058043437,56.5347960363875,"Pharmaceuticals","keep"
227,"prescription",0.00229765936618112,38.0212898516598,"Pharmaceuticals","keep"
227,"medications",0.00215803118052528,93.9393248965591,"Pharmaceuticals","keep"
227,"prescriptions",0.00215803118052528,66.2371456398985,"Pharmaceuticals","keep"
227,"clinical-trials",0.00211148845197333,189.153450069207,"Pharmaceuticals","keep"
227,"side-effects",0.00209597420912268,100.164098242201,"Pharmaceuticals","keep"
227,"pill",0.00194083178061619,49.0871065809492,"Pharmaceuticals","keep"
227,"biotech",0.00180120359496035,62.7119118784124,"Pharmaceuticals","keep"
227,"azt",0.00175466086640841,467.288760701349,"Pharmaceuticals","keep"
227,"pharmaceutical-companies",0.00167708965215516,101.611810945012,"Pharmaceuticals","keep"
227,"prescription-drugs",0.00163054692360321,81.2690101603948,"Pharmaceuticals","keep"
227,"pharmacies",0.00159951843790192,45.2217717300003,"Pharmaceuticals","keep"
227,"biogen",0.00150643298079802,468.46782338463,"Pharmaceuticals","keep"
227,"bayer",0.00141334752369413,72.1525501926712,"Pharmaceuticals","drop"
227,"genentech",0.00138231903799283,293.206411522752,"Pharmaceuticals","keep"
227,"glaxo",0.00130474782373958,347.471129752285,"Pharmaceuticals","drop"
227,"psychedelics",0.00130474782373958,378.502062020432,"Pharmaceuticals","drop"
227,"wellcome",0.00127371933803829,300.859196414569,"Pharmaceuticals","drop"
227,"alzheimer",0.00125820509518764,38.5129023627901,"Pharmaceuticals","drop"
227,"lilly",0.00118063388093439,45.419619837496,"Pharmaceuticals","drop"
227,"astrazeneca",0.00116511963808374,257.806119822585,"Pharmaceuticals","keep"
227,"brand-name",0.00116511963808374,30.2999736951676,"Pharmaceuticals","drop"
227,"over-the-counter",0.00114960539523309,35.5724039513518,"Pharmaceuticals","keep"
227,"eli-lilly",0.0011185769095318,233.407250155694,"Pharmaceuticals","keep"
227,"mdma",0.0011185769095318,347.853038785086,"Pharmaceuticals","drop"
227,"shire",0.0011185769095318,196.975945500447,"Pharmaceuticals","drop"
227,"cvs",0.0010875484238305,39.9087037469452,"Pharmaceuticals","drop"
227,"tpa",0.00107203418097985,321.002762793242,"Pharmaceuticals","drop"
227,"sanofi",0.00104100569527855,277.233208161454,"Pharmaceuticals","drop"
227,"smithkline",0.00104100569527855,301.991538187527,"Pharmaceuticals","drop"
227,"clinical-trial",0.0010254914524279,226.910579497642,"Pharmaceuticals","keep"
227,"schering-plough",0.000901377509622709,261.485966746577,"Pharmaceuticals","drop"
227,"bristol-myers-squibb",0.00088586326677206,235.91678369626,"Pharmaceuticals","drop"
227,"medtronic",0.00088586326677206,209.245555606235,"Pharmaceuticals","drop"
227,"bristol-myers",0.000854834781070762,201.916464341568,"Pharmaceuticals","drop"
227,"efficacy",0.000854834781070762,42.4068504491089,"Pharmaceuticals","drop"
227,"warner-lambert",0.000839320538220113,198.251918709235,"Pharmaceuticals","drop"
229,"restaurant",0.0324444854930005,171.697946704714,"Dining","keep"
229,"restaurants",0.0184439958423677,59.2884563968675,"Dining","keep"
229,"mcdonald",0.00825515782436789,81.3260066239007,"Dining","keep"
229,"coffee",0.00736088571055783,33.2767107751574,"Dining","keep"
229,"starbucks",0.00398904003553632,139.102415073954,"Dining","keep"
229,"dining",0.00390107884401402,143.874997035869,"Dining","keep"
229,"fast-food",0.00228845699943851,63.221359729972,"Dining","keep"
229,"grill",0.00212719481498096,40.4155928009103,"Dining","keep"
229,"chinatown",0.00177535004889176,49.3194193250386,"Dining","drop"
229,"chipotle",0.00135020428986731,133.521102032663,"Dining","keep"
229,"diners",0.00123292270117091,39.4565868012553,"Dining","keep"
229,"bartender",0.00120360230399681,50.134879274633,"Dining","drop"
229,"diner",0.00118894210540976,42.0078706217371,"Dining","keep"
229,"domino",0.00115962170823566,31.537817062606,"Dining","drop"
229,"cafes",0.00108632071530041,52.600910729332,"Dining","keep"
229,"taco",0.000998359523778109,30.6820170012248,"Dining","keep"
229,"waiters",0.000998359523778109,48.4134644543097,"Dining","drop"
229,"brew",0.000895738133668759,43.8235739320744,"Dining","keep"
229,"waiter",0.000895738133668759,34.7211179632405,"Dining","drop"
229,"grubhub",0.000881077935081709,263.824098536565,"Dining","drop"
229,"deli",0.000866417736494659,40.6916881745789,"Dining","keep"
229,"burgers",0.000851757537907609,39.7339918925844,"Dining","keep"
229,"zagat",0.000851757537907609,255.044594425531,"Dining","keep"
229,"takeout",0.000822437140733509,79.2003070762694,"Dining","keep"
229,"cocktails",0.000793116743559408,33.6597341582108,"Dining","drop"
229,"fries",0.000705155552037108,44.9059921038689,"Dining","keep"
229,"applebee",0.000690495353450058,163.098628530624,"Dining","keep"
229,"dine",0.000675835154863008,30.1924707080208,"Dining","keep"
229,"steakhouse",0.000661174956275958,31.3071508870719,"Dining","keep"
229,"bagel",0.000646514757688908,43.2496438841043,"Dining","keep"
229,"cream-cheese",0.000631854559101858,139.810511169628,"Dining","keep"
229,"dining-rooms",0.000426611778883157,32.67352859207,"Dining","keep"
235,"donors",0.00918364361164794,406.547760226139,"Campaigns & Donors","keep"
235,"donations",0.00790175131568131,96.3063763919769,"Campaigns & Donors","keep"
235,"contributions",0.00785995047994326,53.4719995115586,"Campaigns & Donors","keep"
235,"charity",0.00563057257391433,48.0835169969842,"Campaigns & Donors","drop"
235,"donated",0.00471095418767739,52.3169797317653,"Campaigns & Donors","keep"
235,"fund-raising",0.00447408278516182,101.50360840601,"Campaigns & Donors","keep"
235,"campaigns",0.00444621556133646,30.2883909391469,"Campaigns & Donors","keep"
235,"lobbying",0.00418147693499552,49.0494180433329,"Campaigns & Donors","keep"
235,"donor",0.00384707024909118,97.6961458604309,"Campaigns & Donors","keep"
235,"donation",0.00348479633936148,64.4437568401872,"Campaigns & Donors","keep"
235,"charitable",0.00328972577258395,148.702020324941,"Campaigns & Donors","drop"
235,"charities",0.00299711992241765,129.416404637233,"Campaigns & Donors","keep"
235,"campaign-finance",0.00295531908667961,70.6921487226028,"Campaigns & Donors","keep"
235,"donate",0.00294138547476692,73.4354565518777,"Campaigns & Donors","keep"
235,"kaiser",0.00256517795312454,61.9786818088206,"Campaigns & Donors","drop"
235,"lobbyists",0.00248157628164846,65.2423624429296,"Campaigns & Donors","keep"
235,"foundations",0.00221683765530752,44.0679068039916,"Campaigns & Donors","keep"
235,"fundraising",0.00203570070044267,55.6641315903113,"Campaigns & Donors","keep"
235,"philanthropy",0.00192423180514122,142.78992675689,"Campaigns & Donors","drop"
235,"pac",0.00152015705967348,70.2788835334835,"Campaigns & Donors","keep"
235,"nonprofits",0.00140868816437203,45.5414699448641,"Campaigns & Donors","drop"
235,"fund-raiser",0.00139475455245935,38.0442533680716,"Campaigns & Donors","keep"
235,"fec",0.00132508649289595,312.992388139821,"Campaigns & Donors","keep"
235,"philanthropic",0.00125541843333254,66.1151431918792,"Campaigns & Donors","drop"
235,"soros",0.00118575037376914,55.9511990294565,"Campaigns & Donors","drop"
235,"pacs",0.00117181676185646,312.069877946158,"Campaigns & Donors","keep"
235,"super-pac",0.00108821509038037,111.135902041559,"Campaigns & Donors","keep"
235,"donating",0.000921011747428203,43.5780332788273,"Campaigns & Donors","keep"
235,"campaign-contributions",0.000907078135515523,45.3411681637895,"Campaigns & Donors","keep"
235,"bathgate",0.000837410075952119,171.713014927122,"Campaigns & Donors","drop"
235,"fund-raisers",0.000684140344912629,32.6053760504359,"Campaigns & Donors","keep"
235,"messner",0.000558737837698502,40.0751107483986,"Campaigns & Donors","drop"
239,"economists",0.00506792092518611,235.86774814448,"Economics","keep"
239,"commerce-department",0.00330144692814821,181.149788322139,"Economics","keep"
239,"annual-rate",0.00279009919216355,174.509352276216,"Economics","keep"
239,"consumer-spending",0.00252977670838954,169.004959142103,"Economics","keep"
239,"retail-sales",0.00219507637210868,72.5395816589778,"Economics","keep"
239,"chief-economist",0.00199053727771482,106.173560903147,"Economics","keep"
239,"seasonally-adjusted",0.00189756496208124,419.874357958676,"Economics","drop"
239,"unemployment-rate",0.00148848677329352,75.5248226687359,"Economics","keep"
239,"consumer-confidence",0.00128394767889965,73.2340380561173,"Economics","keep"
239,"price-index",0.00105151688981572,46.6705065480319,"Economics","keep"
239,"durable-goods",0.00101432796356229,303.723598052009,"Economics","keep"
239,"gross-domestic-product",0.000865572258548572,43.6681182003769,"Economics","keep"
239,"personal-income",0.000781897174478355,46.1276342656526,"Economics","keep"
239,"payrolls",0.000726113785098212,43.0377625234679,"Economics","keep"
239,"housing-starts",0.000679627627281424,197.157223527522,"Economics","keep"
239,"year-over-year",0.000605249774774565,38.8512941606042,"Economics","keep"
239,"jobless-rate",0.000558763616957779,39.1792889513135,"Economics","keep"
239,"cpi",0.000549466385394421,45.1681196036072,"Economics","keep"
239,"jobless-claims",0.000493682996014277,109.237277842262,"Economics","keep"
239,"new-home",0.000437899606634133,116.618298392052,"Economics","drop"
239,"gnp",0.000335630059437201,37.1389691085039,"Economics","keep"
241,"intelligence",0.0277421366608221,125.576658014886,"Espionage","keep"
241,"cia",0.0118442105478395,1055.98250680699,"Espionage","keep"
241,"spy",0.00494318152773447,59.9882445790376,"Espionage","keep"
241,"classified",0.00397192559157154,51.9965653589956,"Espionage","keep"
241,"nsa",0.00344369867892153,917.101257974693,"Espionage","keep"
241,"c.i.a",0.0031540258558554,148.64476792614,"Espionage","keep"
241,"hayden",0.00308586754454572,115.259317250881,"Espionage","drop"
241,"snowden",0.00259171978755054,573.470054281067,"Espionage","keep"
241,"espionage",0.00250652189841344,118.394355915485,"Espionage","keep"
241,"beck",0.00218276991969247,40.1951687139367,"Espionage","drop"
241,"covert",0.00209757203055537,110.743456020959,"Espionage","keep"
241,"spying",0.00209757203055537,104.66588250454,"Espionage","keep"
241,"secrecy",0.00189309709662633,37.091447394542,"Espionage","keep"
241,"intelligence-agencies",0.00187605751879891,223.86553770634,"Espionage","keep"
241,"intelligence-committee",0.00187605751879891,201.00647907873,"Espionage","keep"
241,"petraeus",0.00165454300704246,440.626086834946,"Espionage","drop"
241,"tenet",0.00165454300704246,74.574707716581,"Espionage","drop"
241,"shanklin",0.00148414722876826,430.545103206716,"Espionage","drop"
241,"spies",0.00148414722876826,70.5612301521713,"Espionage","keep"
241,"wikileaks",0.00133079102832148,121.449043107372,"Espionage","keep"
241,"classified-information",0.00131375145049406,290.693893392967,"Espionage","keep"
241,"central-intelligence-agency",0.00122855356135696,74.7992981073758,"Espionage","keep"
241,"interrogation",0.00110927651656503,46.3433008819233,"Espionage","drop"
241,"haines",0.00107519736091019,52.7617711859187,"Espionage","drop"
241,"classified-documents",0.00102407862742793,241.892749612977,"Espionage","keep"
241,"operatives",0.00102407862742793,38.1152447457335,"Espionage","keep"
241,"counterterrorism",0.000955920316118248,200.139067519228,"Espionage","drop"
241,"clapper",0.000921841160463408,267.422389018178,"Espionage","keep"
241,"hiltzik",0.00081960369349889,237.763713711171,"Espionage","drop"
241,"leaking",0.00081960369349889,41.0701958991008,"Espionage","keep"
241,"briefings",0.00078552453784405,37.077267224501,"Espionage","keep"
241,"intelligence-agency",0.00076848496001663,55.437801435082,"Espionage","keep"
241,"encryption",0.000581049603915014,75.6368900769221,"Espionage","keep"
241,"teixeira",0.000512891292605334,30.0535534678162,"Espionage","drop"
243,"foods",0.0101914665604335,65.0317873133272,"Nutrition","keep"
243,"diet",0.00928607056491771,232.31456489235,"Nutrition","keep"
243,"fat",0.00726127588403688,63.8756967735821,"Nutrition","keep"
243,"nutrition",0.00531878993002112,138.771116972237,"Nutrition","keep"
243,"obesity",0.00395246506406088,476.249416809499,"Nutrition","keep"
243,"calories",0.00357384492048154,790.78496463449,"Nutrition","keep"
243,"diabetes",0.00263552543421969,64.0143657983228,"Nutrition","keep"
243,"insulin",0.00250383147123557,135.707902899808,"Nutrition","keep"
243,"supplements",0.00245444623511652,113.552844344483,"Nutrition","keep"
243,"protein",0.00240506099899748,142.897108246067,"Nutrition","keep"
243,"vitamin",0.00238859925362446,504.331415741078,"Nutrition","keep"
243,"weight-loss",0.00233921401750542,224.376033030193,"Nutrition","keep"
243,"overweight",0.00189474689243402,107.825499248693,"Nutrition","keep"
243,"dietary",0.00181243816556894,383.86631091385,"Nutrition","keep"
243,"vitamin-d",0.00179597642019593,537.775196932126,"Nutrition","keep"
243,"cholesterol",0.00171366769333085,153.34054566945,"Nutrition","keep"
243,"blood-sugar",0.00168074420258482,487.577089482248,"Nutrition","keep"
243,"diets",0.00163135896646578,79.9974338985602,"Nutrition","keep"
243,"nutritional",0.00153258849422769,115.576322064118,"Nutrition","keep"
243,"obese",0.00148320325810864,111.852058195242,"Nutrition","keep"
243,"cereal",0.00140089453124357,82.5601765690056,"Nutrition","keep"
243,"intake",0.00140089453124357,45.2756965956572,"Nutrition","keep"
243,"sodium",0.00138443278587055,69.4896004268079,"Nutrition","keep"
243,"fruits",0.00126920056825945,43.14532902932,"Nutrition","keep"
243,"vitamins",0.00117043009602136,63.797605044153,"Nutrition","keep"
243,"glucose",0.00108812136915629,240.768706413357,"Nutrition","keep"
243,"cortisol",0.000989350896918196,263.476870870195,"Nutrition","keep"
243,"grams",0.000989350896918196,49.8161430677269,"Nutrition","keep"
243,"calorie",0.000956427406172167,286.386241445981,"Nutrition","keep"
243,"fats",0.000939965660799152,77.065597319291,"Nutrition","keep"
243,"bran",0.000923503915426137,276.52785103476,"Nutrition","keep"
243,"caffeine",0.000907042170053122,67.3265687394344,"Nutrition","keep"
243,"grains",0.000890580424680107,32.8192811392657,"Nutrition","keep"
243,"oat",0.000890580424680107,98.4309137116787,"Nutrition","keep"
243,"cereals",0.000808271697815033,167.40264980295,"Nutrition","keep"
243,"low-fat",0.000808271697815033,234.476347635439,"Nutrition","keep"
243,"sugary",0.000808271697815033,62.0953721477739,"Nutrition","keep"
243,"nutrients",0.000775348207069002,51.9693312391055,"Nutrition","keep"
243,"type-diabetes",0.000775348207069002,224.925376244994,"Nutrition","keep"
243,"milligrams",0.000709501225576943,72.7928894450516,"Nutrition","drop"
243,"calcium",0.000693039480203928,35.9579063179495,"Nutrition","keep"
243,"peanut",0.000693039480203928,39.5088736555703,"Nutrition","keep"
243,"allergy",0.000643654244084883,39.1774404621643,"Nutrition","keep"
243,"fatty",0.000627192498711868,49.1458028449613,"Nutrition","keep"
243,"additives",0.000610730753338854,34.8019974086318,"Nutrition","keep"
243,"msg",0.000610730753338854,135.136444900689,"Nutrition","drop"
243,"sugars",0.000610730753338854,128.572038841699,"Nutrition","keep"
243,"healthful",0.000594269007965839,44.8543567578749,"Nutrition","keep"
243,"grapefruit",0.000511960281100764,31.7783264204718,"Nutrition","keep"
243,"nutrient",0.00036380457274363,76.88886399326,"Nutrition","keep"
249,"route",0.0177699382746552,65.8082006089084,"Nature","keep"
249,"lake",0.0174691534410859,63.7781926910462,"Nature","keep"
249,"clark",0.0163519526306856,59.6513373060254,"Nature","drop"
249,"mountain",0.0141820049027928,50.4914355115646,"Nature","keep"
249,"trail",0.00754325393329881,53.2765910465047,"Nature","keep"
249,"ski",0.0056955756699445,141.805557315736,"Nature","keep"
249,"mountains",0.0053947908363752,47.7499191734494,"Nature","keep"
249,"trails",0.00380492814465172,76.2214961313648,"Nature","keep"
249,"scotch",0.0036115664659286,87.7089536092412,"Nature","drop"
249,"ranch",0.0028381197510361,31.0946232544335,"Nature","drop"
249,"hike",0.00258030417940526,61.4271568094744,"Nature","keep"
249,"hiking",0.00234397323874366,71.7059857323825,"Nature","keep"
249,"skiing",0.00219358082195901,97.0217934743339,"Nature","keep"
249,"canyon",0.00202170377420512,37.5322425482859,"Nature","keep"
249,"skis",0.00163498041675887,361.772253640637,"Nature","keep"
249,"skiers",0.00161349578578963,429.694683783412,"Nature","keep"
249,"slopes",0.00137716484512804,101.518169260961,"Nature","keep"
249,"shenandoah",0.0013556802141588,99.1703116822566,"Nature","drop"
249,"fraser",0.00131271095222033,33.2014390188957,"Nature","drop"
249,"fir",0.00109786464252797,51.7907434048775,"Nature","keep"
249,"blue-spruce",0.00103341074962026,244.09704588122,"Nature","drop"
249,"white-pine",0.000990441487681787,219.15507086509,"Nature","keep"
249,"cliffs",0.000818564439927898,31.1455214092829,"Nature","keep"
249,"camping",0.000732625916050953,31.9139092532702,"Nature","keep"
249,"vail",0.000668172023143244,40.3672353198731,"Nature","keep"
249,"skier",0.000517779606358591,30.7390563409302,"Nature","keep"
250,"forest",0.0111401902919855,43.2446533936984,"Wildlife","keep"
250,"alaska",0.00920227507483551,74.0168912404428,"Wildlife","keep"
250,"acres",0.00899531325552823,223.31256323152,"Wildlife","drop"
250,"conservation",0.00639888315876418,81.2878768633711,"Wildlife","keep"
250,"lands",0.00536407406222778,87.40199467025,"Wildlife","keep"
250,"wildlife",0.00479963273684428,220.206889639012,"Wildlife","keep"
250,"forests",0.00432926496569137,170.679130573556,"Wildlife","keep"
250,"watt",0.00318156760407828,136.62720874702,"Wildlife","drop"
250,"environmentalists",0.00304986462815546,149.575724264496,"Wildlife","keep"
250,"habitat",0.00293697636307876,112.621805257257,"Wildlife","keep"
250,"forest-service",0.00273001454377148,644.843771551883,"Wildlife","keep"
250,"wilderness",0.00269238512207925,96.0887830269192,"Wildlife","keep"
250,"timber",0.00267357041123314,65.7497644943155,"Wildlife","keep"
250,"wolves",0.00227846148346469,108.737541176523,"Wildlife","keep"
250,"interior-department",0.00203387024246518,139.825739257303,"Wildlife","drop"
250,"arctic",0.00199624082077295,93.468745632881,"Wildlife","keep"
250,"wetlands",0.00197742610992683,103.816423023009,"Wildlife","keep"
250,"endangered-species",0.00190216726654236,116.008755096533,"Wildlife","keep"
250,"audubon",0.00154468776046615,84.6599957896925,"Wildlife","keep"
250,"landowners",0.00146942891708169,102.407680548405,"Wildlife","drop"
250,"logging",0.00122483767608218,31.8031599819242,"Wildlife","keep"
250,"interior-secretary",0.00114957883269771,244.186290813482,"Wildlife","drop"
250,"zinke",0.00114957883269771,343.596098722116,"Wildlife","drop"
250,"environmental-groups",0.00113076412185159,77.6866737348274,"Wildlife","keep"
250,"grouse",0.0010178758567749,97.6509409420588,"Wildlife","keep"
250,"tracts",0.000923802302544314,44.0228703002185,"Wildlife","drop"
250,"yellowstone",0.000923802302544314,86.3029123017239,"Wildlife","drop"
250,"anchorage",0.000867358170005965,45.8517091498075,"Wildlife","drop"
250,"ecology",0.000810914037467615,67.0603302873775,"Wildlife","keep"
250,"conservationists",0.000773284615775382,171.104751645446,"Wildlife","keep"
250,"grazing",0.000754469904929266,32.7341273603644,"Wildlife","drop"
250,"ecological",0.000735655194083149,34.5701290851927,"Wildlife","keep"
250,"wildlife-refuge",0.000698025772390917,48.0693341324734,"Wildlife","keep"
250,"ranchers",0.000679211061544801,81.6927969431239,"Wildlife","drop"
250,"alaskan",0.000641581639852568,37.605890690089,"Wildlife","keep"
250,"habitats",0.000585137507314219,42.5978517721835,"Wildlife","keep"
250,"ecosystems",0.000547508085621986,40.9994240823398,"Wildlife","keep"
253,"bank",0.0941789073705788,45.0764661385843,"Banks","keep"
253,"banks",0.058640233474872,393.870446246157,"Banks","keep"
253,"banking",0.0158090236957662,215.646129085298,"Banks","keep"
253,"bankers",0.00634152096994992,97.524742820043,"Banks","keep"
253,"deposits",0.0062704436221585,167.570933729383,"Banks","keep"
253,"fdic",0.00519006793572902,1613.99800725375,"Banks","keep"
253,"thrift",0.00366901269299277,100.73417061127,"Banks","keep"
253,"citigroup",0.00348421158873509,154.262880702209,"Banks","keep"
253,"wells-fargo",0.00348421158873509,96.679106253539,"Banks","keep"
253,"financial-institutions",0.00322833313668601,93.1531516519319,"Banks","drop"
253,"bailout",0.00300088562375348,117.644885901298,"Banks","drop"
253,"jpmorgan",0.00300088562375348,664.006213099,"Banks","keep"
253,"citicorp",0.00253177512833015,86.2353702743364,"Banks","keep"
253,"dimon",0.00240383590230561,222.335150330904,"Banks","drop"
253,"barclays",0.00219060385893137,32.9600899880964,"Banks","drop"
253,"j.p-morgan",0.0021621729198148,83.7027604448192,"Banks","keep"
253,"thrifts",0.0021621729198148,575.814462763033,"Banks","keep"
253,"depositors",0.0020768801024651,621.887121427653,"Banks","keep"
253,"federal-deposit-insurance",0.00192050993732399,424.951394550805,"Banks","keep"
253,"bancorp",0.00184943258953258,102.573567903166,"Banks","keep"
253,"deutsche-bank",0.00172149336350804,31.5996462254261,"Banks","keep"
253,"mellon",0.0015082613201338,34.5102442964752,"Banks","drop"
253,"bankamerica",0.00149404585057551,397.883629430603,"Banks","keep"
253,"banking-system",0.00149404585057551,330.587650387044,"Banks","keep"
253,"bankers-trust",0.00145139944190067,181.384412909045,"Banks","drop"
253,"citibank",0.00139453756366753,71.2682689096956,"Banks","keep"
253,"pnc",0.00136610662455097,62.604189001679,"Banks","keep"
253,"hsbc",0.00128081380720127,46.5681025597764,"Banks","keep"
253,"wachovia",0.00128081380720127,74.3005424130609,"Banks","keep"
253,"chase-manhattan",0.00126659833764299,64.6492334264497,"Banks","keep"
253,"home-loan",0.00122395192896814,256.92507735166,"Banks","keep"
253,"volcker",0.00116709005073501,258.242113194827,"Banks","drop"
253,"citi",0.00112444364206016,48.1732350532309,"Banks","keep"
253,"bank-holding-company",0.00103915082471047,229.932989945698,"Banks","keep"
253,"deposit-insurance",0.000982288946477335,284.958047046919,"Banks","keep"
253,"ls",0.000968073476919053,64.3814920257494,"Banks","drop"
253,"jpmorgan-chase",0.000925427068244205,44.6909722826914,"Banks","drop"
253,"bcci",0.000911211598685922,242.667370566144,"Banks","drop"
253,"geithner",0.000811703311777943,107.798267096332,"Banks","drop"
253,"citigroup-inc",0.00079748784221966,36.0571368052445,"Banks","keep"
253,"continental-illinois",0.00079748784221966,188.370816235016,"Banks","drop"
253,"bank-holding",0.000783272372661377,167.3695935282,"Banks","keep"
253,"savings-loan-association",0.00074062596398653,197.238221630204,"Banks","keep"
253,"fslic",0.000712195024869964,221.477130001131,"Banks","drop"
253,"nonperforming",0.000712195024869964,213.254926649729,"Banks","drop"
253,"insolvent",0.000697979555311681,40.9774312411358,"Banks","drop"
253,"rtc",0.000697979555311681,146.345025560809,"Banks","drop"
253,"svb",0.000697979555311681,208.998341287459,"Banks","drop"
253,"examiners",0.000683764085753399,34.9908326017174,"Banks","drop"
253,"j.p-morgan-chase",0.000683764085753399,45.7572303292375,"Banks","drop"
254,"russia",0.0396432241767811,437.408972036243,"Russia & Ukraine","keep"
254,"russian",0.0340576066288526,281.294702378536,"Russia & Ukraine","keep"
254,"ukraine",0.0299820116726212,2291.12545514934,"Russia & Ukraine","keep"
254,"moscow",0.0111580407236967,580.842882346115,"Russia & Ukraine","keep"
254,"ukrainian",0.0108355116264409,2885.63613426261,"Russia & Ukraine","keep"
254,"putin",0.00967733895902268,2577.19985418313,"Russia & Ukraine","drop"
254,"nato",0.00898829952397638,1988.84178786195,"Russia & Ukraine","drop"
254,"kyiv",0.0035786069381873,1112.86875981276,"Russia & Ukraine","keep"
254,"russians",0.00356394652467567,114.084807608747,"Russia & Ukraine","keep"
254,"kremlin",0.00353462569765243,941.316292748906,"Russia & Ukraine","keep"
254,"zelensky",0.00291888833016424,846.757688859768,"Russia & Ukraine","drop"
254,"president-vladimir-putin",0.00274296336802476,821.334650516292,"Russia & Ukraine","drop"
254,"ukrainians",0.00224450930862956,651.12306461291,"Russia & Ukraine","keep"
254,"erdogan",0.00168741359518787,398.575952414394,"Russia & Ukraine","drop"
254,"vladimir-putin",0.00132090325739728,283.064222256529,"Russia & Ukraine","drop"
254,"eastern-ukraine",0.00130624284388566,406.213054073401,"Russia & Ukraine","keep"
254,"russian-forces",0.00129158243037403,386.742825817666,"Russia & Ukraine","keep"
254,"navalny",0.00127692201686241,397.094915934829,"Russia & Ukraine","drop"
254,"crimea",0.00118895953579267,369.740501519112,"Russia & Ukraine","keep"
254,"russia’s",0.00110099705472293,329.675212473402,"Russia & Ukraine","keep"
254,"volodymyr",0.00102769498716481,298.130155645754,"Russia & Ukraine","drop"
254,"tyler-hicks",0.000998374160141561,289.62430241763,"Russia & Ukraine","drop"
254,"separatists",0.000939732506095067,250.262855102467,"Russia & Ukraine","keep"
254,"russian-invasion",0.00086643043853695,251.347962891071,"Russia & Ukraine","keep"
254,"president-vladimir-v-putin",0.000807788784490456,234.336256434823,"Russia & Ukraine","drop"
254,"sergei",0.000778467957467208,42.1700786313669,"Russia & Ukraine","drop"
254,"brendan-hoffman",0.000749147130443961,199.507517874198,"Russia & Ukraine","drop"
254,"gershkovich",0.000734486716932338,219.929802195971,"Russia & Ukraine","drop"
254,"counteroffensive",0.00061720340883935,80.2339475674586,"Russia & Ukraine","drop"
254,"baltic",0.000587882581816103,34.5595849460245,"Russia & Ukraine","drop"
254,"north-atlantic-treaty",0.000573222168304479,35.4006514062519,"Russia & Ukraine","drop"
254,"odessa",0.000499920100746362,33.5848294384694,"Russia & Ukraine","drop"
258,"trial",0.0252165091826383,144.855419351558,"Criminal","keep"
258,"prosecutors",0.0184234740003351,863.077540227792,"Criminal","keep"
258,"jury",0.0129549301682004,575.313089612424,"Criminal","keep"
258,"convicted",0.00757669256448617,384.210470960735,"Criminal","keep"
258,"indictment",0.00655322197571966,139.306276721001,"Criminal","keep"
258,"testimony",0.00646291574729909,62.6983281382694,"Criminal","keep"
258,"testified",0.00606155473209654,149.002100185659,"Criminal","keep"
258,"jurors",0.0058508401991152,1751.93655379636,"Criminal","keep"
258,"guilty",0.00582073812297501,36.3146267182138,"Criminal","keep"
258,"defendants",0.00562005761537373,263.624184504813,"Criminal","keep"
258,"prosecution",0.00532907087935188,242.960682386795,"Criminal","keep"
258,"pleaded-guilty",0.0052688667270715,238.578439748113,"Criminal","keep"
258,"defendant",0.00471699533116799,479.382870813417,"Criminal","keep"
258,"witnesses",0.00462668910274742,44.0291829252057,"Criminal","keep"
258,"conspiracy",0.00447617872204646,32.8412662831471,"Criminal","keep"
258,"sentenced",0.0044661446966664,275.777400690433,"Criminal","keep"
258,"verdict",0.00429556626520531,76.6891395234996,"Criminal","keep"
258,"courtroom",0.00416512393526448,194.894890863619,"Criminal","keep"
258,"prosecutor",0.00411495380836416,100.907012016972,"Criminal","keep"
258,"indicted",0.00351291228556033,173.401266670111,"Criminal","keep"
258,"plea",0.00343264008251983,77.2813145367127,"Criminal","drop"
258,"testify",0.00318178944801823,132.713140436034,"Criminal","keep"
258,"grand-jury",0.00276036038205555,183.500248257224,"Criminal","keep"
258,"sentencing",0.00262991805211472,559.799035144532,"Criminal","keep"
258,"district-attorney",0.00250950974755396,48.0496895666383,"Criminal","keep"
258,"pleaded",0.00218842093539191,49.8538123960465,"Criminal","keep"
258,"felony",0.00176699186942924,42.4149972639409,"Criminal","keep"
258,"federal-prosecutors",0.00173688979328904,110.499792248054,"Criminal","keep"
258,"attorney-office",0.00149607318416751,78.7007437692931,"Criminal","drop"
258,"acquitted",0.00137566487960675,64.5828229451321,"Criminal","keep"
258,"defense-lawyers",0.00133552877808649,152.024909660227,"Criminal","keep"
258,"juror",0.00129539267656624,78.9271626817295,"Criminal","keep"
258,"racketeering",0.00121512047352573,116.150800677388,"Criminal","keep"
258,"found-guilty",0.00112481424510515,60.8341817236198,"Criminal","keep"
258,"conspiring",0.0010545760674447,55.0963999292429,"Criminal","keep"
258,"defense-attorneys",0.00102447399130451,297.195757785341,"Criminal","keep"
258,"indictments",0.000964269839024131,51.3266031282121,"Criminal","keep"
258,"juries",0.000914099712123812,74.4978700468678,"Criminal","keep"
258,"bribery",0.000904065686743748,32.1615250872659,"Criminal","keep"
258,"plead-guilty",0.000873963610603556,48.1912579856523,"Criminal","keep"
258,"prosecuting",0.000843861534463365,36.8206683470695,"Criminal","keep"
258,"district-attorney-office",0.000833827509083301,40.3159714669328,"Criminal","keep"
258,"guilty-plea",0.000793691407563046,81.1866672043766,"Criminal","drop"
258,"extortion",0.000733487255282664,32.2532673799593,"Criminal","keep"
258,"perjury",0.000733487255282664,103.488213965257,"Criminal","keep"
258,"cross-examination",0.000673283103002281,179.30395145079,"Criminal","keep"
258,"prison-sentence",0.00064318102686209,39.7286933729663,"Criminal","keep"
258,"bribe",0.000603044925341834,37.3406367885056,"Criminal","keep"
258,"witness-stand",0.000603044925341834,187.533828042174,"Criminal","keep"
258,"wire-fraud",0.000552874798441515,115.380901727024,"Criminal","keep"
261,"artist",0.0144538134652002,89.3154555082246,"Art","keep"
261,"painting",0.0099045627335856,281.345311950567,"Art","keep"
261,"paintings",0.00824588069711205,553.41751567196,"Art","keep"
261,"painted",0.00408462576350298,36.9698514818386,"Art","keep"
261,"portrait",0.00343473280184376,30.0434721421642,"Art","keep"
261,"sculpture",0.00310493637353908,180.778561795175,"Art","keep"
261,"drawings",0.00302733721393797,77.0489917277289,"Art","keep"
261,"painter",0.00294003815938673,80.6764319357453,"Art","keep"
261,"abstract",0.00275574015533412,38.8739607853423,"Art","keep"
261,"photography",0.00261024173108205,30.9165988242697,"Art","keep"
261,"portraits",0.00251324278158067,113.203696399449,"Art","keep"
261,"prints",0.00209614729872476,83.8908946394947,"Art","keep"
261,"picasso",0.00164995213101842,348.372991435909,"Art","keep"
261,"canvas",0.00164025223606828,46.627191841418,"Art","keep"
261,"retrospective",0.00130075591281346,48.3816877928383,"Art","keep"
261,"stella",0.00122315675321236,34.7542471777234,"Art","keep"
261,"landscapes",0.00111645790876085,42.2190583654069,"Art","keep"
261,"sculptor",0.00109705811886057,60.1953780671999,"Art","keep"
261,"gogh",0.000854560745107131,106.565515772306,"Art","keep"
261,"matisse",0.000835160955206855,178.934644662975,"Art","keep"
261,"photographic",0.000825461060256718,30.7641685251209,"Art","keep"
261,"calder",0.00081576116530658,38.4319773978325,"Art","keep"
261,"abstraction",0.000776961585506029,37.8295388354264,"Art","keep"
261,"painters",0.000709062320855065,52.218358879409,"Art","keep"
261,"canvases",0.00068966253095479,200.068308461666,"Art","keep"
261,"collage",0.000650862951154239,30.0037820681794,"Art","keep"
261,"untitled",0.000641163056204102,38.8008332030122,"Art","drop"
261,"warhol",0.000621763266303826,165.583556186243,"Art","keep"
261,"degas",0.00060236347640355,180.367700547149,"Art","keep"
261,"andy-warhol",0.000573263791553138,59.0232079890156,"Art","keep"
261,"collages",0.000573263791553138,166.301505345773,"Art","keep"
261,"impressionist",0.000544164106702725,113.110055268307,"Art","keep"
261,"magritte",0.000515064421852311,160.173809046714,"Art","keep"
261,"vermeer",0.000515064421852311,113.968347726763,"Art","keep"
261,"rothko",0.000476264842051761,126.835454114579,"Art","keep"
261,"geometric",0.000456865052151485,40.0439592219321,"Art","keep"
261,"self-portrait",0.000456865052151485,43.7755614883804,"Art","keep"
261,"louvre",0.000447165157201347,34.040296950163,"Art","keep"
261,"expressionist",0.000418065472350935,92.5053820531726,"Art","keep"
261,"monet",0.000408365577400797,40.9694109772781,"Art","keep"
261,"reproductions",0.000379265892550384,34.5013142857193,"Art","drop"
265,"surgery",0.00789780100667939,59.5226742738678,"Disease","keep"
265,"brain",0.00671387799156081,44.2028403546083,"Disease","keep"
265,"symptoms",0.00588628132079831,336.023592524792,"Disease","keep"
265,"transplant",0.00369085126363667,141.012112733518,"Disease","keep"
265,"kidney",0.003139120149795,177.156208079061,"Disease","keep"
265,"diagnosed",0.00303567056594969,91.715262800191,"Disease","keep"
265,"diagnosis",0.00289773778748927,108.644409608586,"Disease","keep"
265,"tissue",0.00285176019466913,131.214528803323,"Disease","keep"
265,"liver",0.00284026579646409,190.374740842611,"Disease","keep"
265,"blood-pressure",0.00279428820364395,131.326546952716,"Disease","keep"
265,"syndrome",0.00254141144313319,31.2993334796237,"Disease","keep"
265,"diseases",0.00248393945210801,61.161519652776,"Disease","keep"
265,"breast-cancer",0.00224255708980228,58.22233448943,"Disease","keep"
265,"organ",0.00212761310775194,40.0854738229085,"Disease","keep"
265,"organs",0.0020816355149318,96.0450094089273,"Disease","keep"
265,"heart-disease",0.00171381477237068,61.5368871520796,"Disease","keep"
265,"heart-attack",0.00164484838314048,45.2392526492139,"Disease","keep"
265,"disorders",0.00162185958673041,43.5405532001111,"Disease","keep"
265,"lung",0.00156438759570523,43.9681149405329,"Disease","drop"
265,"arthritis",0.00152990440109013,87.094521296892,"Disease","keep"
265,"radiation",0.00147243241006495,65.3635339805207,"Disease","drop"
265,"cancers",0.00143794921544985,339.651155890827,"Disease","keep"
265,"asthma",0.00139197162262971,36.2387196609444,"Disease","keep"
265,"illnesses",0.00136898282621964,35.1153324975221,"Disease","keep"
265,"chemotherapy",0.00125403884416929,193.572051240144,"Disease","keep"
265,"parkinson",0.00123105004775922,66.1114696836913,"Disease","keep"
265,"transplants",0.00121955564955419,70.4396980603255,"Disease","keep"
265,"lungs",0.00118507245493909,55.7901613741832,"Disease","drop"
265,"tumor",0.00112760046391391,64.5153363715286,"Disease","keep"
265,"breast",0.00111610606570888,35.0092624356611,"Disease","drop"
265,"cardiovascular",0.00111610606570888,137.281636809632,"Disease","keep"
265,"cardiac",0.0010586340746837,64.5280778231074,"Disease","keep"
265,"artery",0.00103564527827363,54.1770764721963,"Disease","drop"
265,"inflammation",0.0010241508800686,39.5229920057585,"Disease","keep"
265,"neurological",0.00100116208365853,35.5404885163701,"Disease","keep"
265,"arteries",0.000989667685453494,58.0898587912948,"Disease","drop"
265,"hypertension",0.00095518449083839,66.4504325797364,"Disease","keep"
265,"coronary",0.000943690092633355,144.89355540734,"Disease","drop"
265,"prostate-cancer",0.00090920689801825,49.2245764489376,"Disease","drop"
265,"implants",0.000840240508788042,137.219971353839,"Disease","drop"
265,"kidneys",0.000840240508788042,45.4864134996356,"Disease","keep"
265,"clots",0.000782768517762868,173.203255431883,"Disease","keep"
265,"allergies",0.000748285323147764,35.26434357982,"Disease","drop"
265,"angioplasty",0.000748285323147764,232.700426155034,"Disease","drop"
265,"scans",0.000748285323147764,36.2348353874027,"Disease","keep"
265,"tumors",0.000736790924942729,44.9288817305868,"Disease","keep"
265,"therapies",0.000702307730327625,43.9426020706937,"Disease","drop"
265,"blood-vessels",0.000633341341097416,168.666946444258,"Disease","keep"
265,"cardiologist",0.000633341341097416,32.2948738002328,"Disease","drop"
265,"cancer-patients",0.000621846942892381,61.3606698881686,"Disease","keep"
270,"yankees",0.00889986790667266,284.801614879918,"Baseball","keep"
270,"mets",0.00799830622734826,767.063953886935,"Baseball","keep"
270,"nationals",0.00539831867471597,54.9207610594752,"Baseball","drop"
270,"innings",0.00502024442209606,1110.82990339962,"Baseball","keep"
270,"orioles",0.00431644465952669,900.688606964954,"Baseball","keep"
270,"pitcher",0.00384530597549265,157.41905335391,"Baseball","keep"
270,"inning",0.00358937878910378,794.222145044496,"Baseball","keep"
270,"pitching",0.00326365327915432,87.0268536414006,"Baseball","keep"
270,"pitched",0.00283904681082735,32.550926706832,"Baseball","keep"
270,"home-runs",0.00219922884485519,188.504221478498,"Baseball","keep"
270,"starter",0.00212361399433121,41.1552211846432,"Baseball","keep"
270,"red-sox",0.0020945313595143,463.457129201949,"Baseball","keep"
270,"major-league",0.00208871483255091,139.689223323149,"Baseball","keep"
270,"pitchers",0.00207126525166076,120.634033021823,"Baseball","keep"
270,"pitches",0.00206544872469738,50.7874352398607,"Baseball","keep"
270,"catcher",0.0019549347123931,110.813159753042,"Baseball","keep"
270,"homer",0.00189095291579588,50.6929345443326,"Baseball","keep"
270,"shortstop",0.00166410836422394,482.751100115976,"Baseball","drop"
270,"strasburg",0.00158849351369996,91.9636479411363,"Baseball","drop"
270,"bullpen",0.00151287866317598,453.006293331577,"Baseball","keep"
270,"fastball",0.00146634644746891,314.151990028347,"Baseball","keep"
270,"phillies",0.00146052992050553,323.171577735655,"Baseball","keep"
270,"braves",0.00144889686657876,308.169855783204,"Baseball","keep"
270,"cubs",0.00144889686657876,181.764586953834,"Baseball","drop"
270,"reliever",0.00143726381265199,97.8393212497816,"Baseball","keep"
270,"dodgers",0.00141399770479846,297.854811570563,"Baseball","drop"
270,"homers",0.00136164896212801,362.624634881997,"Baseball","keep"
270,"royals",0.00135001590820124,90.9431824631747,"Baseball","drop"
270,"rbi",0.00134419938123786,402.498094536438,"Baseball","keep"
270,"outfielder",0.00133838285427448,90.8687174049295,"Baseball","drop"
270,"spring-training",0.00132674980034771,118.117275502106,"Baseball","keep"
270,"astros",0.00132093327338433,351.781523202484,"Baseball","drop"
270,"hitter",0.00124531842286035,160.142091799067,"Baseball","keep"
270,"batters",0.0012278688419702,326.997267935026,"Baseball","keep"
270,"hitters",0.00118715315322652,74.0507772943627,"Baseball","drop"
270,"mound",0.00112898788359268,39.2342086109776,"Baseball","keep"
270,"majors",0.0011231713566293,32.5776933341746,"Baseball","drop"
270,"outs",0.00111735482966592,81.2266592178532,"Baseball","drop"
270,"girardi",0.00104755650610532,278.977773354326,"Baseball","drop"
270,"marlins",0.00104173997914193,219.080669155409,"Baseball","drop"
270,"blue-jays",0.00103592345217855,229.218868955477,"Baseball","keep"
270,"jeter",0.00100684081736163,102.844805746333,"Baseball","drop"
270,"white-sox",0.00100102429039825,266.174880930021,"Baseball","keep"
270,"right-hander",0.000995207763434869,288.705743550659,"Baseball","keep"
270,"batting",0.000977758182544719,52.3399621426447,"Baseball","keep"
270,"two-run",0.000971941655581336,302.252670813034,"Baseball","keep"
270,"postseason",0.000942859020764419,40.935636451729,"Baseball","drop"
270,"homered",0.000937042493801036,280.581752617136,"Baseball","keep"
270,"third-baseman",0.00090795985898412,241.801390453138,"Baseball","drop"
270,"fielder",0.000902143332020737,213.090992510599,"Baseball","drop"
276,"kitchen",0.0101734547641152,35.359189077515,"Home","keep"
276,"furniture",0.00714755694160275,83.8730791989572,"Home","keep"
276,"bedrooms",0.00422466840666521,404.844207603986,"Home","keep"
276,"living-room",0.00408303063624974,57.4347015309368,"Home","keep"
276,"bathrooms",0.00343922258890667,179.889832768156,"Home","keep"
276,"bathroom",0.00328470865754434,33.4347654816711,"Home","keep"
276,"dining-room",0.00274390989777616,74.7155161896654,"Home","keep"
276,"fireplace",0.00251213900073265,124.014045768271,"Home","keep"
276,"renovated",0.00225461578179543,107.2981867206,"Home","keep"
276,"ceilings",0.00171381702202725,45.5884031998416,"Home","keep"
276,"victorian",0.00139191299835571,37.166984917063,"Home","drop"
276,"furnishings",0.00131465603267455,70.0838467260671,"Home","keep"
276,"baths",0.00127602754983396,72.7911757901418,"Home","drop"
276,"cabinets",0.00121164674509966,36.7094970073925,"Home","keep"
276,"fireplaces",0.00121164674509966,351.493815982098,"Home","keep"
276,"antiques",0.00117301826225907,31.9172046083675,"Home","drop"
276,"porch",0.00116014210131221,30.5325703686322,"Home","drop"
276,"sofa",0.00108288513563104,33.8341192727851,"Home","drop"
276,"two-story",0.00105713281373732,64.8536225754693,"Home","drop"
276,"furnished",0.0010313804918436,45.4836880262478,"Home","keep"
276,"tub",0.0010313804918436,56.2198120421988,"Home","keep"
276,"three-bedroom",0.00101850433089673,57.6120117971594,"Home","drop"
276,"swimming-pool",0.00097987584805615,46.0341445419912,"Home","drop"
276,"amenities",0.000941247365215566,45.5015465744964,"Home","keep"
276,"four-bedroom",0.000825361916693814,43.1685040067583,"Home","drop"
276,"coldwell",0.000812485755746953,106.532613466978,"Home","drop"
276,"flooring",0.000812485755746953,37.4304969394041,"Home","keep"
276,"tiles",0.000799609594800092,38.0635522636457,"Home","keep"
276,"decorating",0.00078673343385323,40.7162390715147,"Home","keep"
276,"ikea",0.000735228790065784,52.9612574329401,"Home","keep"
276,"listing-agent",0.000722352629118923,209.551573608881,"Home","drop"
276,"duplex",0.000683724146278339,37.0349045561318,"Home","drop"
276,"interior-designer",0.000683724146278339,30.5425700592487,"Home","keep"
276,"wallpaper",0.000683724146278339,33.0896389512811,"Home","keep"
276,"foyer",0.000670847985331478,56.1854448304855,"Home","keep"
276,"closets",0.000657971824384616,138.676985426091,"Home","keep"
276,"five-bedroom",0.000632219502490893,168.368186391997,"Home","drop"
276,"hardwood",0.000619343341544032,33.4020530824853,"Home","keep"
276,"staircase",0.000619343341544032,37.6381737369975,"Home","keep"
276,"rugs",0.000606467180597171,35.2928354481915,"Home","drop"
276,"sofas",0.000580714858703448,34.486226594285,"Home","drop"
276,"prewar",0.000554962536809725,39.9130485547206,"Home","drop"
280,"climate",0.0156628092774099,96.7885268000783,"ClimateChange","keep"
280,"climate-change",0.0101091842676911,396.994342180275,"ClimateChange","keep"
280,"emissions",0.0099505092674134,2121.10019459018,"ClimateChange","keep"
280,"solar",0.00836375926463658,454.823769236434,"ClimateChange","keep"
280,"carbon",0.00476183675833321,120.983566156631,"ClimateChange","keep"
280,"global-warming",0.00398432925697258,219.096445584511,"ClimateChange","keep"
280,"pollution",0.00333376175583408,42.0713632777029,"ClimateChange","keep"
280,"renewable-energy",0.00265145925464005,706.11770791182,"ClimateChange","keep"
280,"carbon-dioxide",0.00250865175439014,536.048556148426,"ClimateChange","keep"
280,"fossil-fuels",0.00230237425402916,667.909451034826,"ClimateChange","keep"
280,"clean-energy",0.00222303675389031,245.196704765041,"ClimateChange","keep"
280,"power-plants",0.00214369925375147,172.803099553153,"ClimateChange","keep"
280,"clean-air",0.00187395175327942,108.115105228477,"ClimateChange","keep"
280,"warming",0.00171527675300173,33.6512407824227,"ClimateChange","keep"
280,"recycling",0.00158833675277959,32.059164873877,"ClimateChange","keep"
280,"sustainability",0.00157246925275182,69.3746565466556,"ClimateChange","keep"
280,"fossil-fuel",0.00154073425269628,461.347185211611,"ClimateChange","keep"
280,"solar-panels",0.00152486675266852,156.720473019359,"ClimateChange","keep"
280,"fusion",0.00146139675255744,31.8473502063982,"ClimateChange","drop"
280,"methane",0.00144552925252968,341.441600454651,"ClimateChange","keep"
280,"greenhouse-gases",0.0013820592524186,368.060157744581,"ClimateChange","keep"
280,"esg",0.00131858925230753,291.764354205088,"ClimateChange","keep"
280,"renewable",0.00131858925230753,78.3608942444887,"ClimateChange","keep"
280,"carbon-emissions",0.00128685425225199,385.327051706093,"ClimateChange","keep"
280,"greenhouse-gas",0.00114404675200208,304.674367088224,"ClimateChange","keep"
280,"greenhouse-gas-emissions",0.00109644425191878,328.311951576955,"ClimateChange","keep"
280,"sulfur",0.00104884175183547,103.995286647928,"ClimateChange","drop"
280,"inflation-reduction",0.000937769251641096,207.500280788456,"ClimateChange","drop"
280,"nitrogen",0.00090603425158556,46.2074004596046,"ClimateChange","drop"
280,"hydropower",0.000858431751502255,202.766087646505,"ClimateChange","keep"
280,"coal-fired",0.000715624251252343,190.579943906781,"ClimateChange","keep"
280,"greenhouse",0.000620419251085734,31.0196457255193,"ClimateChange","keep"
280,"gases",0.000541081750946893,51.9805590722291,"ClimateChange","keep"
280,"emit",0.000525214250919125,35.2533908880231,"ClimateChange","keep"
282,"investigation",0.0317116923491689,117.104051579631,"Investigation","drop"
282,"allegations",0.0100213133189862,156.172259280376,"Investigation","keep"
282,"investigators",0.00870160316504201,118.351880276305,"Investigation","keep"
282,"fbi",0.00677859694072333,99.1678598346804,"Investigation","keep"
282,"investigations",0.00630727188574327,117.798363166539,"Investigation","keep"
282,"inquiry",0.00594906484395841,112.038894614743,"Investigation","keep"
282,"alleged",0.0058076673274644,32.9089795318372,"Investigation","drop"
282,"probe",0.00557200479997436,70.5843918771638,"Investigation","keep"
282,"f.b.i",0.00319652652287482,180.30849480834,"Investigation","keep"
282,"wrongdoing",0.00315882051847641,151.819609124038,"Investigation","drop"
282,"allegedly",0.00266864246129714,43.8057722855283,"Investigation","drop"
282,"investigated",0.00217846440411787,42.7345282000189,"Investigation","keep"
282,"federal-bureau",0.00159402133594259,43.6125014566944,"Investigation","keep"
282,"misconduct",0.00145262381944857,47.2454175693636,"Investigation","keep"
282,"criminal-charges",0.00144319731834897,53.0528006063936,"Investigation","keep"
282,"affidavit",0.00138663831175136,75.4990354419692,"Investigation","keep"
282,"improper",0.00130179980185495,31.4851913268564,"Investigation","drop"
282,"criminal-investigation",0.00103785777106611,224.297628884574,"Investigation","keep"
282,"allegation",0.00090588675567169,40.5548931060792,"Investigation","keep"
282,"laundering",0.000858754250173683,37.617727382736,"Investigation","drop"
282,"schneiderman",0.000736209735878866,66.9138816113737,"Investigation","drop"
282,"bribes",0.000689077230380859,38.1543034443919,"Investigation","drop"
282,"fbi-agents",0.000689077230380859,45.8524323366672,"Investigation","keep"
282,"informant",0.000651371225982454,62.8484946100112,"Investigation","drop"
282,"independent-counsel",0.000604238720484447,127.73366052336,"Investigation","keep"
282,"special-prosecutor",0.000594812219384845,32.7695553209581,"Investigation","keep"
282,"criminal-complaint",0.000472267705090028,32.3501747108818,"Investigation","drop"
282,"accusers",0.000274311181998399,33.023387988724,"Investigation","drop"
285,"theater",0.0343179296932421,368.543720832607,"Broadway","keep"
285,"broadway",0.0144257766770058,359.328036754236,"Broadway","keep"
285,"musical",0.0104706117498009,208.189806572393,"Broadway","keep"
285,"actors",0.0067058023538519,79.1760316850974,"Broadway","keep"
285,"shakespeare",0.00462246681732954,104.225592099969,"Broadway","keep"
285,"productions",0.00330055340583059,70.8241480182821,"Broadway","keep"
285,"playwright",0.00315249910374271,233.09550817897,"Broadway","keep"
285,"theatrical",0.0024016522860113,48.3627985718577,"Broadway","keep"
285,"costumes",0.00221129675475545,45.2574244366229,"Broadway","keep"
285,"onstage",0.00203151653079159,63.1209581357377,"Broadway","keep"
285,"staging",0.0017671338484918,30.9653812738122,"Broadway","keep"
285,"artistic-director",0.00169310669744786,399.920693064784,"Broadway","keep"
285,"musicals",0.00166138077557189,442.447072555463,"Broadway","keep"
285,"costume",0.0012700944057682,32.8057334227319,"Broadway","keep"
285,"previews",0.00121721786930824,62.6730034347353,"Broadway","keep"
285,"playwrights",0.00116434133284828,310.079075037279,"Broadway","keep"
285,"troupe",0.00109031418180434,44.313602162408,"Broadway","keep"
285,"hamlet",0.00105858825992836,39.3716344803973,"Broadway","drop"
285,"mamet",0.0010057117234684,222.533917215494,"Broadway","keep"
285,"telecharge.com",0.000952835187008446,285.310611306036,"Broadway","drop"
285,"sondheim",0.000899958650548489,261.074361472717,"Broadway","keep"
285,"brantley",0.000889383343256497,191.507669931543,"Broadway","keep"
285,"239-6200",0.000878808035964505,234.037884973641,"Broadway","drop"
285,"isherwood",0.000857657421380522,228.405204228186,"Broadway","drop"
285,"krulwich",0.00084708211408853,93.5357634343324,"Broadway","drop"
285,"cabaret",0.000794205577628572,41.6543941008423,"Broadway","keep"
285,"hammerstein",0.000762479655752597,203.05814087364,"Broadway","keep"
285,"macbeth",0.000656726582832681,34.686043861692,"Broadway","keep"
285,"tony-award",0.000656726582832681,190.513723236847,"Broadway","keep"
285,"beckett",0.000603850046372723,30.2049040549297,"Broadway","drop"
285,"neil-simon",0.000593274739080731,131.273951164976,"Broadway","keep"
285,"actresses",0.000508672280744798,33.2763552926319,"Broadway","keep"
285,"folger",0.000508672280744798,109.047057679265,"Broadway","keep"
285,"rehearsals",0.000508672280744798,68.9760875122419,"Broadway","keep"
285,"monologues",0.000445220436992848,30.7819656515398,"Broadway","keep"
295,"suit",0.0194473677653739,61.1499720008643,"Lawsuit","keep"
295,"settlement",0.0177744503991866,63.171409503787,"Lawsuit","keep"
295,"lawsuit",0.0174896985070696,342.420283296314,"Lawsuit","drop"
295,"lawsuits",0.00923189363567656,164.079581448671,"Lawsuit","keep"
295,"complaint",0.00739287099908761,73.0110563080399,"Lawsuit","drop"
295,"litigation",0.00706066045828444,116.904409289922,"Lawsuit","keep"
295,"sued",0.00682336721485361,134.294361584805,"Lawsuit","drop"
295,"plaintiffs",0.0057674122815864,1212.03144182993,"Lawsuit","keep"
295,"damages",0.00558944234901327,236.925876482052,"Lawsuit","keep"
295,"antitrust",0.00450975809140299,157.815153599201,"Lawsuit","drop"
295,"ftc",0.00418941221277136,308.411866221429,"Lawsuit","keep"
295,"attorneys",0.00343007383379269,66.002307908373,"Lawsuit","keep"
295,"alleging",0.0032046452525334,81.2127752747405,"Lawsuit","drop"
295,"district-court",0.00282497606304407,160.158548723183,"Lawsuit","keep"
295,"settlements",0.00254022417092707,50.3722356993098,"Lawsuit","keep"
295,"arbitration",0.00224360761663853,120.144845730567,"Lawsuit","drop"
295,"alleges",0.00217241964360928,105.004521958585,"Lawsuit","keep"
295,"suing",0.00214869031926619,80.1748940204673,"Lawsuit","keep"
295,"class-action",0.00187580308932074,583.333876483995,"Lawsuit","keep"
295,"lawsuit-filed",0.00156732187286065,78.4527629544085,"Lawsuit","keep"
295,"suit-filed",0.00150799856200294,401.599415971563,"Lawsuit","keep"
295,"plaintiff",0.00146053991331678,124.945290778324,"Lawsuit","keep"
295,"punitive-damages",0.0013537579537729,360.523157847012,"Lawsuit","keep"
295,"legal-fees",0.00119951734554286,57.7613178081868,"Lawsuit","drop"
295,"attorneys-general",0.00112832937251361,61.1275648703391,"Lawsuit","keep"
295,"trade-commission",0.00109273538599899,44.8112713689389,"Lawsuit","keep"
295,"filed-suit",0.0010096827507982,73.5547938550194,"Lawsuit","keep"
295,"defamation",0.000950359439940487,66.0072072091872,"Lawsuit","keep"
295,"trial-lawyers",0.000950359439940487,45.9163561517692,"Lawsuit","drop"
295,"deposition",0.000784254169538904,52.7732617143519,"Lawsuit","keep"
295,"allege",0.000748660183024279,32.9458283879416,"Lawsuit","drop"
295,"libel",0.000701201534338112,83.182550779825,"Lawsuit","keep"
295,"restitution",0.000653742885651945,34.9518615675847,"Lawsuit","keep"
295,"eeoc",0.000641878223480404,133.937174816252,"Lawsuit","keep"
295,"tort",0.000630013561308862,139.403153433907,"Lawsuit","keep"
295,"scruggs",0.000546960926108071,73.6859282052649,"Lawsuit","drop"
295,"suit-alleges",0.000546960926108071,145.662730733982,"Lawsuit","keep"
295,"class-action-lawsuit",0.000535096263936529,58.4977759504817,"Lawsuit","keep"
295,"egbert",0.000511366939593446,107.492997289179,"Lawsuit","drop"
295,"f.t.c",0.000511366939593446,106.368611140612,"Lawsuit","keep"
295,"consent-decree",0.000357126331363404,72.7933755342593,"Lawsuit","keep"
298,"election",0.0311763853557179,46.6257947433683,"Elections","keep"
298,"voters",0.0194652617301691,697.524486260691,"Elections","keep"
298,"voting",0.0184793763229163,369.60046699512,"Elections","keep"
298,"votes",0.0134005727097957,108.067256585433,"Elections","keep"
298,"ballot",0.0109806721647205,664.95919269143,"Elections","keep"
298,"elections",0.00978565954986862,143.590584355845,"Elections","keep"
298,"ballots",0.00884458711567274,1659.609317598,"Elections","keep"
298,"voter",0.00469191827906233,294.767232816789,"Elections","keep"
298,"voting-rights",0.00354171863726736,166.909718625597,"Elections","keep"
298,"turnout",0.00273508512224232,183.074045321366,"Elections","keep"
298,"recount",0.00210770349944507,108.668739952591,"Elections","keep"
298,"referendum",0.00201807755333117,59.0934522079005,"Elections","keep"
298,"voter-registration",0.00140563358821957,80.4437016932186,"Elections","keep"
298,"electoral",0.00125625701136308,55.827573638549,"Elections","keep"
298,"electoral-votes",0.00118156872293483,261.445810204138,"Elections","keep"
298,"mail-in",0.00107700511913529,238.30901284094,"Elections","keep"
298,"absentee",0.000957503857650097,51.8833083188973,"Elections","keep"
298,"electors",0.000882815569221853,208.525673440293,"Elections","drop"
298,"precincts",0.000882815569221853,44.0260603903753,"Elections","keep"
298,"balloting",0.000852940253850555,39.9587501065877,"Elections","keep"
298,"election-results",0.000852940253850555,42.6199361924517,"Elections","keep"
298,"voter-fraud",0.000808127280793608,215.214690633615,"Elections","keep"
298,"suppression",0.00077825196542231,32.9798239659924,"Elections","keep"
298,"electoral-college",0.000763314307736661,180.2988479323,"Elections","keep"
298,"voting-rights-act",0.000584062415508874,45.0668046360106,"Elections","keep"
298,"canvassing",0.000554187100137576,30.560660026255,"Elections","keep"
298,"term-limits",0.000509374127080629,61.1961713010886,"Elections","drop"
298,"evers",0.000464561154023682,49.5654114985159,"Elections","drop"
298,"exit-polls",0.000330122234852842,77.9766054658285,"Elections","keep"
304,"hotel",0.0353125937486168,64.9371564333856,"TravelIndustry","keep"
304,"travel",0.0322962448095028,43.1457742465697,"TravelIndustry","keep"
304,"hotels",0.017296466117713,657.216861031477,"TravelIndustry","keep"
304,"travelers",0.0100834577850491,231.63498671165,"TravelIndustry","keep"
304,"resort",0.0068376040353503,36.1367532441593,"TravelIndustry","keep"
304,"rooms",0.00675563803157003,32.2408083652448,"TravelIndustry","keep"
304,"hilton",0.00446058992572241,129.327915738306,"TravelIndustry","keep"
304,"marriott",0.00405075990682105,171.177585419866,"TravelIndustry","keep"
304,"tourism",0.00387043469850445,35.6111768367067,"TravelIndustry","keep"
304,"spa",0.00278848344860486,32.1479352554858,"TravelIndustry","keep"
304,"hospitality",0.00247701263423982,79.7739787497211,"TravelIndustry","keep"
304,"traveler",0.00246061943348377,115.068527320199,"TravelIndustry","keep"
304,"booked",0.0024114398312156,57.3831937876958,"TravelIndustry","keep"
304,"resorts",0.0023786534297035,77.1199332693021,"TravelIndustry","keep"
304,"tourist",0.00236226022894744,42.424820831202,"TravelIndustry","keep"
304,"motel",0.00193603700929003,48.89238500536,"TravelIndustry","keep"
304,"lodging",0.00190325060777792,102.670234826747,"TravelIndustry","keep"
304,"booking",0.00170653219870526,63.1003519897657,"TravelIndustry","keep"
304,"occupancy",0.00164095939568105,78.2869535902595,"TravelIndustry","keep"
304,"destinations",0.00159177979341288,32.5770942716375,"TravelIndustry","drop"
304,"hyatt",0.00154260019114472,76.6987928345381,"TravelIndustry","keep"
304,"accommodations",0.00146063418736445,43.8708700734533,"TravelIndustry","drop"
304,"bookings",0.00144424098660839,69.0907923090725,"TravelIndustry","keep"
304,"hertz",0.00137866818358418,80.3741706138586,"TravelIndustry","drop"
304,"hotel-rooms",0.00132948858131601,40.5353739452295,"TravelIndustry","keep"
304,"airbnb",0.00123112937677969,78.3622137229999,"TravelIndustry","drop"
304,"alamo",0.0010835905699752,51.6432810371581,"TravelIndustry","keep"
304,"inns",0.00087047896014649,32.7102362996898,"TravelIndustry","keep"
304,"starwood",0.000821299357878326,99.0685202442426,"TravelIndustry","drop"
304,"ritz-carlton",0.000608187748049619,34.986081353752,"TravelIndustry","keep"
304,"itinerary",0.000591794547293564,45.085895924905,"TravelIndustry","keep"
304,"spas",0.000591794547293564,30.9264798513907,"TravelIndustry","keep"
304,"check-in",0.000559008145781456,115.742439172951,"TravelIndustry","keep"
304,"concierge",0.000509828543513292,34.9800747802528,"TravelIndustry","keep"
304,"wyndham",0.000444255740489075,98.3005048758486,"TravelIndustry","keep"
306,"incident",0.00509432579850975,31.554146917483,"Homicide","keep"
306,"robbery",0.00158099766160647,64.2564341226731,"Homicide","drop"
306,"medical-examiner",0.00155451528871524,88.5040555436395,"Homicide","keep"
306,"stabbed",0.00150155054293278,86.8441509625385,"Homicide","keep"
306,"slaying",0.00141327596662868,191.976298742972,"Homicide","keep"
306,"autopsy",0.00136031122084622,300.996177675173,"Homicide","keep"
306,"fatally-shot",0.00129851901743335,155.308259964723,"Homicide","keep"
306,"pronounced-dead",0.00105135020378186,232.632347573739,"Homicide","drop"
306,"stabbing",0.000777699017239142,34.9864668887992,"Homicide","keep"
306,"second-degree-murder",0.000768871559608731,181.611500007662,"Homicide","keep"
306,"coroner",0.000548185118848476,114.898041996053,"Homicide","keep"
306,"first-degree-murder",0.000539357661218066,114.200162359032,"Homicide","keep"
306,"assailant",0.000459910542544374,35.0530088251945,"Homicide","keep"
306,"attempted-murder",0.000442255627283553,37.755123872361,"Homicide","keep"
306,"stable-condition",0.000415773254392322,31.5199817972916,"Homicide","drop"
306,"slayings",0.000406945796761912,31.3839182589385,"Homicide","keep"
306,"gunshot-wound",0.000345153593349041,34.751241579116,"Homicide","keep"
307,"hospital",0.044147688638443,53.7382575432925,"Hospital","keep"
307,"medical",0.0399034246364105,33.0242034971075,"Hospital","keep"
307,"patients",0.0313120943900816,1475.97682818246,"Hospital","keep"
307,"doctors",0.0251292738196467,469.425502238206,"Hospital","keep"
307,"hospitals",0.0215605674096332,625.415590381833,"Hospital","keep"
307,"patient",0.0147021892471792,219.417099817585,"Hospital","keep"
307,"doctor",0.0107516459373288,36.5210445157858,"Hospital","keep"
307,"physicians",0.00779975298089788,335.063606487151,"Hospital","keep"
307,"physician",0.00678641659286935,100.26453827937,"Hospital","keep"
307,"nurses",0.00512689468204001,238.367707865712,"Hospital","keep"
307,"clinic",0.00508283657821268,36.7513982115348,"Hospital","keep"
307,"nurse",0.00445133709002099,41.5410124960745,"Hospital","keep"
307,"nursing-home",0.00333519845972869,80.1353143751823,"Hospital","drop"
307,"healthcare",0.00304147776754651,45.5639302153849,"Hospital","drop"
307,"nursing-homes",0.00301210569832829,171.257027766709,"Hospital","drop"
307,"medical-care",0.00280650121380076,85.8090606732667,"Hospital","keep"
307,"dental",0.00273307104075521,52.5882340542211,"Hospital","drop"
307,"nursing",0.002703698971537,58.0955157076166,"Hospital","keep"
307,"emergency-room",0.00199876931029976,60.6842619094111,"Hospital","keep"
307,"surgeons",0.00148475809898094,81.4594553668279,"Hospital","keep"
307,"surgical",0.00148475809898094,30.8588715571521,"Hospital","keep"
307,"outpatient",0.00130852568367163,276.138992043783,"Hospital","keep"
307,"malpractice",0.00120572344140786,63.0705439849316,"Hospital","drop"
307,"practitioners",0.00101480499148944,43.0338892311636,"Hospital","keep"
307,"hospice",0.00100011895688033,47.9845810305375,"Hospital","drop"
307,"hca",0.00088263068000746,61.9302222652079,"Hospital","drop"
307,"brius",0.000853258610789243,265.344830653454,"Hospital","drop"
307,"intensive-care",0.000823886541571024,47.6935052096307,"Hospital","keep"
307,"primary-care",0.000794514472352806,211.589424630511,"Hospital","keep"
307,"therapists",0.000765142403134587,40.9466723561518,"Hospital","drop"
307,"ama",0.000735770333916369,42.5687906280661,"Hospital","drop"
307,"orthopedic",0.000647654126261714,54.0136403756697,"Hospital","keep"
307,"telehealth",0.000647654126261714,136.088239036755,"Hospital","drop"
307,"paramedics",0.000632968091652605,55.5325118227918,"Hospital","drop"
307,"geriatric",0.000588909987825277,35.5758163760744,"Hospital","drop"
307,"internist",0.000500793780170622,37.8059687390452,"Hospital","keep"
307,"anesthesia",0.000383305503297749,80.0070591223782,"Hospital","keep"
307,"oncology",0.000383305503297749,31.1283737256823,"Hospital","keep"
307,"health-care-providers",0.000353933434079531,32.4759243208001,"Hospital","keep"
308,"redskins",0.0116958678247157,1458.73618229795,"NFL","keep"
308,"nfl",0.00999821746712453,764.493813835657,"NFL","keep"
308,"quarterback",0.00965868739560629,674.305802745997,"NFL","keep"
308,"jets",0.00832886128215987,389.931283458601,"NFL","keep"
308,"super-bowl",0.00596158217240771,216.511559442326,"NFL","keep"
308,"linebacker",0.00347169498127397,195.870600548373,"NFL","keep"
308,"cowboys",0.00343396941777195,150.00315806378,"NFL","keep"
308,"raiders",0.0032264788185108,118.786605303276,"NFL","keep"
308,"rookie",0.00316045908238226,32.780008657392,"NFL","drop"
308,"rams",0.00300955682837415,143.766722081577,"NFL","keep"
308,"chiefs",0.00300012543749864,82.1616772857735,"NFL","keep"
308,"eagles",0.00282092901086402,54.2784414784467,"NFL","keep"
308,"patriots",0.00277377205648649,93.3347140887099,"NFL","drop"
308,"wide-receiver",0.00254741867547433,362.220623769896,"NFL","keep"
308,"n.f.l",0.00251912450284781,538.105271560116,"NFL","keep"
308,"ravens",0.00225504555833362,167.452884832412,"NFL","keep"
308,"cornerback",0.00220788860395609,587.989137536926,"NFL","keep"
308,"browns",0.00200982939557045,75.8772751100454,"NFL","keep"
308,"49ers",0.00200039800469495,598.985832341885,"NFL","keep"
308,"packers",0.00200039800469495,132.989077659124,"NFL","keep"
308,"nfc",0.00195324105031741,432.193810661984,"NFL","keep"
308,"gibbs",0.00191551548681539,53.7358554519192,"NFL","drop"
308,"quarterbacks",0.00189665270506437,447.999328958947,"NFL","keep"
308,"preseason",0.00185892714156235,43.4128987825042,"NFL","keep"
308,"afc",0.0017834760145583,474.962605332049,"NFL","keep"
308,"saints",0.0017834760145583,49.3780234250785,"NFL","drop"
308,"cardinals",0.00176461323280728,60.9897255964604,"NFL","drop"
308,"chargers",0.00176461323280728,132.843042431337,"NFL","keep"
308,"steelers",0.00175518184193178,525.559940588519,"NFL","keep"
308,"colts",0.00171745627842975,64.2740295322854,"NFL","keep"
308,"tight-end",0.00170802488755424,377.934809806302,"NFL","keep"
308,"defensive-end",0.00167029932405222,394.533471698805,"NFL","keep"
308,"dolphins",0.00166086793317671,112.541305902198,"NFL","keep"
308,"green-bay",0.00152882846091962,84.3069996728065,"NFL","keep"
308,"receiver",0.0015099656791686,51.4053803831774,"NFL","drop"
308,"washington-redskins",0.0015005342882931,72.4019842423121,"NFL","drop"
308,"sacks",0.00142508316128905,33.862356234911,"NFL","keep"
308,"offensive-line",0.00137792620691151,399.730814750986,"NFL","keep"
308,"coughlin",0.00136849481603601,96.3285123399947,"NFL","drop"
308,"titans",0.00131190647078297,34.4959467042738,"NFL","keep"
308,"training-camp",0.00130247507990746,33.2430887178101,"NFL","keep"
308,"gruden",0.00120816117115239,350.482665089674,"NFL","drop"
308,"landry",0.00120816117115239,52.7358003843073,"NFL","drop"
308,"parcells",0.00118929838940138,316.725460245221,"NFL","drop"
308,"mahomes",0.00116100421677486,347.643356724593,"NFL","drop"
308,"broncos",0.00115157282589935,248.873267164351,"NFL","keep"
308,"belichick",0.00105725891714429,306.706532057396,"NFL","drop"
308,"bengals",0.00105725891714429,281.561650225926,"NFL","keep"
308,"linemen",0.00105725891714429,224.576276166377,"NFL","keep"
308,"tackles",0.00105725891714429,41.9856455476457,"NFL","keep"
310,"police",0.0568219768296909,257.002431171363,"Police","keep"
310,"officers",0.033679889745829,58.9827054428329,"Police","keep"
310,"police-officers",0.0100047193551573,201.80438423481,"Police","keep"
310,"police-department",0.00870336892970983,143.933747281254,"Police","keep"
310,"police-officer",0.00539511664333121,76.7574156542598,"Police","keep"
310,"floyd",0.00345093046555419,33.8978554613328,"Police","drop"
310,"detective",0.00321574665372633,130.621439974145,"Police","keep"
310,"patrol",0.00321574665372633,39.4353508165941,"Police","keep"
310,"policing",0.00296488392110994,85.7381026086728,"Police","keep"
310,"nichols",0.0023534060103575,71.7299768162824,"Police","drop"
310,"detectives",0.00211822219852963,225.943288993387,"Police","keep"
310,"ellison",0.00202414867379848,40.6969511138694,"Police","drop"
310,"d.c-police",0.00199279083222144,440.944994213636,"Police","keep"
310,"walz",0.00183600162433619,101.803138117247,"Police","drop"
310,"cops",0.00167921241645095,46.9167727920641,"Police","keep"
310,"nypd",0.00167921241645095,371.559471914086,"Police","keep"
310,"police-departments",0.00163217565408538,109.571383557067,"Police","keep"
310,"lesher",0.00145970752541161,423.455244195381,"Police","drop"
310,"homicide",0.00142834968383456,78.836807472382,"Police","drop"
310,"troopers",0.00114612910964113,82.1652248624831,"Police","drop"
310,"haskel",0.00111477126806408,333.799671017971,"Police","drop"
310,"precinct",0.00111477126806408,61.7909351434414,"Police","keep"
310,"internal-affairs",0.00105205558490998,64.1042553529868,"Police","keep"
310,"gorman",0.000989339901755883,34.6496918536112,"Police","drop"
310,"unarmed",0.000973660980967358,36.9527191808086,"Police","drop"
310,"police-commissioner",0.000926624218601785,53.078162777041,"Police","keep"
310,"uniformed",0.000926624218601785,39.0900413072349,"Police","keep"
310,"arpaio",0.000879587456236212,263.377799495193,"Police","drop"
310,"castile",0.000863908535447688,258.683008060341,"Police","drop"
310,"george-floyd",0.000832550693870639,98.9568042002469,"Police","drop"
310,"racial-profiling",0.000785513931505067,49.1206794061662,"Police","keep"
310,"homicides",0.000691440406773921,40.8070109581923,"Police","drop"
310,"law-enforcement-agencies",0.000597366882042775,30.5681838503008,"Police","keep"
310,"dispatcher",0.000487614436523105,30.8615912600306,"Police","keep"
311,"farm",0.0250266493627905,223.879618531047,"Agriculture","keep"
311,"farmers",0.023772561702063,972.836768023458,"Agriculture","keep"
311,"corn",0.00923654563453986,348.8423037062,"Agriculture","keep"
311,"agriculture",0.00916054032176849,124.059818122233,"Agriculture","keep"
311,"farms",0.00857149914779043,255.387141271166,"Agriculture","keep"
311,"farmer",0.00824847656851214,161.124806216107,"Agriculture","keep"
311,"agricultural",0.00758343008176271,147.896246593416,"Agriculture","keep"
311,"crop",0.00688038093862761,78.639788373801,"Agriculture","keep"
311,"meat",0.00653835703115648,136.300632913874,"Agriculture","keep"
311,"milk",0.00579730523163569,90.1261935811343,"Agriculture","keep"
311,"crops",0.00574030124705717,317.218109707927,"Agriculture","keep"
311,"dairy",0.00570229859067149,207.906909269347,"Agriculture","keep"
311,"grain",0.00541727866777888,105.269571868722,"Agriculture","keep"
311,"wheat",0.00442920960175116,125.099382279696,"Agriculture","keep"
311,"beef",0.00404918303789435,72.6215847119754,"Agriculture","keep"
311,"usda",0.00380216577138742,366.494356583415,"Agriculture","keep"
311,"farming",0.00372616045861606,130.667352347565,"Agriculture","keep"
311,"cow",0.00368815780223038,74.5025384486751,"Agriculture","keep"
311,"cattle",0.00346014186391629,67.9596879762756,"Agriculture","keep"
311,"cows",0.00317512194102368,102.270773469145,"Agriculture","keep"
311,"agriculture-department",0.00315612061283084,276.074955483355,"Agriculture","keep"
311,"growers",0.00311811795644515,190.35476754695,"Agriculture","keep"
311,"harvest",0.00304211264367379,83.1281674006128,"Agriculture","keep"
311,"chickens",0.00222505553138164,85.2319854551402,"Agriculture","keep"
311,"genetically-modified",0.00216805154680312,649.186890445842,"Agriculture","keep"
311,"poultry",0.0020160409212604,64.9714649500285,"Agriculture","keep"
311,"perdue",0.00190203295210335,152.796162931493,"Agriculture","keep"
311,"monsanto",0.00163601435740358,111.875348111687,"Agriculture","keep"
311,"hog",0.00152200638824654,80.633973239691,"Agriculture","keep"
311,"hogs",0.0015030050600537,92.8319082132278,"Agriculture","keep"
311,"livestock",0.00148400373186086,84.5729945442819,"Agriculture","keep"
311,"deere",0.00123698646535393,35.969445927373,"Agriculture","keep"
311,"smithfield",0.00110397716800404,63.1518049539568,"Agriculture","drop"
311,"rath",0.000875961229689955,185.430516135817,"Agriculture","drop"
311,"acreage",0.00074295193234007,30.8100119335593,"Agriculture","keep"
311,"bushels",0.00072395060414723,192.797358792985,"Agriculture","keep"
311,"oats",0.000685947947761549,32.0193800956292,"Agriculture","keep"
311,"citrus",0.000666946619568708,31.6928564230183,"Agriculture","drop"
311,"calves",0.000647945291375867,40.0058884442257,"Agriculture","keep"
311,"soy",0.000609942634990186,37.0914164141291,"Agriculture","keep"
311,"cargill",0.000590941306797345,107.895825254755,"Agriculture","drop"
311,"manure",0.000533937322218823,31.265250428454,"Agriculture","keep"
313,"metro",0.0340820848340323,306.578497910779,"Mass_Transit","keep"
313,"bus",0.0224815311971354,72.1249915131933,"Mass_Transit","keep"
313,"transit",0.0162920377673016,786.353874106382,"Mass_Transit","keep"
313,"subway",0.0129694569384031,266.266263467368,"Mass_Transit","keep"
313,"trains",0.0088874290628993,220.268297131614,"Mass_Transit","keep"
313,"buses",0.00873553965357823,175.313163598221,"Mass_Transit","keep"
313,"riders",0.00714070085570696,292.403152166636,"Mass_Transit","drop"
313,"commuters",0.00288779739471691,120.944284423288,"Mass_Transit","keep"
313,"o'rourke",0.0027738803377261,149.182941679672,"Mass_Transit","drop"
313,"ridership",0.00275489416156097,856.16102669386,"Mass_Transit","keep"
313,"metrorail",0.00248908769524909,662.876072896471,"Mass_Transit","keep"
313,"commuter",0.00247010151908395,40.8634091403713,"Mass_Transit","keep"
313,"mta",0.00229922593359775,688.464873663036,"Mass_Transit","keep"
313,"transit-authority",0.00207139181961614,458.337041272236,"Mass_Transit","keep"
313,"m.t.a",0.00176761300097399,391.11987664936,"Mass_Transit","keep"
313,"transit-system",0.00157775123932265,337.020364864958,"Mass_Transit","keep"
313,"purple-line",0.00150180653466211,435.667996361283,"Mass_Transit","drop"
313,"metropolitan-transportation-authority",0.00142586183000158,315.500566448624,"Mass_Transit","keep"
313,"wiedefeld",0.00142586183000158,426.950553361635,"Mass_Transit","drop"
313,"greyhound",0.0011030968351943,54.4745059622117,"Mass_Transit","drop"
313,"metrobus",0.00108411065902916,314.496113681786,"Mass_Transit","keep"
313,"commute",0.000932221249708087,40.4785693134191,"Mass_Transit","keep"
313,"mass-transit",0.000894248897377819,38.5446271705638,"Mass_Transit","keep"
313,"light-rail",0.000837290368882417,179.184104088118,"Mass_Transit","keep"
313,"subways",0.000818304192717282,44.2998082174437,"Mass_Transit","keep"
313,"streetcar",0.000647428607231075,35.5384566183509,"Mass_Transit","keep"
317,"black",0.09916809997901,91.3390406688107,"Racial","keep"
317,"blacks",0.0110703558792484,681.066992255109,"Racial","keep"
317,"african-american",0.00924316578050464,76.39344883053,"Racial","keep"
317,"racial",0.00818611365726444,302.116157661573,"Racial","keep"
317,"civil-rights",0.00561898707225254,35.1333449204353,"Racial","keep"
317,"whites",0.00468274090595407,79.2522135892671,"Racial","keep"
317,"racism",0.00454683420439462,167.754100210771,"Racial","keep"
317,"african-americans",0.00442602824745288,137.636071672543,"Racial","keep"
317,"racist",0.00388240144121507,42.6318706606695,"Racial","keep"
317,"slavery",0.00342937910268355,97.4831833431816,"Racial","keep"
317,"slave",0.00197970761938271,52.1296616529073,"Racial","keep"
317,"reparations",0.00193440538552956,456.916710338071,"Racial","keep"
317,"negro",0.00175319645011695,61.170779938478,"Racial","keep"
317,"martin-luther-king-jr",0.00166259198241065,46.5314229015547,"Racial","keep"
317,"racially",0.00164749123779294,69.6406176776591,"Racial","keep"
317,"naacp",0.00160218900393978,59.3156632597852,"Racial","keep"
317,"dees",0.0015266852808512,360.611080524426,"Racial","drop"
317,"segregated",0.0014360808131449,54.7147582377097,"Racial","keep"
317,"segregation",0.00122467038849686,57.5278001640486,"Racial","keep"
317,"civil-rights-movement",0.00119446889926142,54.839003962736,"Racial","keep"
317,"klan",0.00111896517617284,235.400680218884,"Racial","keep"
317,"tubman",0.00110386443155512,244.252175147815,"Racial","drop"
317,"desegregation",0.00104346145308425,221.182277744759,"Racial","keep"
317,"farrakhan",0.000967957729995666,289.838804684087,"Racial","keep"
317,"ku",0.000937756240760232,75.709536021225,"Racial","drop"
317,"rapp",0.000862252517671647,65.8110775523323,"Racial","drop"
317,"klux",0.000801849539200778,177.425314642257,"Racial","keep"
317,"enslaved",0.000786748794583061,41.2749888782116,"Racial","keep"
317,"busing",0.000771648049965344,68.9991726394565,"Racial","keep"
317,"spacey",0.000771648049965344,163.528492366915,"Racial","drop"
317,"jesse-jackson",0.000756547305347627,46.146669864617,"Racial","keep"
317,"sharpton",0.000756547305347627,68.237967370308,"Racial","keep"
317,"predominantly-black",0.000726345816112193,39.3392865728222,"Racial","keep"
317,"black-owned",0.000696144326876759,154.035913465312,"Racial","keep"
317,"confederate-flag",0.000681043582259042,55.3088923670936,"Racial","keep"
317,"lynching",0.000665942837641324,141.159745999188,"Racial","keep"
317,"clyburn",0.000605539859170456,32.6185670066056,"Racial","drop"
317,"malcolm-x",0.000575338369935022,45.1852399749965,"Racial","keep"
317,"africans",0.000560237625317304,44.4688027454957,"Racial","keep"
317,"supremacist",0.000499834646846436,104.619211126811,"Racial","keep"
318,"dollar",0.0553865465685447,110.292410097495,"Foreign_exchange","keep"
318,"currency",0.0196131422810701,191.275642693097,"Foreign_exchange","keep"
318,"yen",0.0165371984730517,818.813810081244,"Foreign_exchange","keep"
318,"euro",0.0103141907689682,501.945911894012,"Foreign_exchange","keep"
318,"currencies",0.00810946803952143,1704.00091696067,"Foreign_exchange","keep"
318,"ounce",0.0029177016121146,66.5476314347841,"Foreign_exchange","drop"
318,"foreign-exchange",0.00247320106182291,658.645258049252,"Foreign_exchange","keep"
318,"francs",0.00240208097377624,531.50865808718,"Foreign_exchange","keep"
318,"coins",0.00217094068762457,54.3732483119152,"Foreign_exchange","drop"
318,"west-german",0.00217094068762457,152.122179537425,"Foreign_exchange","drop"
318,"coin",0.00195758042348456,39.4693310653215,"Foreign_exchange","drop"
318,"japanese-yen",0.00170866011532122,511.629785154249,"Foreign_exchange","keep"
318,"swiss-francs",0.00126415956502954,336.661954329992,"Foreign_exchange","keep"
318,"troy-ounce",0.00115747943295954,335.78009800066,"Foreign_exchange","drop"
318,"british-pound",0.00110413936692454,320.306360765607,"Foreign_exchange","keep"
318,"commodity-exchange",0.00110413936692454,260.803516710541,"Foreign_exchange","keep"
318,"frankfurt",0.0010685793229012,40.1973876782658,"Foreign_exchange","keep"
318,"devaluation",0.000997459234854533,57.314502209322,"Foreign_exchange","keep"
318,"comex",0.000944119168819531,273.885149060447,"Foreign_exchange","keep"
318,"swiss-franc",0.00089077910278453,237.22593406375,"Foreign_exchange","keep"
318,"franc",0.000801878992726193,53.433373304152,"Foreign_exchange","keep"
318,"peso",0.000730758904679524,90.7397443457377,"Foreign_exchange","keep"
318,"profit-taking",0.000321818398411178,85.7043793723327,"Foreign_exchange","drop"
319,"acquisition",0.00605904401260493,36.4991833229185,"CorporateFinance","keep"
319,"acquire",0.00598194292536945,49.3075011678998,"CorporateFinance","keep"
319,"common-shares",0.00505672987854376,1194.42615206529,"CorporateFinance","keep"
319,"common-stock",0.00453905114996272,966.514783952882,"CorporateFinance","keep"
319,"shares-outstanding",0.00354775145693519,837.99752467922,"CorporateFinance","keep"
319,"closely-held",0.00236920626633579,70.1217367399836,"CorporateFinance","keep"
319,"industries-inc",0.00213790300462937,74.0891334863678,"CorporateFinance","drop"
319,"preferred-stock",0.00199471527119206,415.615435442145,"CorporateFinance","keep"
319,"debentures",0.00164225315811561,363.381493729265,"CorporateFinance","keep"
319,"holding-company",0.00162022427604833,46.2016038851381,"CorporateFinance","keep"
319,"posner",0.00151007986571193,78.8272338942945,"CorporateFinance","drop"
319,"common-shares-outstanding",0.00143297877847646,415.701342908019,"CorporateFinance","keep"
319,"nasdaq-stock-market",0.00137790657330826,50.9957801901706,"CorporateFinance","drop"
319,"initial-public-offering",0.00134486325020735,67.5072212761327,"CorporateFinance","keep"
319,"convertible",0.00128979104503915,36.3304126502694,"CorporateFinance","drop"
319,"previously-announced",0.00127877660400551,56.8012182331737,"CorporateFinance","drop"
319,"tenneco",0.00125674772193823,278.080673605024,"CorporateFinance","drop"
319,"tendered",0.00106950222436637,78.4636756521574,"CorporateFinance","drop"
319,"shares-closed",0.00100341557816453,60.6738769628057,"CorporateFinance","drop"
319,"allegheny",0.000992401137130892,43.4401412518481,"CorporateFinance","drop"
319,"definitive-agreement",0.000915300049895418,274.071340274498,"CorporateFinance","keep"
319,"preferred-shares",0.000849213403693582,82.2705365885122,"CorporateFinance","keep"
319,"stock-exchange-composite-trading-yesterday",0.000783126757491747,99.8759967946211,"CorporateFinance","drop"
319,"composite-trading",0.000728054552323552,41.2387322697807,"CorporateFinance","drop"
319,"corporate-purposes",0.000728054552323552,211.20567844904,"CorporateFinance","keep"
319,"public-offering",0.000650953465088077,32.6071232708732,"CorporateFinance","drop"
319,"buyback",0.000639939024054438,31.8180633675827,"CorporateFinance","keep"
319,"quarterly-dividend",0.000595881259919881,35.1590244738068,"CorporateFinance","drop"
319,"debenture",0.000419650203381654,92.8560356209591,"CorporateFinance","keep"
319,"depositary",0.000309505793045261,63.058297332676,"CorporateFinance","drop"
320,"cable",0.0168109589751653,540.069167467487,"Telecommunications","keep"
320,"wireless",0.0100677722683205,506.59041699912,"Telecommunications","keep"
320,"telecommunications",0.00932213143054436,58.3646396021917,"Telecommunications","keep"
320,"verizon",0.00690690349948696,1459.75065618777,"Telecommunications","keep"
320,"telecom",0.00630714891258009,281.251151350662,"Telecommunications","keep"
320,"fcc",0.00603158599427153,1334.60953770966,"Telecommunications","keep"
320,"sprint",0.00546425057422449,225.59767874536,"Telecommunications","keep"
320,"cellular",0.005366993073645,156.700115079416,"Telecommunications","keep"
320,"long-distance",0.00510763973876635,118.603545559086,"Telecommunications","keep"
320,"subscribers",0.00476723848673813,151.013729174612,"Telecommunications","drop"
320,"mci",0.00460514265243897,291.418105053105,"Telecommunications","keep"
320,"comcast",0.00392434014838253,160.67866099442,"Telecommunications","keep"
320,"motorola",0.0037946634809432,220.321183142785,"Telecommunications","keep"
320,"broadband",0.0036811963969338,128.206350610556,"Telecommunications","keep"
320,"time-warner",0.00348668139577481,183.410429939907,"Telecommunications","keep"
320,"t's",0.00282208847514828,162.869092957791,"Telecommunications","drop"
320,"qwest",0.00265999264084912,771.653097404605,"Telecommunications","keep"
320,"communications-inc",0.00262757347398929,91.4731602923533,"Telecommunications","drop"
320,"nokia",0.00262757347398929,556.941263725562,"Telecommunications","keep"
320,"communications-commission",0.00240063930597048,162.297460610752,"Telecommunications","keep"
320,"cable-television",0.00238442972254056,64.7614419355258,"Telecommunications","keep"
320,"bell-atlantic",0.00233580097225081,622.05384667993,"Telecommunications","keep"
320,"cablevision",0.00215749555452174,509.611779782766,"Telecommunications","keep"
320,"wi-fi",0.00204402847051234,138.181961572234,"Telecommunications","keep"
320,"ericsson",0.00202781888708242,540.034255514637,"Telecommunications","keep"
320,"bellsouth",0.00181709430249352,388.136384020245,"Telecommunications","keep"
320,"cable-tv",0.00175225596877386,78.7643509305416,"Telecommunications","keep"
320,"t-mobile",0.00170362721848411,302.045883394934,"Telecommunications","keep"
320,"global-crossing",0.00154153138418496,364.117808094223,"Telecommunications","drop"
320,"fiber-optic",0.00144427388360547,96.6920798690238,"Telecommunications","keep"
320,"lucent",0.00141185471674563,409.573338110549,"Telecommunications","keep"
320,"nextel",0.00136322596645589,301.641123680147,"Telecommunications","keep"
320,"sbc",0.00131459721616614,276.481494983256,"Telecommunications","keep"
320,"cisco",0.00120113013215673,168.156920909116,"Telecommunications","keep"
320,"5g",0.00118492054872682,315.559584956995,"Telecommunications","keep"
320,"a.t",0.00112008221500716,61.6579966968214,"Telecommunications","drop"
320,"nynex",0.00107145346471741,253.082934963492,"Telecommunications","keep"
320,"3g",0.00105524388128749,220.444437831901,"Telecommunications","keep"
320,"cable-operators",0.00105524388128749,306.121978312247,"Telecommunications","keep"
320,"directv",0.00102282471442766,69.6872044155865,"Telecommunications","drop"
320,"iridium",0.00102282471442766,241.596568777555,"Telecommunications","drop"
320,"subscriber",0.000957986380708002,54.338795419768,"Telecommunications","drop"
320,"echostar",0.000941776797278087,273.205636558242,"Telecommunications","drop"
320,"cable-wireless",0.000909357630418256,263.800967485669,"Telecommunications","drop"
320,"u-s",0.000909357630418256,31.8678847327622,"Telecommunications","drop"
320,"ameritech",0.00089314804698834,267.438292316945,"Telecommunications","keep"
320,"verizon-wireless",0.000876938463558425,207.137470219742,"Telecommunications","keep"
320,"gte",0.000844519296698594,61.7945700570747,"Telecommunications","drop"
320,"mobile-phone",0.000844519296698594,93.3461908538481,"Telecommunications","keep"
320,"nortel",0.000844519296698594,224.906352616408,"Telecommunications","keep"
321,"book",0.0602476641031794,77.6014779616458,"Literature","keep"
321,"books",0.0306005975121858,59.4520562398185,"Literature","keep"
321,"novel",0.0092445521134486,54.9263317890923,"Literature","keep"
321,"writers",0.00749239143269608,35.7817289741478,"Literature","keep"
321,"literary",0.00546090078834534,204.996474816377,"Literature","keep"
321,"authors",0.00528314535696465,93.9053857504832,"Literature","keep"
321,"publishers",0.00405155415382701,188.65957869728,"Literature","keep"
321,"poetry",0.00392458598855509,67.4673592665337,"Literature","keep"
321,"fiction",0.0039118891720279,124.71390675747,"Literature","keep"
321,"literature",0.00345480377704898,30.7030914956488,"Literature","keep"
321,"novels",0.00336592606135864,178.744958893643,"Literature","keep"
321,"prose",0.00294693111596129,108.171196641194,"Literature","keep"
321,"memoir",0.00281996295068937,47.3292827804372,"Literature","keep"
321,"poem",0.00281996295068937,99.5622749817568,"Literature","keep"
321,"poems",0.00273108523499903,198.283560292754,"Literature","keep"
321,"novelist",0.00221051575738415,111.270742261165,"Literature","keep"
321,"diary",0.00215972849127538,31.9125284969079,"Literature","drop"
321,"paperback",0.00184230807809558,117.885195934248,"Literature","drop"
321,"bookstore",0.00176612717893243,78.378568948975,"Literature","keep"
321,"knopf",0.00172803672935085,156.718523947581,"Literature","keep"
321,"barnes-noble",0.00171533991282366,363.692976565876,"Literature","drop"
321,"simon-schuster",0.00161376538060612,87.5598764801451,"Literature","drop"
321,"random-house",0.00146140358227982,84.9616455867201,"Literature","keep"
321,"nonfiction",0.00142331313269824,127.860651699251,"Literature","drop"
321,"manuscript",0.00139791949964385,83.8552418401741,"Literature","keep"
321,"penguin",0.00130904178395351,52.2115466174432,"Literature","drop"
321,"poets",0.00122016406826316,39.1500542978856,"Literature","keep"
321,"capote",0.00120746725173597,267.176379839302,"Literature","drop"
321,"essays",0.0011566799856272,50.4759890786778,"Literature","keep"
321,"hemingway",0.00114398316910001,53.7913886338098,"Literature","keep"
321,"reviewer",0.00104240863688247,48.9337073942416,"Literature","keep"
321,"harpercollins",0.000864653205501784,55.9943127432085,"Literature","drop"
321,"bookstores",0.000851956388974592,48.2501187245609,"Literature","keep"
321,"hardcover",0.000826562755920208,220.124294813984,"Literature","drop"
321,"houghton",0.000826562755920208,35.2804830192071,"Literature","drop"
321,"librarians",0.000763078673284248,168.846481896341,"Literature","drop"
321,"mailer",0.000763078673284248,43.2116723671935,"Literature","drop"
321,"nabokov",0.000750381856757055,224.689336816458,"Literature","drop"
321,"illustrations",0.000737685040229863,33.3200155822239,"Literature","drop"
321,"bookscan",0.000724988223702671,217.085636754988,"Literature","drop"
321,"booksellers",0.000724988223702671,160.418204929802,"Literature","keep"
321,"doubleday",0.000724988223702671,31.531154176937,"Literature","keep"
321,"didion",0.000686897774121094,182.92971350901,"Literature","keep"
321,"mifflin",0.000623413691485134,48.7620629688651,"Literature","drop"
321,"novelists",0.000610716874957942,135.133374030183,"Literature","keep"
321,"manuscripts",0.000572626425376366,126.705097063644,"Literature","keep"
321,"bestseller",0.000534535975794789,32.3023713687924,"Literature","keep"
321,"demille",0.000534535975794789,40.6326200206057,"Literature","drop"
321,"farrar",0.000534535975794789,52.8012212079444,"Literature","drop"
321,"giroux",0.000496445526213213,117.263040310083,"Literature","drop"
326,"radio",0.0358075243667162,125.280554858925,"Radio","keep"
326,"tape",0.00970070168617886,54.5837479769739,"Radio","keep"
326,"stations",0.00882281013086855,108.18389824944,"Radio","keep"
326,"stern",0.00769409241689816,83.6773031708533,"Radio","drop"
326,"broadcasting",0.00524853736996231,50.456327298107,"Radio","keep"
326,"tapes",0.00391079785710852,93.870544326625,"Radio","keep"
326,"listeners",0.00326283028056996,92.252567658818,"Radio","drop"
326,"malone",0.00320012374090494,100.486071063303,"Radio","drop"
326,"kramer",0.00297019976213319,43.387460059349,"Radio","drop"
326,"murdoch",0.00253125398447804,560.090780975094,"Radio","drop"
326,"radio-stations",0.00244764526492468,179.097372185015,"Radio","keep"
326,"broadcasters",0.00238493872525966,116.899016740471,"Radio","keep"
326,"univision",0.00221772128615293,643.351967730915,"Radio","drop"
326,"clear-channel",0.00217591692637625,579.4746685134,"Radio","keep"
326,"radio-station",0.00209230820682289,59.3388828771284,"Radio","keep"
326,"broadcasts",0.00167426460905608,78.1743296409926,"Radio","keep"
326,"sirius",0.00156975370961438,488.159189931857,"Radio","drop"
326,"broadcaster",0.00154885152972604,39.7383268499378,"Radio","keep"
326,"kili",0.00148614499006101,445.001340614798,"Radio","drop"
326,"television-stations",0.00148614499006101,122.174951311393,"Radio","drop"
326,"xm",0.00138163409061931,326.349227674367,"Radio","drop"
326,"duct",0.00121441665151259,70.4540446270085,"Radio","drop"
326,"tv-stations",0.00108900357218254,56.4876042427719,"Radio","drop"
326,"limbaugh",0.0010681013922942,93.0082925978726,"Radio","drop"
326,"airwaves",0.00098449267274084,37.7649473673508,"Radio","keep"
326,"imus",0.000900883953187478,189.211937063067,"Radio","drop"
326,"cassette",0.000796373053745775,38.0404827460576,"Radio","keep"
326,"landau",0.000670959974415732,31.5299519572586,"Radio","drop"
326,"iac",0.000482840355420667,114.000544501561,"Radio","drop"
328,"indian",0.0239404559449801,132.324406237697,"Native_American","keep"
328,"india",0.0166028511256737,456.170500584338,"Native_American","drop"
328,"indians",0.00770448506027174,420.196949525847,"Native_American","keep"
328,"du",0.00630588082675753,106.95437769853,"Native_American","drop"
328,"tribes",0.00504916397925201,1117.22893623167,"Native_American","keep"
328,"tribal",0.0043194574226359,234.041692123003,"Native_American","keep"
328,"tribe",0.00427891816949056,136.617919235158,"Native_American","keep"
328,"reservation",0.00415730041005455,134.933857255057,"Native_American","keep"
328,"pont",0.00391406489118251,225.903553588108,"Native_American","drop"
328,"native-american",0.00312354945484839,148.289236348117,"Native_American","keep"
328,"conoco",0.00223168588565093,594.326659780756,"Native_American","drop"
328,"delhi",0.00217087700593292,119.033765156352,"Native_American","drop"
328,"native-americans",0.00196818074020622,111.518535499637,"Native_American","keep"
328,"modi",0.00190737186048821,507.957662900718,"Native_American","drop"
328,"mead",0.00188710223391554,83.2225026307571,"Native_American","drop"
328,"hindu",0.00186683260734287,111.973841021018,"Native_American","drop"
328,"indigenous",0.0017857541010522,42.2020961827926,"Native_American","keep"
328,"seagram",0.00174521484790686,75.2435677908206,"Native_American","drop"
328,"sioux",0.00133982231645346,75.740202292425,"Native_American","keep"
328,"navajo",0.00131955268988079,351.413856055651,"Native_American","keep"
328,"kashmir",0.000569576506692017,120.985851990019,"Native_American","drop"
331,"immigration",0.0194928994456849,674.178302002828,"Immigration","keep"
331,"border",0.017523177308801,67.6344572725702,"Immigration","keep"
331,"immigrants",0.0101734678428162,88.4691481039853,"Immigration","keep"
331,"migrants",0.0073070811510821,395.776354693588,"Immigration","keep"
331,"citizenship",0.00420550375643651,157.264522623636,"Immigration","keep"
331,"immigrant",0.00407320898604878,30.787752087093,"Immigration","keep"
331,"refugees",0.00399971189138893,102.79587088597,"Immigration","keep"
331,"asylum",0.00358812816129379,73.5038556023064,"Immigration","keep"
331,"customs",0.00305894907974288,35.8013613705025,"Immigration","drop"
331,"visas",0.00276496070110348,204.625672125302,"Immigration","keep"
331,"passport",0.00261796651178379,68.7672557724337,"Immigration","drop"
331,"migration",0.00252976999819197,31.4731356336072,"Immigration","keep"
331,"border-patrol",0.0023680763899403,214.224397977991,"Immigration","keep"
331,"mayorkas",0.00227987987634849,661.383923127375,"Immigration","drop"
331,"illegal-immigrants",0.00219168336275667,130.762242841945,"Immigration","keep"
331,"migrant",0.00216228452489273,106.056977629608,"Immigration","keep"
331,"refugee",0.00194179324091319,37.5544710963536,"Immigration","keep"
331,"deportation",0.00176540021372955,104.853914013023,"Immigration","keep"
331,"lópez",0.00160370660547789,341.400828508445,"Immigration","drop"
331,"el-paso",0.00151551009188607,43.7834584547777,"Immigration","drop"
331,"haiti",0.0015008106729541,38.584212929043,"Immigration","drop"
331,"haitian",0.00145671241615819,83.8773512865524,"Immigration","keep"
331,"asylum-seekers",0.00138321532149834,401.265165482179,"Immigration","keep"
331,"obrador",0.00132441764577046,293.054003314384,"Immigration","drop"
331,"undocumented",0.00130971822683849,99.0162745237654,"Immigration","keep"
331,"southern-border",0.00129501880790652,286.548919999969,"Immigration","keep"
331,"undocumented-immigrants",0.00126561997004258,280.043836685554,"Immigration","keep"
331,"deported",0.00113332519965486,267.697363667013,"Immigration","keep"
331,"border-protection",0.00111862578072289,297.904435420919,"Immigration","keep"
331,"illegal-immigration",0.0010157298481991,97.320876590916,"Immigration","keep"
331,"cbp",0.000986331010335162,306.727446516539,"Immigration","keep"
331,"haitians",0.000898134496743344,191.781995696107,"Immigration","keep"
331,"passports",0.000898134496743344,45.5983793838828,"Immigration","keep"
331,"naturalization",0.000883435077811374,188.107118116582,"Immigration","keep"
331,"immigration-reform",0.000868735658879405,183.877967879154,"Immigration","keep"
331,"customs-enforcement",0.000854036239947435,247.752456052227,"Immigration","keep"
331,"deport",0.000780539145287587,164.204793545589,"Immigration","keep"
331,"smugglers",0.000765839726355617,180.895365072002,"Immigration","keep"
331,"illegal-aliens",0.000721741469559708,154.666275979784,"Immigration","keep"
331,"dhs",0.000692342631695769,40.0832205917465,"Immigration","keep"
331,"unaccompanied",0.0006776432127638,50.3818322298821,"Immigration","keep"
331,"rio-grande",0.000618845537035921,33.0114432214263,"Immigration","drop"
332,"sec",0.0242450007304194,1064.71800552404,"Securities","keep"
332,"accounting",0.0154799676317504,50.8162712993498,"Securities","keep"
332,"exchange-commission",0.00774901147168845,309.099368181602,"Securities","keep"
332,"enron",0.0077161836323676,534.415366956633,"Securities","keep"
332,"audit",0.00576292719277656,47.9118975271982,"Securities","keep"
332,"s.e.c",0.00490940337043426,1424.19804439567,"Securities","keep"
332,"tyco",0.00451546929858397,1352.08200062117,"Securities","keep"
332,"insider-trading",0.00417077698571496,870.563031345632,"Securities","keep"
332,"worldcom",0.00417077698571496,1209.92552016363,"Securities","keep"
332,"auditors",0.00369477331556253,219.498567255906,"Securities","keep"
332,"donaldson",0.00316952788642881,57.0672268923388,"Securities","drop"
332,"aig",0.00303821652914537,208.979892975452,"Securities","drop"
332,"mack",0.0027099381359368,31.251556612919,"Securities","drop"
332,"ebbers",0.00252938501967208,733.764355203522,"Securities","keep"
332,"kozlowski",0.00252938501967208,597.454024379991,"Securities","drop"
332,"andersen",0.00251297110001165,74.2845009758638,"Securities","drop"
332,"auditor",0.00225034838544479,78.0901857406535,"Securities","keep"
332,"heller",0.00221752054612393,51.8263389816198,"Securities","drop"
332,"financial-statements",0.00172510295631107,98.5533282767878,"Securities","keep"
332,"audits",0.00167586119732978,41.4937272015116,"Securities","keep"
332,"skilling",0.00165944727766935,481.398937774666,"Securities","keep"
332,"accountants",0.00161020551868807,45.5284844169118,"Securities","keep"
332,"deloitte",0.00152813592038592,77.5164688892828,"Securities","keep"
332,"kpmg",0.00152813592038592,113.088331794583,"Securities","keep"
332,"aguirre",0.00149530808106507,81.5370092023859,"Securities","drop"
332,"vinson",0.00141323848276292,66.4164756213249,"Securities","drop"
332,"accounting-firm",0.00126551320581906,57.5152890328282,"Securities","keep"
332,"bdo",0.00121627144683778,352.835423235438,"Securities","keep"
332,"levitt",0.00121627144683778,43.0877395726525,"Securities","drop"
332,"auditing",0.00105213225023349,47.3274268483735,"Securities","keep"
332,"fasb",0.0010028904912522,300.298837651595,"Securities","keep"
332,"rajaratnam",0.000986476571591772,295.383963058279,"Securities","drop"
332,"arthur-andersen",0.000937234812610486,46.6919287062616,"Securities","drop"
332,"restatement",0.000937234812610486,122.064089843943,"Securities","keep"
332,"securities-fraud",0.000937234812610486,122.9161222122,"Securities","keep"
332,"corporate-governance",0.000904406973289629,51.4318584666301,"Securities","keep"
332,"sac",0.000822337374987484,57.6807657731442,"Securities","drop"
332,"ernst-young",0.000773095616006198,34.9636753932378,"Securities","drop"
332,"peat",0.000773095616006198,63.4480744657917,"Securities","drop"
332,"pequot",0.000773095616006198,205.885307653004,"Securities","drop"
332,"samberg",0.000773095616006198,224.27190869621,"Securities","drop"
332,"inman",0.000691026017704054,41.7430828632936,"Securities","drop"
332,"audited",0.000641784258722767,36.7409372404831,"Securities","drop"
332,"touche",0.000641784258722767,44.0946833489682,"Securities","drop"
332,"swartz",0.000625370339062338,138.375747258848,"Securities","drop"
332,"schapiro",0.000608956419401909,30.4982102585613,"Securities","drop"
332,"seidman",0.000559714660420623,34.5127036379422,"Securities","drop"
332,"gensler",0.000510472901439336,108.084286950897,"Securities","drop"
337,"women",0.127425701871998,79.3131206044458,"Gender","keep"
337,"female",0.0168954792862964,92.138834478578,"Gender","keep"
337,"male",0.0113464524722948,59.4332450753353,"Gender","drop"
337,"gender",0.00569574192086391,192.106573047463,"Gender","keep"
337,"sexual-harassment",0.00312459598872182,147.03916417677,"Gender","keep"
337,"feminist",0.00255807230875831,93.0165341167035,"Gender","keep"
337,"harassment",0.0021949161036535,33.0788067074224,"Gender","keep"
337,"sexually",0.00157028743087322,30.9379979331596,"Gender","keep"
337,"masculinity",0.0010182899991139,68.9804589386678,"Gender","keep"
337,"feminism",0.000989237502705514,52.547540350828,"Gender","keep"
337,"sexual-misconduct",0.000960185006297128,71.2754987400949,"Gender","keep"
337,"sexism",0.000902080013480359,58.9878828876922,"Gender","keep"
337,"masculine",0.000800396276051011,42.7628778358341,"Gender","keep"
337,"sexist",0.000756817531438433,56.083043932388,"Gender","keep"
337,"feminine",0.000727765035030048,42.4024711747451,"Gender","keep"
337,"feminists",0.000698712538621662,68.3789981306175,"Gender","keep"
337,"#metoo",0.000669660042213277,38.8092112601382,"Gender","drop"
337,"macho",0.000655133794009085,32.7718278129489,"Gender","keep"
337,"sexes",0.00056797630478393,43.6567348334091,"Gender","keep"
339,"mail",0.0158782435308374,138.07074690904,"Postal_service","keep"
339,"e-mail",0.0146432093705085,76.5171592881578,"Postal_service","drop"
339,"messages",0.00674973017188454,37.4383994815459,"Postal_service","drop"
339,"postal-service",0.00515671509551826,264.767967271365,"Postal_service","keep"
339,"postal",0.00436915708023605,160.71312385362,"Postal_service","keep"
339,"fax",0.00274034391226604,105.260786657886,"Postal_service","drop"
339,"phone-number",0.0026508486832567,138.086167652503,"Postal_service","drop"
339,"stamp",0.00259715154585109,34.002892207227,"Postal_service","keep"
339,"stamps",0.00206018017179504,88.0801313665705,"Postal_service","keep"
339,"mailing",0.00198858398858757,72.630063729256,"Postal_service","keep"
339,"mailed",0.0019706849427857,44.696139156117,"Postal_service","keep"
339,"e-mails",0.00164850211835207,33.0176058350602,"Postal_service","drop"
339,"envelope",0.00159480498094647,32.4104302391075,"Postal_service","keep"
339,"p.o",0.00125472311071097,35.901207721234,"Postal_service","keep"
339,"dejoy",0.00102203551528668,306.031495917392,"Postal_service","drop"
339,"puzzles",0.000860944103069866,38.546208028386,"Postal_service","drop"
339,"washington-post-15th",0.000843045057267997,42.2420770092522,"Postal_service","drop"
339,"crossword",0.00080724696566426,73.0381691682288,"Postal_service","drop"
339,"postage",0.000789347919862392,56.1339948655531,"Postal_service","keep"
339,"postmaster",0.000735650782456787,61.8764219615482,"Postal_service","keep"
339,"scams",0.000717751736654919,35.8986422243945,"Postal_service","drop"
339,"mailbox",0.00069985269085305,31.8348459202429,"Postal_service","keep"
339,"c-o",0.000681953645051182,30.7512413889033,"Postal_service","drop"
339,"toll-free",0.000574559370239973,30.0045309077689,"Postal_service","drop"
346,"ship",0.0152490587061993,154.200717443009,"Maritime","keep"
346,"boat",0.0131672082782304,219.044790978689,"Maritime","keep"
346,"ships",0.00864661877749777,220.151281693044,"Maritime","keep"
346,"boats",0.0057716824722073,299.01731549097,"Maritime","keep"
346,"greenberg",0.00563289244367603,76.2186464796755,"Maritime","drop"
346,"cruise",0.00472084368475629,83.515773846549,"Maritime","keep"
346,"aboard",0.00428464645222947,46.6956452489112,"Maritime","keep"
346,"vessels",0.0041458564236982,236.266991919961,"Maritime","keep"
346,"vessel",0.00388810351356871,141.161357374355,"Maritime","keep"
346,"coast-guard",0.00355104201570707,156.057081195784,"Maritime","drop"
346,"cargo",0.00339242484024276,166.636191061808,"Maritime","keep"
346,"maritime",0.00319415337091239,117.147835542882,"Maritime","keep"
346,"sailing",0.00291657331384986,93.0990937966713,"Maritime","keep"
346,"yacht",0.00273812899145252,66.2239010722945,"Maritime","drop"
346,"titanic",0.00265882040372036,108.435166126252,"Maritime","drop"
346,"ports",0.00230193175892569,102.36358370285,"Maritime","keep"
346,"sail",0.0022027960242605,112.656373148868,"Maritime","drop"
346,"a.i.g",0.00214331458346138,570.792245198271,"Maritime","drop"
346,"submarine",0.00214331458346138,101.029130668583,"Maritime","keep"
346,"voyage",0.00160798161626936,78.8744565643742,"Maritime","keep"
346,"carnival",0.00158815446933633,42.5731347783291,"Maritime","drop"
346,"dock",0.00158815446933633,37.6294007681653,"Maritime","keep"
346,"sailor",0.00150884588160418,70.6801559298268,"Maritime","drop"
346,"sailors",0.00150884588160418,55.1130422611491,"Maritime","drop"
346,"seas",0.00142953729387202,43.8826220368883,"Maritime","keep"
346,"underwater",0.00142953729387202,35.1701251292782,"Maritime","drop"
346,"tanker",0.00125109297147468,91.3136116291698,"Maritime","keep"
346,"battleship",0.00119161153067557,62.2537546777065,"Maritime","keep"
346,"sailed",0.00119161153067557,32.3613677917192,"Maritime","drop"
346,"hull",0.00117178438374253,45.7546015319217,"Maritime","keep"
346,"crew-members",0.00105282150214431,48.2099108595534,"Maritime","keep"
346,"creamer",0.00103299435521127,159.186835375065,"Maritime","drop"
346,"cruises",0.00101316720827823,72.1039163958732,"Maritime","keep"
346,"wharf",0.000973512914412155,46.2741692661366,"Maritime","keep"
346,"submarines",0.000953685767479117,77.6100244861999,"Maritime","keep"
346,"cruise-ship",0.000894204326680004,42.7417894177391,"Maritime","keep"
346,"pirate",0.000814895738947853,35.232188846809,"Maritime","drop"
346,"shipbuilding",0.000814895738947853,78.1214557722518,"Maritime","keep"
346,"uss",0.000814895738947853,46.6121390903475,"Maritime","keep"
346,"yachts",0.000775241445081777,38.2931304126978,"Maritime","drop"
346,"shipyard",0.000755414298148739,51.1200523615284,"Maritime","keep"
346,"sails",0.000695932857349626,36.1139358412378,"Maritime","drop"
346,"skipper",0.000695932857349626,45.5551470450514,"Maritime","keep"
346,"strait",0.000695932857349626,34.4603672199664,"Maritime","keep"
346,"destroyer",0.000676105710416588,35.4851544291307,"Maritime","keep"
346,"barge",0.00065627856348355,31.540240404881,"Maritime","keep"
346,"shippers",0.000616624269617475,78.4427363589147,"Maritime","keep"
347,"protest",0.0107333986037286,97.0481820854287,"Protest","keep"
347,"protesters",0.00997284960807582,580.839126772054,"Protest","keep"
347,"protests",0.00964690003851034,184.893658673095,"Protest","keep"
347,"activists",0.00690650921290422,30.2180313076489,"Protest","keep"
347,"demonstrations",0.00281403128391535,45.0535373537273,"Protest","keep"
347,"demonstrators",0.00278988687135495,617.31850149821,"Protest","keep"
347,"peaceful",0.00228285420758642,33.8420790023223,"Protest","keep"
347,"riot",0.00175167713125748,31.6538368915174,"Protest","drop"
347,"activism",0.0014498719742524,33.8183719646297,"Protest","keep"
347,"protesting",0.00136536653029098,39.4491207316368,"Protest","keep"
347,"free-speech",0.00125671667376915,48.1354137377559,"Protest","keep"
347,"lives-matter",0.0010635613732859,53.6072726061825,"Protest","drop"
347,"tear-gas",0.000906622691643257,92.7339909072428,"Protest","keep"
347,"police-brutality",0.000773828422561022,161.330403095068,"Protest","drop"
347,"extremist",0.000761756216280819,39.6397378099133,"Protest","drop"
347,"racial-justice",0.000737611803720412,56.5017946882127,"Protest","keep"
347,"marchers",0.000628961947198584,71.1831382030372,"Protest","keep"
347,"protester",0.000532384296956959,117.800717940593,"Protest","keep"
347,"supremacists",0.000399590027874724,33.3497696171067,"Protest","drop"
