Unnamed: 0,topic,term,beta,ratio,label,decision
1,1,business,0.150807247,44.60554076,Business,keep
2,1,entrepreneurs,0.004627995,160.7338245,Business,keep
3,1,small-businesses,0.004054061,67.26768201,Business,keep
4,1,entrepreneurship,0.001514838,83.76290195,Business,keep
5,1,small-business,0.001480054,48.64813692,Business,keep
6,1,entrepreneurial,0.001410486,37.0214828,Business,keep
7,1,sba,0.001097431,292.260095,Business,keep
8,1,small-business-owners,0.000871336,59.04706037,Business,keep
9,2,recession,0.009466643,68.420269,Economy,keep
10,2,unemployment,0.005338389,100.7652844,Economy,keep
11,2,economic-growth,0.00288222,50.04547615,Economy,keep
12,2,stimulus,0.002277625,72.50885578,Economy,keep
13,2,gdp,0.001181795,56.26211844,Economy,keep
14,2,great-depression,0.000870051,37.82327691,Economy,drop
15,2,globalization,0.000832263,56.69816023,Economy,drop
16,2,economic-recovery,0.000822817,31.41606317,Economy,keep
17,2,stimulus-package,0.000643327,48.78042038,Economy,keep
18,2,economic-advisers,0.000624434,33.26649108,Economy,keep
19,2,recessions,0.000548859,36.76516305,Economy,keep
58,4,religious,0.018701273,247.5610083,Religion,keep
59,4,jewish,0.014917827,94.35549871,Religion,keep
60,4,christian,0.013612036,56.87816021,Religion,keep
61,4,god,0.012239281,51.13019057,Religion,keep
62,4,religion,0.009242658,145.5173535,Religion,keep
63,4,jews,0.00800383,375.5380291,Religion,keep
64,4,muslim,0.005676843,253.3667423,Religion,keep
65,4,bible,0.004605425,70.67214492,Religion,keep
66,4,rabbi,0.004052975,896.802105,Religion,keep
67,4,prayer,0.004002752,34.72444577,Religion,keep
68,4,muslims,0.003550748,203.4382824,Religion,keep
69,4,jesus,0.003450302,52.21036401,Religion,keep
70,4,christians,0.002881111,156.169917,Religion,keep
71,4,islam,0.002747184,106.7885232,Religion,keep
72,4,evangelical,0.002579775,148.899483,Religion,keep
74,4,synagogue,0.002228215,127.4035863,Religion,keep
75,4,orthodox,0.002161252,91.3961652,Religion,keep
76,4,secular,0.002077547,89.85180227,Religion,keep
77,4,prayers,0.001926879,84.44054261,Religion,keep
78,4,christianity,0.001792952,194.1355051,Religion,keep
79,4,biblical,0.001592061,47.20829248,Religion,keep
80,4,evangelicals,0.001525097,406.152987,Religion,keep
81,4,judaism,0.001374429,411.5498276,Religion,keep
82,4,mosque,0.001357688,111.3867813,Religion,keep
83,4,hebrew,0.001223761,45.71316143,Religion,keep
84,4,jew,0.001223761,89.85397712,Religion,keep
85,4,jewish-community,0.001123315,68.20765162,Religion,keep
86,4,religious-freedom,0.001123315,90.72050667,Religion,keep
87,4,yiddish,0.00102287,68.17668508,Religion,keep
88,4,rabbis,0.001006129,237.6529175,Religion,keep
89,4,buddhist,0.000972647,41.86756789,Religion,keep
90,4,religions,0.000855461,64.51892989,Religion,keep
91,4,religious-beliefs,0.00083872,56.11280606,Religion,keep
92,4,anti-semitism,0.000755015,55.71306032,Religion,keep
93,4,passover,0.000721533,149.2088549,Religion,keep
96,4,monks,0.000671311,41.93494733,Religion,keep
97,4,faith-based,0.00065457,32.52875696,Religion,keep
98,4,ultra-orthodox,0.000637829,185.0315444,Religion,keep
99,4,spirituality,0.000554124,30.35487072,Religion,keep
100,4,mosques,0.000520642,115.2025835,Religion,keep
101,4,protestants,0.000503901,44.06356921,Religion,keep
103,5,futures,0.011845447,682.9423894,Commodity_Market,keep
105,5,commodity,0.003097282,64.32103254,Commodity_Market,keep
106,5,inventories,0.002881658,146.2884567,Commodity_Market,keep
107,5,new-york-mercantile-exchange,0.001788137,476.2039664,Commodity_Market,keep
108,5,soybean,0.001788137,476.2039664,Commodity_Market,keep
109,5,cocoa,0.001572514,91.08400963,Commodity_Market,keep
110,5,speculators,0.001433898,53.06063096,Commodity_Market,keep
111,5,futures-prices,0.001387693,431.5423141,Commodity_Market,keep
112,5,soybeans,0.001295283,278.2678129,Commodity_Market,keep
113,5,bushel,0.001218274,102.0372284,Commodity_Market,drop
114,5,commodity-markets,0.001156668,99.45743389,Commodity_Market,keep
115,5,price-increases,0.001095061,54.77553156,Commodity_Market,keep
118,5,chicago-mercantile-exchange,0.00072542,210.4414179,Commodity_Market,keep
119,5,bearish,0.000679215,50.12683928,Commodity_Market,keep
120,5,futures-contracts,0.00063301,34.99196998,Commodity_Market,keep
121,9,traffic,0.027174104,36.16694542,Traffic,keep
122,9,bridge,0.02259909,46.84392401,Traffic,keep
123,9,highway,0.012059886,78.22723765,Traffic,keep
124,9,lanes,0.008781435,391.8841268,Traffic,keep
125,9,parking,0.007225559,34.19489905,Traffic,keep
126,9,toll,0.006743979,47.50911467,Traffic,keep
127,9,bridges,0.005447416,57.98792633,Traffic,keep
128,9,highways,0.003002469,81.06633261,Traffic,keep
129,9,congestion,0.002835768,168.5598275,Traffic,keep
130,9,beltway,0.002409755,44.76557254,Traffic,keep
131,9,motorists,0.002354188,145.1834423,Traffic,keep
133,9,pedestrians,0.001946696,90.21779673,Traffic,keep
134,9,tolls,0.001502161,74.0440869,Traffic,keep
135,9,roadway,0.001483638,148.4094367,Traffic,keep
136,9,rush-hour,0.001391027,73.08260051,Traffic,keep
138,9,expressway,0.000983536,72.87293667,Traffic,keep
139,9,potholes,0.000909446,55.42660689,Traffic,keep
142,9,intersections,0.000890924,51.56212993,Traffic,keep
143,9,traffic-congestion,0.000890924,66.11500089,Traffic,keep
144,9,roadways,0.000872402,59.50796945,Traffic,keep
146,9,ramps,0.000687178,35.62284313,Traffic,keep
147,9,interchange,0.000631611,33.02293448,Traffic,keep
148,9,transportation-authority,0.000576044,50.24971905,Traffic,keep
149,9,parking-spaces,0.000501955,33.86850843,Traffic,keep
150,10,diversity,0.009787978,110.8835186,Minority,keep
151,10,hispanic,0.009723382,121.4973648,Minority,keep
153,10,discrimination,0.006348217,87.11751539,Minority,keep
154,10,minorities,0.006202875,114.1060713,Minority,keep
155,10,ethnic,0.006009085,86.1920925,Minority,keep
156,10,affirmative-action,0.004862498,629.8442196,Minority,keep
157,10,latino,0.003699762,64.29762929,Minority,keep
158,10,hispanics,0.003263736,209.9581581,Minority,keep
159,10,latinos,0.001858763,411.2886611,Minority,keep
160,10,asians,0.001600377,92.38326075,Minority,keep
161,10,disparities,0.00155193,85.30715889,Minority,keep
162,10,ethnicity,0.00137429,64.31876658,Minority,keep
163,10,minority-groups,0.001293544,105.5248026,Minority,keep
164,10,civil-rights-act,0.000647579,82.74868158,Minority,keep
165,10,discriminated,0.000647579,30.37457019,Minority,keep
166,10,underrepresented,0.00063143,86.47852623,Minority,keep
182,13,storm,0.017318128,232.8266291,Disaster,keep
183,13,hurricane,0.012073557,689.017425,Disaster,keep
184,13,earthquake,0.004933578,165.730788,Disaster,keep
185,13,storms,0.004878372,282.9046364,Disaster,keep
186,13,winds,0.003995076,40.88688239,Disaster,keep
187,13,flooding,0.003811056,100.4292759,Disaster,keep
188,13,hurricanes,0.002780543,67.67413715,Disaster,keep
189,13,flooded,0.002228483,40.0937684,Disaster,keep
190,13,fema,0.002154875,508.9927834,Disaster,keep
191,13,emergency-management,0.002136473,122.1135412,Disaster,keep
194,13,rubble,0.001952453,87.95482212,Disaster,drop
195,13,debris,0.001915649,68.17647293,Disaster,keep
196,13,quake,0.001915649,452.4863258,Disaster,drop
197,13,evacuation,0.001602815,69.2051072,Disaster,keep
198,13,tornado,0.001547609,50.19571213,Disaster,keep
199,13,floods,0.001400393,62.55679626,Disaster,keep
200,13,gulf-coast,0.001326785,64.09034765,Disaster,drop
202,13,tropical-storm,0.001013951,224.3569255,Disaster,keep
203,13,tornadoes,0.000977147,283.4662581,Disaster,keep
205,13,earthquakes,0.000940343,51.71273401,Disaster,keep
206,13,rescuers,0.000921941,79.61575082,Disaster,keep
208,13,evacuees,0.000848333,200.3805919,Disaster,keep
211,13,forecasters,0.00073792,35.12698395,Disaster,drop
213,13,noaa,0.000682714,42.14572847,Disaster,keep
217,13,death-toll,0.00064591,35.3784599,Disaster,keep
219,13,ashore,0.000517096,30.72953904,Disaster,drop
221,14,judge,0.029818258,205.4251989,Judicial,keep
222,14,ruling,0.015349713,327.739088,Judicial,keep
223,14,appeals,0.007902813,96.80856804,Judicial,keep
224,14,judges,0.007586344,93.22904158,Judicial,keep
225,14,courts,0.007497337,51.1179202,Judicial,keep
226,14,appeals-court,0.00327446,221.9532604,Judicial,keep
227,14,federal-judge,0.002888764,83.00195217,Judicial,keep
228,14,upheld,0.002532737,133.4689515,Judicial,keep
229,14,circuit-court,0.001949248,51.02029478,Judicial,keep
230,14,appellate,0.001771235,160.3704294,Judicial,keep
231,14,district-judge,0.001761345,151.8807793,Judicial,keep
232,14,federal-appeals-court,0.001504214,163.9719767,Judicial,keep
233,14,rulings,0.001444877,70.60585643,Judicial,keep
234,14,unconstitutional,0.001336091,64.55060636,Judicial,keep
235,14,court-ruling,0.001237194,61.99858617,Judicial,keep
236,14,injunction,0.001108629,66.47777417,Judicial,keep
237,14,federal-courts,0.001059181,55.27234099,Judicial,keep
238,14,court-ruled,0.000960284,58.14660527,Judicial,keep
239,14,three-judge,0.000930615,219.8162124,Judicial,keep
240,14,supreme-court-ruled,0.000653705,30.93052352,Judicial,keep
241,14,judge-ruled,0.000416354,30.65931788,Judicial,keep
242,14,tribunal,0.000416354,42.278419,Judicial,drop
243,14,oral-arguments,0.000347126,71.80750412,Judicial,keep
244,16,abortion,0.032624535,2775.011121,Abortion,keep
245,16,abortions,0.0071469,1506.311473,Abortion,keep
246,16,pregnancy,0.006582819,285.2883847,Abortion,keep
247,16,abortion-rights,0.004890578,446.6567581,Abortion,keep
248,16,pregnant,0.00413847,96.81714414,Abortion,keep
249,16,reproductive,0.004119668,226.7447214,Abortion,keep
250,16,planned-parenthood,0.00357439,790.9055731,Abortion,keep
251,16,roe,0.00308552,173.3967616,Abortion,keep
252,16,clinics,0.003029112,55.63849841,Abortion,drop
253,16,antiabortion,0.00280348,662.1966982,Abortion,keep
255,16,embryos,0.002559045,742.3686316,Abortion,keep
256,16,roe-v-wade,0.002352216,520.4749458,Abortion,keep
257,16,fertility,0.002013767,113.2790782,Abortion,drop
258,16,pro-life,0.002013767,445.5864644,Abortion,keep
259,16,anti-abortion,0.001919754,424.7841084,Abortion,keep
262,16,bans,0.001600108,32.44324001,Abortion,keep
263,16,birth-control,0.001600108,69.96780729,Abortion,keep
264,16,fetus,0.001600108,339.3098976,Abortion,keep
265,16,pregnancies,0.001581306,134.837642,Abortion,keep
266,16,contraception,0.001524898,337.4142135,Abortion,keep
268,16,pro-choice,0.001280463,168.6608795,Abortion,keep
269,16,unborn,0.001205252,73.02363385,Abortion,keep
270,16,pregnant-women,0.001186449,39.69991792,Abortion,keep
271,16,embryonic,0.001148844,158.319429,Abortion,keep
272,16,fertilization,0.001148844,271.3629662,Abortion,drop
273,16,sperm,0.001148844,90.21266453,Abortion,drop
275,16,fetal,0.000998422,62.75140761,Abortion,keep
278,16,infertility,0.000904409,262.3654018,Abortion,drop
280,16,incest,0.00077279,84.81922537,Abortion,drop
281,16,prenatal,0.000735185,155.2324146,Abortion,drop
283,17,workers,0.05785466,50.07692895,Labor,keep
284,17,employees,0.041227154,43.22856742,Labor,keep
285,17,jobs,0.036500926,34.60682321,Labor,keep
286,17,employers,0.013261599,531.9114042,Labor,keep
287,17,employee,0.010335256,30.07848084,Labor,keep
288,17,hiring,0.00751911,34.65906808,Labor,keep
289,17,employer,0.005731469,72.00319813,Labor,keep
290,17,wages,0.004666232,60.48811884,Labor,keep
291,17,workplace,0.004347885,63.7215194,Labor,keep
292,17,layoffs,0.004164223,108.6366215,Labor,keep
293,17,minimum-wage,0.003674458,211.6189662,Labor,keep
294,17,workforce,0.003270403,49.20184616,Labor,keep
295,17,unemployed,0.002376582,64.1000331,Labor,keep
296,17,labor-department,0.002241897,44.22296844,Labor,keep
297,17,human-resources,0.001801109,30.05389128,Labor,keep
298,17,labor-force,0.000882801,67.97435817,Labor,keep
299,17,entry-level,0.000699139,41.01179383,Labor,drop
300,17,sick-leave,0.000699139,69.18298141,Labor,keep
301,17,interns,0.000637918,33.50317712,Labor,drop
302,17,furloughs,0.00061343,44.97308703,Labor,keep
303,17,low-wage,0.00055221,40.08438967,Labor,keep
304,17,laid-off,0.000490989,59.16504301,Labor,keep
372,20,festival,0.01112069,466.5367799,Festival,keep
373,20,parade,0.006567468,61.43950325,Festival,keep
374,20,guests,0.006456413,81.15314558,Festival,keep
375,20,fireworks,0.003180315,79.57920039,Festival,keep
376,20,gala,0.002777743,94.47465247,Festival,keep
377,20,organizers,0.00259728,34.66078168,Festival,keep
378,20,year-eve,0.001917073,36.84803244,Festival,drop
379,20,venues,0.001875428,34.12848628,Festival,keep
380,20,festivities,0.001209103,49.52007434,Festival,keep
381,20,ceremonies,0.001181339,30.80604129,Festival,keep
382,20,festivals,0.001070285,45.62681112,Festival,keep
383,20,black-tie,0.000653832,88.34701899,Festival,drop
385,20,fest,0.000612186,34.6336866,Festival,keep
387,21,magazine,0.027361184,60.06862725,Journalism,keep
388,21,newspaper,0.021582164,67.56722922,Journalism,keep
389,21,editor,0.019931015,58.81142381,Journalism,keep
390,21,reporter,0.010635048,52.50277359,Journalism,keep
391,21,newspapers,0.010585514,73.04135134,Journalism,keep
392,21,publisher,0.008472044,124.7944758,Journalism,keep
393,21,journalists,0.007563912,48.49608538,Journalism,keep
394,21,journalism,0.006903452,137.5694626,Journalism,keep
395,21,readers,0.006309039,150.7856928,Journalism,keep
396,21,editors,0.006242993,220.542821,Journalism,keep
397,21,magazines,0.005797183,115.7614437,Journalism,keep
398,21,articles,0.005301838,30.48256672,Journalism,keep
399,21,publications,0.004707425,105.8138161,Journalism,keep
400,21,publishing,0.004641379,91.85593353,Journalism,keep
401,21,editorial,0.003898362,40.222087,Journalism,keep
402,21,circulation,0.003782781,92.71373197,Journalism,keep
403,21,tribune,0.003601155,122.5635135,Journalism,keep
404,21,managing-editor,0.002412328,153.7497347,Journalism,keep
405,21,front-page,0.002346282,49.68710881,Journalism,keep
406,21,newsweek,0.00209861,71.04022817,Journalism,keep
407,21,herald,0.002032564,40.10734662,Journalism,keep
408,21,newsroom,0.001983029,132.7268373,Journalism,keep
409,21,news-organizations,0.001950007,68.62770235,Journalism,keep
410,21,daily-news,0.001883961,46.91728594,Journalism,keep
411,21,tabloid,0.0016528,71.96491945,Journalism,keep
412,21,journalistic,0.00143815,72.84416626,Journalism,keep
413,21,usa-today,0.001256524,36.10171381,Journalism,keep
414,21,vanity-fair,0.00120699,45.71393786,Journalism,drop
415,21,baquet,0.001107921,295.0535414,Journalism,drop
416,21,gannett,0.001107921,111.9619072,Journalism,keep
417,21,correspondents,0.001091409,60.72555134,Journalism,keep
419,21,sports-illustrated,0.000975829,42.54109894,Journalism,keep
423,21,newsday,0.000843737,37.83307504,Journalism,keep
424,21,chicago-tribune,0.000827225,37.32848027,Journalism,keep
425,21,pulitzer,0.000827225,39.16440985,Journalism,keep
426,21,editorial-page,0.000744668,42.79205741,Journalism,keep
428,21,pulitzer-prize,0.000678622,32.47918807,Journalism,keep
429,21,boston-globe,0.000662111,30.44619972,Journalism,keep
430,21,inquirer,0.000645599,41.35554132,Journalism,keep
431,21,politico,0.000612576,33.68936602,Journalism,drop
438,23,garden,0.01617953,31.87474903,Horticulture,keep
439,23,tree,0.011959191,30.90404876,Horticulture,keep
440,23,trees,0.011818513,48.23321363,Horticulture,keep
441,23,flowers,0.007144878,34.88152872,Horticulture,keep
442,23,flower,0.003612298,33.78748948,Horticulture,keep
443,23,planted,0.003018324,55.78058953,Horticulture,keep
444,23,leaf,0.00276823,34.68816492,Horticulture,keep
445,23,seeds,0.002486874,30.54257151,Horticulture,keep
446,23,varieties,0.002268042,58.85540278,Horticulture,keep
447,23,roses,0.002111733,54.34522772,Horticulture,keep
448,23,planting,0.002033578,43.67021701,Horticulture,keep
449,23,gardeners,0.001971055,414.3541948,Horticulture,keep
450,23,bulbs,0.001799115,61.41282088,Horticulture,keep
451,23,bees,0.001720961,93.80582556,Horticulture,keep
452,23,foliage,0.001720961,315.9914079,Horticulture,keep
453,23,gardening,0.001720961,68.42440783,Horticulture,keep
454,23,gardener,0.001580283,74.88980982,Horticulture,keep
455,23,weeds,0.001580283,79.26689154,Horticulture,drop
456,23,bulb,0.001142618,76.08189048,Horticulture,keep
457,23,insect,0.001126987,57.78590103,Horticulture,keep
458,23,weed,0.001064463,35.14851801,Horticulture,drop
459,23,blooms,0.001017571,87.43224502,Horticulture,keep
460,23,flowering,0.000908154,55.85886738,Horticulture,keep
461,23,blossoms,0.000861262,48.71460903,Horticulture,keep
462,23,pollen,0.00083,82.1992128,Horticulture,keep
463,23,shrubs,0.00083,75.31702238,Horticulture,keep
464,23,watering,0.000767477,36.73424396,Horticulture,keep
465,23,grasses,0.000720584,79.26241318,Horticulture,keep
467,23,seedlings,0.000673691,58.75264901,Horticulture,keep
468,23,botanic,0.000642429,71.71157321,Horticulture,keep
469,23,blooming,0.000533013,31.96048093,Horticulture,keep
470,23,compost,0.000533013,41.7551737,Horticulture,keep
471,23,botanical,0.000486121,43.94842497,Horticulture,keep
472,24,rules,0.030951968,31.96038222,Regulation,keep
473,24,regulations,0.012820923,54.033564,Regulation,keep
474,24,regulation,0.007796791,38.17819703,Regulation,keep
475,24,regulated,0.002121178,33.30881601,Regulation,keep
476,24,regulate,0.001867211,52.49712979,Regulation,keep
478,25,brokers,0.009714605,65.37278102,Financial,keep
479,25,trades,0.008668596,132.9425219,Financial,keep
480,25,traders,0.007556173,486.4791448,Financial,keep
481,25,morgan-stanley,0.00748976,85.67955567,Financial,keep
482,25,merrill,0.007406743,262.9640786,Financial,keep
483,25,nyse,0.007024867,1870.812397,Financial,keep
484,25,stock-exchange,0.006626387,126.2109312,Financial,keep
485,25,brokerage,0.006526767,47.45557606,Financial,keep
486,25,exchanges,0.00644375,63.4515267,Financial,keep
487,25,nasdaq,0.005613584,1325.958061,Financial,keep
489,25,merrill-lynch,0.004119285,51.12097689,Financial,keep
490,25,ipo,0.003521565,746.966131,Financial,keep
492,25,brokerage-firm,0.002957052,72.70978024,Financial,keep
493,25,trader,0.002923846,74.9605538,Financial,keep
494,25,investment-banking,0.002575176,42.90048429,Financial,keep
495,25,brokerage-firms,0.002442349,163.6498344,Financial,keep
496,25,schwab,0.002392539,125.3004731,Financial,keep
498,25,derivatives,0.002160093,96.89425409,Financial,keep
499,25,arbitrage,0.002077076,228.1688936,Financial,keep
501,25,volatility,0.001911043,88.91142499,Financial,keep
504,25,nasd,0.001661993,482.1373924,Financial,drop
508,25,merrill-lynch-co,0.00134653,30.53725964,Financial,keep
510,25,stock-index,0.001263513,366.5400156,Financial,keep
511,25,cboe,0.001114083,323.1909993,Financial,keep
512,25,securities-dealers,0.001114083,49.03415737,Financial,keep
513,25,trading-volume,0.001114083,106.8693847,Financial,keep
514,25,underwriting,0.001031066,33.91475397,Financial,keep
515,25,cme,0.00094805,113.9765253,Financial,keep
519,25,charles-schwab,0.000815223,46.76903953,Financial,keep
520,25,merc,0.000732207,219.2470687,Financial,drop
521,25,brokerages,0.000715603,57.88150225,Financial,keep
522,25,commodity-futures-trading,0.000665793,140.9390802,Financial,keep
524,25,initial-public-offerings,0.000615983,130.3913219,Financial,keep
575,29,nba,0.010618916,500.64962,NBA,keep
576,29,knicks,0.009063131,809.8799077,NBA,keep
578,29,nets,0.006006149,283.2214319,NBA,keep
580,29,bullets,0.004723309,133.8226861,NBA,drop
581,29,lakers,0.004382128,1267.688983,NBA,keep
582,29,warriors,0.003849886,65.26134946,NBA,keep
583,29,n.b.a,0.003822591,788.4287587,NBA,keep
584,29,bulls,0.002717165,38.34760352,NBA,keep
585,29,all-star,0.002539751,49.48812267,NBA,drop
586,29,celtics,0.002526104,558.9511892,NBA,keep
588,29,pistons,0.002280453,483.3871835,NBA,keep
589,29,clippers,0.002253159,532.2079867,NBA,keep
590,29,76ers,0.002157628,646.0658315,NBA,keep
591,29,golden-state,0.002157628,573.7188087,NBA,keep
593,29,spurs,0.001748211,75.0832631,NBA,keep
594,29,suns,0.001734564,461.9366934,NBA,keep
595,29,point-guard,0.001720917,365.3476457,NBA,keep
597,29,mavericks,0.001666328,101.337242,NBA,keep
598,29,bucks,0.001639033,33.44350191,NBA,keep
601,29,nuggets,0.001529855,76.7945912,NBA,keep
603,29,pacers,0.001366089,322.6772832,NBA,keep
604,29,wnba,0.001352441,289.5017417,NBA,keep
606,29,eastern-conference,0.001325147,384.4197254,NBA,keep
607,29,basketball-association,0.001297852,104.3479887,NBA,keep
610,29,los-angeles-lakers,0.001079497,323.2372376,NBA,keep
613,29,arenas,0.000983966,42.65555159,NBA,keep
614,29,michael-jordan,0.000956671,44.91584539,NBA,keep
616,29,boston-celtics,0.000820199,181.4855023,NBA,keep
621,29,averaged-points,0.000670079,148.2685218,NBA,drop
623,29,mvp,0.000670079,33.68079278,NBA,keep
625,30,deposit,0.00554271,87.35588135,Money_Markets,keep
626,30,certificates,0.004631647,100.887915,Money_Markets,keep
627,30,treasury-bills,0.003769831,793.6310009,Money_Markets,keep
628,30,libor,0.003695961,1072.183335,Money_Markets,keep
629,30,prime-rate,0.003252741,204.1453217,Money_Markets,keep
630,30,commercial-paper,0.003031131,628.2667042,Money_Markets,keep
631,30,delivery-within-days,0.002514041,781.8120961,Money_Markets,drop
632,30,posted-yields,0.002514041,781.8120961,Money_Markets,keep
633,30,telerate,0.002514041,781.8120961,Money_Markets,keep
634,30,commercial-banks,0.002366302,507.4684824,Money_Markets,keep
635,30,discount-rate,0.002292432,491.1573254,Money_Markets,keep
636,30,treas,0.002169315,459.5684693,Money_Markets,keep
638,30,negotiable,0.002046198,544.9289248,Money_Markets,drop
639,30,cds,0.001996952,106.8246721,Money_Markets,keep
640,30,commercial-paper-placed-directly,0.001947705,605.6937983,Money_Markets,keep
641,30,eurodollars,0.001824588,485.9113517,Money_Markets,keep
643,30,30-year-mortgage-commitments,0.001799965,559.7498945,Money_Markets,drop
644,30,repurchase,0.001799965,91.7551599,Money_Markets,keep
645,30,face-value,0.001775342,42.7969408,Money_Markets,drop
646,30,interbank-offered,0.001701472,509.4773448,Money_Markets,keep
647,30,london-interbank-offered,0.001701472,401.8965591,Money_Markets,keep
648,30,annualized,0.001676848,83.0574174,Money_Markets,drop
649,30,date-appearing,0.001602978,498.4913561,Money_Markets,drop
650,30,treasury-notes,0.001602978,331.9558697,Money_Markets,keep
651,30,acceptances,0.001578355,372.8157661,Money_Markets,drop
652,30,major-corporations,0.001553732,64.23511179,Money_Markets,drop
653,30,represent-actual-transactions,0.001455238,452.5474523,Money_Markets,drop
654,30,quotations,0.001381369,70.03974508,Money_Markets,drop
656,30,30-yr,0.001307499,391.5086398,Money_Markets,drop
657,30,high-grade-unsecured-notes,0.001307499,406.6035485,Money_Markets,drop
658,30,secondary-market,0.001307499,107.8258966,Money_Markets,keep
660,30,depository,0.001233629,78.44385748,Money_Markets,keep
662,30,vary-widely,0.001209005,46.20272618,Money_Markets,drop
663,30,lending-practices,0.001085889,240.2746656,Money_Markets,keep
664,30,resale,0.001012019,59.67216738,Money_Markets,drop
665,30,home-loan-mortgage-corp,0.000938149,221.5956426,Money_Markets,drop
666,30,c.d,0.000790409,55.35326315,Money_Markets,keep
667,30,labor-statistics,0.000691915,43.02545135,Money_Markets,drop
668,30,10-yr,0.000618045,130.1896109,Money_Markets,drop
751,33,episode,0.008263132,58.79657469,TV_Entertainment,keep
752,33,comedy,0.007606973,295.1234548,TV_Entertainment,keep
753,33,episodes,0.005027074,66.30220065,TV_Entertainment,keep
754,33,hbo,0.003938446,204.185868,TV_Entertainment,keep
755,33,comedian,0.003550716,108.6545719,TV_Entertainment,keep
756,33,premiere,0.00258139,88.37090861,TV_Entertainment,keep
757,33,pbs,0.002298048,105.4623569,TV_Entertainment,keep
758,33,stand-up,0.002044532,111.7128384,TV_Entertainment,keep
759,33,podcast,0.001716453,42.21695759,TV_Entertainment,keep
760,33,executive-producer,0.001507675,70.39125605,TV_Entertainment,keep
762,33,late-night,0.001388373,31.83228841,TV_Entertainment,keep
763,33,contestants,0.00137346,65.12793485,TV_Entertainment,drop
764,33,sitcom,0.001343635,78.08833442,TV_Entertainment,keep
765,33,showtime,0.00131381,46.43378531,TV_Entertainment,keep
767,33,reality-tv,0.00114977,63.13323204,TV_Entertainment,keep
768,33,comedians,0.001119944,63.52771473,TV_Entertainment,keep
769,33,bravo,0.001090119,45.48503436,TV_Entertainment,keep
774,33,emmy,0.000940992,119.8962031,TV_Entertainment,keep
775,33,contestant,0.000896254,106.2682867,TV_Entertainment,drop
776,33,premieres,0.000866428,55.02713059,TV_Entertainment,keep
782,33,tv-shows,0.000642738,35.08914139,TV_Entertainment,keep
785,33,weta,0.000583087,45.64347196,TV_Entertainment,drop
786,33,sopranos,0.000538349,30.26240995,TV_Entertainment,drop
787,33,satire,0.000463785,45.38800699,TV_Entertainment,keep
789,33,co-star,0.000359396,84.89128722,TV_Entertainment,keep
889,39,justice,0.037870253,68.03514259,SupremeCourt,keep
890,39,supreme-court,0.019248428,98.51286029,SupremeCourt,keep
891,39,roberts,0.008911873,64.09525145,SupremeCourt,keep
892,39,justices,0.008847771,1957.746939,SupremeCourt,keep
893,39,judicial,0.006892639,223.1443571,SupremeCourt,keep
894,39,nomination,0.005850971,74.78181213,SupremeCourt,drop
895,39,constitution,0.005434304,32.41335842,SupremeCourt,keep
896,39,confirmation,0.004360584,59.63414277,SupremeCourt,keep
897,39,nominee,0.003735583,54.36342509,SupremeCourt,drop
898,39,constitutional,0.003527249,69.03263152,SupremeCourt,keep
899,39,nominees,0.003094556,80.58108647,SupremeCourt,drop
901,39,scalia,0.00270994,811.4464255,SupremeCourt,keep
902,39,ginsburg,0.002677889,632.5314224,SupremeCourt,keep
904,39,clarence-thomas,0.001588144,101.9216895,SupremeCourt,keep
905,39,kavanaugh,0.001556092,344.3166596,SupremeCourt,keep
906,39,dissent,0.001475964,49.57989655,SupremeCourt,drop
908,39,judge-kavanaugh,0.001347759,419.1235401,SupremeCourt,keep
911,39,solicitor,0.001219553,67.22312614,SupremeCourt,drop
912,39,judiciary,0.001187502,33.1276879,SupremeCourt,keep
915,39,confirmation-hearings,0.001139425,55.88698037,SupremeCourt,drop
920,39,precedents,0.000883014,37.93213964,SupremeCourt,keep
922,39,jurisprudence,0.000802886,68.73874147,SupremeCourt,keep
923,39,senate-judiciary-committee,0.000802886,42.92445711,SupremeCourt,keep
924,39,vacancy,0.000802886,42.657525,SupremeCourt,drop
927,39,constitutional-right,0.000690706,61.71625526,SupremeCourt,keep
928,39,federalist,0.000642629,38.99659849,SupremeCourt,drop
929,39,disqualification,0.000402244,30.75355727,SupremeCourt,drop
930,39,federalism,0.000354167,30.78739237,SupremeCourt,drop
942,43,amendment,0.004891337,113.9586522,Constitution_Law,keep
943,43,statute,0.002375446,97.24383478,Constitution_Law,keep
944,43,first-amendment,0.001274112,48.54991579,Constitution_Law,keep
945,43,statutes,0.000779017,34.89384651,Constitution_Law,keep
946,43,constitutionality,0.000486001,46.50494132,Constitution_Law,keep
947,43,equal-protection,0.000445586,98.59474543,Constitution_Law,keep
965,46,israel,0.03930068,597.9057183,MiddleEastConflict,keep
966,46,israeli,0.018356842,993.4158137,MiddleEastConflict,keep
967,46,palestinian,0.010826474,2883.229202,MiddleEastConflict,keep
968,46,gaza,0.008065338,2339.72205,MiddleEastConflict,keep
969,46,hamas,0.00759469,2274.103442,MiddleEastConflict,keep
970,46,palestinians,0.00687303,1830.376342,MiddleEastConflict,keep
971,46,arab,0.006716147,316.3744365,MiddleEastConflict,keep
972,46,lebanon,0.006025864,160.9351962,MiddleEastConflict,keep
973,46,hostages,0.00461392,243.821362,MiddleEastConflict,drop
974,46,egypt,0.004268778,73.69815526,MiddleEastConflict,keep
975,46,middle-east,0.004111895,37.70065757,MiddleEastConflict,keep
976,46,jerusalem,0.003907948,214.3507207,MiddleEastConflict,keep
977,46,israelis,0.003845194,1115.475344,MiddleEastConflict,keep
979,46,arafat,0.002919587,874.2215463,MiddleEastConflict,keep
980,46,lebanese,0.00288821,261.0447771,MiddleEastConflict,keep
981,46,bosnia,0.002856834,231.0365986,MiddleEastConflict,drop
982,46,beirut,0.002841145,200.1087779,MiddleEastConflict,keep
983,46,egyptian,0.002339121,117.0490681,MiddleEastConflict,keep
985,46,plo,0.002182238,633.0584266,MiddleEastConflict,keep
986,46,cease-fire,0.00216655,511.7504375,MiddleEastConflict,keep
988,46,arabs,0.001837096,93.66824648,MiddleEastConflict,keep
989,46,tel,0.001727278,87.61929314,MiddleEastConflict,drop
991,46,palestine,0.001680213,355.2588222,MiddleEastConflict,keep
993,46,aviv,0.001523331,359.8187363,MiddleEastConflict,keep
994,46,hezbollah,0.001491954,396.7143999,MiddleEastConflict,keep
995,46,cairo,0.001397825,45.73310898,MiddleEastConflict,keep
997,46,israeli-military,0.00135076,391.8499678,MiddleEastConflict,keep
999,46,gaza-strip,0.001272319,380.9745696,MiddleEastConflict,keep
1001,46,mideast,0.001240942,53.39408672,MiddleEastConflict,keep
1003,46,palestinian-authority,0.001068371,332.2401077,MiddleEastConflict,keep
1005,46,peace-talks,0.001005618,75.7680438,MiddleEastConflict,keep
1008,46,israeli-palestinian,0.000880112,87.8459242,MiddleEastConflict,keep
1013,46,albanian,0.000378087,41.97711027,MiddleEastConflict,keep
1014,46,syrians,0.000346711,76.71670988,MiddleEastConflict,keep
1045,49,children,0.096293438,31.14417653,Parenting,keep
1046,49,parents,0.042976179,59.6330238,Parenting,keep
1047,49,child,0.03411993,57.9756655,Parenting,keep
1048,49,kids,0.030980096,59.4826124,Parenting,keep
1049,49,mothers,0.005214282,99.8059059,Parenting,keep
1050,49,babies,0.003284842,63.50639683,Parenting,keep
1051,49,infant,0.002505875,53.50112164,Parenting,keep
1052,49,fathers,0.00231413,53.50981022,Parenting,keep
1053,49,parenting,0.001882702,89.01494739,Parenting,keep
1054,49,parental,0.001834766,65.74113695,Parenting,keep
1055,49,infants,0.001511195,77.14153139,Parenting,keep
1056,49,foster-care,0.001331433,86.66790624,Parenting,keep
1057,49,moms,0.001307465,32.18308802,Parenting,keep
1058,49,children-ages,0.000959926,42.89650131,Parenting,keep
1059,49,child-abuse,0.000888022,31.63630606,Parenting,keep
1060,49,pediatrics,0.000852069,87.21924832,Parenting,keep
1061,49,adolescents,0.00070826,50.88241057,Parenting,keep
1062,49,toddlers,0.000684292,32.052886,Parenting,keep
1063,49,dads,0.000612387,37.29059591,Parenting,keep
1064,49,6-year-old,0.000600403,31.24044682,Parenting,keep
1065,49,motherhood,0.000564451,41.8187175,Parenting,keep
1066,49,adhd,0.000540483,127.6648963,Parenting,keep
1067,49,pediatricians,0.000492546,116.3420673,Parenting,keep
1068,49,adoptive,0.000408658,45.80464613,Parenting,keep
1085,52,earth,0.013523452,35.98936579,Space,keep
1086,52,nasa,0.012353818,2918.036658,Space,keep
1087,52,moon,0.007622116,39.75813682,Space,keep
1088,52,shuttle,0.005885386,358.2030709,Space,keep
1089,52,mars,0.005530952,213.9142311,Space,keep
1090,52,rocket,0.005442343,117.7068976,Space,keep
1091,52,planet,0.005424622,41.89257949,Space,keep
1092,52,astronauts,0.004308153,519.6020127,Space,keep
1093,52,spacecraft,0.003634727,858.5415558,Space,keep
1094,52,orbit,0.003315736,117.1304213,Space,keep
1095,52,satellites,0.002571423,121.0881276,Space,keep
1096,52,space-station,0.002465093,656.4858764,Space,keep
1097,52,apollo,0.002341041,85.89308314,Space,keep
1098,52,space-shuttle,0.002341041,297.224134,Space,keep
1099,52,astronaut,0.002163823,123.3640599,Space,keep
1100,52,capsule,0.002039771,96.51668212,Space,keep
1101,52,jupiter,0.001880276,122.8666004,Space,keep
1102,52,rockets,0.001844832,38.22408525,Space,keep
1103,52,rover,0.001809389,131.071386,Space,keep
1104,52,planets,0.001791667,293.2389575,Space,keep
1105,52,telescope,0.001685337,448.8267926,Space,keep
1106,52,eclipse,0.001632171,37.43287782,Space,drop
1107,52,booster,0.001543563,55.9973811,Space,drop
1108,52,lunar,0.001525841,73.36432128,Space,keep
1109,52,astronomers,0.001437232,382.7534477,Space,keep
1110,52,comet,0.001437232,55.61764392,Space,keep
1111,52,kong,0.001330902,90.22313642,Space,drop
1112,52,aeronautics,0.001260015,72.02274998,Space,keep
1113,52,observatory,0.001224572,58.36878876,Space,keep
1114,52,orbital,0.001100519,70.01278156,Space,keep
1115,52,astronomy,0.001047354,60.64529777,Space,keep
1116,52,antenna,0.000941024,45.98154071,Space,drop
1117,52,volcanic,0.00090558,33.17509598,Space,drop
1118,52,orbiting,0.000887859,257.5642048,Space,keep
1119,52,planetary,0.000852415,103.5535863,Space,keep
1120,52,crater,0.00079925,57.62004311,Space,drop
1121,52,propulsion,0.000728363,34.43711776,Space,keep
1122,52,capsules,0.000710641,75.03696524,Space,keep
1123,52,milky,0.000710641,38.74637691,Space,drop
1124,52,star-trek,0.000710641,33.99880054,Space,drop
1125,52,volcano,0.000710641,44.50789049,Space,drop
1126,52,eruption,0.00069292,40.13742364,Space,drop
1127,52,voyager,0.000586589,33.19609142,Space,keep
1128,52,comets,0.000515702,108.8338401,Space,keep
1129,55,cents,0.027577167,67.83243998,Earnings,keep
1130,55,earnings,0.016568927,35.98396363,Earnings,keep
1131,55,year-earlier,0.013874551,653.9929527,Earnings,keep
1132,55,net-income,0.008322051,656.9313939,Earnings,keep
1133,55,fourth-quarter,0.006491066,31.2226482,Earnings,keep
1134,55,third-quarter,0.006126357,85.49882089,Earnings,keep
1135,55,second-quarter,0.006074256,73.46664557,Earnings,keep
1136,55,net-loss,0.002464387,126.048113,Earnings,drop
1137,55,revenue-rose,0.00198059,173.0909766,Earnings,drop
1138,55,first-quarter,0.001720084,41.47074776,Earnings,keep
1139,55,share-compared,0.001667983,444.2052879,Earnings,drop
1140,55,year-earlier-period,0.001496793,68.59916995,Earnings,drop
1141,55,pretax,0.001437249,43.23351212,Earnings,keep
1142,55,quarter-ended,0.001407477,127.1665607,Earnings,keep
1143,55,operating-profit,0.001392591,298.9246988,Earnings,keep
1144,55,billion-yen,0.001385148,289.4455849,Earnings,drop
1145,55,stock-exchange-composite-trading,0.001221401,53.40036764,Earnings,drop
1146,55,continuing-operations,0.00099811,235.7588742,Earnings,keep
1147,55,net-profit,0.00099811,74.07730403,Earnings,keep
1148,55,second-quarter-earnings,0.000968338,205.1264362,Earnings,keep
1149,55,full-year,0.000931123,53.77254381,Earnings,drop
1150,55,year-earlier-quarter,0.000841807,261.7835055,Earnings,keep
1151,55,analysts-expectations,0.000774819,206.3443573,Earnings,drop
1152,55,ended-sept,0.000737604,37.30651813,Earnings,drop
1153,55,fourth-quarter-earnings,0.000715275,59.72781844,Earnings,keep
1154,55,per-share-earnings,0.000700389,69.13093592,Earnings,keep
1155,55,diluted-share,0.000670617,200.8050594,Earnings,keep
1156,55,profit-rose,0.000655731,174.6295665,Earnings,keep
1157,55,thomson-financial,0.000655731,43.50413848,Earnings,drop
1158,55,first-quarter-earnings,0.000648288,143.4467052,Earnings,keep
1159,55,analysts-estimates,0.000558971,123.6836689,Earnings,keep
1160,55,write-down,0.000521756,46.96765015,Earnings,drop
1161,55,write-off,0.000477098,62.51565145,Earnings,drop
1162,55,profit-fell,0.000469655,136.2450556,Earnings,drop
1163,55,fourth-quarter-net-income,0.000417554,125.0295653,Earnings,keep
1164,55,pre-tax,0.000417554,88.91441378,Earnings,keep
1165,55,year-ago-period,0.000417554,98.62843283,Earnings,keep
1166,55,cents-per-share,0.000372896,99.30693852,Earnings,keep
1167,55,kronor,0.000305908,64.04743249,Earnings,drop
1168,55,third-quarter-results,0.000305908,72.25719411,Earnings,keep
1169,57,car,0.056533719,67.24234002,Transportation,keep
1170,57,cars,0.021249407,46.94436522,Transportation,keep
1171,57,driver,0.016973029,178.834233,Transportation,keep
1172,57,driving,0.016335764,42.71850588,Transportation,keep
1173,57,drivers,0.013820248,302.1296633,Transportation,keep
1174,57,engine,0.005519043,35.33265524,Transportation,keep
1175,57,uber,0.004345136,207.8204514,Transportation,drop
1176,57,taxi,0.003959423,98.77053728,Transportation,keep
1177,57,wheel,0.003305389,37.2321359,Transportation,keep
1178,57,wheels,0.002634584,40.7953025,Transportation,keep
1179,57,parked,0.00193024,43.56091334,Transportation,drop
1180,57,bmw,0.001661918,58.04654876,Transportation,keep
1181,57,mileage,0.001360056,38.19300327,Transportation,keep
1182,57,brake,0.001326516,42.13075982,Transportation,keep
1183,57,brakes,0.001309746,32.68877071,Transportation,keep
1184,57,mercedes,0.001259435,39.96596636,Transportation,keep
1185,57,horsepower,0.001242665,330.9377212,Transportation,keep
1186,57,towing,0.001242665,112.2922688,Transportation,keep
1187,57,taxis,0.001175585,252.11166,Transportation,keep
1188,57,suv,0.001158815,72.39989848,Transportation,keep
1189,57,steering-wheel,0.001125274,93.4467035,Transportation,keep
1190,57,cadillac,0.001091734,32.50417618,Transportation,keep
1191,57,dashboard,0.001091734,57.13040979,Transportation,keep
1192,57,sedan,0.001074964,66.60781432,Transportation,keep
1193,57,f1,0.001058194,50.33448009,Transportation,drop
1194,57,minivan,0.001041424,56.72096252,Transportation,keep
1195,57,ferrari,0.001024654,52.20170034,Transportation,keep
1196,57,porsche,0.000991114,48.06208381,Transportation,keep
1197,57,air-bags,0.000924033,218.2614653,Transportation,keep
1198,57,scooter,0.000924033,41.58861041,Transportation,drop
1199,57,windshield,0.000924033,52.48648969,Transportation,drop
1200,57,lyft,0.000840183,86.42622255,Transportation,drop
1201,57,acceleration,0.000756332,35.59116808,Transportation,keep
1202,57,seat-belt,0.000739562,44.36918342,Transportation,keep
1203,57,subaru,0.000706022,149.7149481,Transportation,keep
1204,57,cabs,0.000689252,34.09038262,Transportation,keep
1205,57,drunken-driving,0.000689252,39.76354972,Transportation,keep
1206,57,hummer,0.000689252,36.25680287,Transportation,keep
1207,57,chevy,0.000672481,32.49316926,Transportation,keep
1208,57,turbo,0.000638941,131.5680646,Transportation,drop
1209,57,highway-traffic,0.000622171,146.9600792,Transportation,keep
1210,57,seat-belts,0.000622171,34.30932929,Transportation,keep
1211,57,m.p.h,0.000588631,125.6925368,Transportation,keep
1212,57,chassis,0.000571861,152.2938771,Transportation,keep
1213,57,lexus,0.000571861,41.62142681,Transportation,keep
1214,57,miles-per-gallon,0.000538321,156.1646097,Transportation,keep
1215,59,compensation,0.018334463,273.910121,ExecutiveCompensation,keep
1216,59,salary,0.011727798,335.380124,ExecutiveCompensation,keep
1217,59,bonus,0.008772184,142.250477,ExecutiveCompensation,keep
1218,59,bonuses,0.007168812,376.6079931,ExecutiveCompensation,keep
1219,59,ceos,0.003440489,119.434521,ExecutiveCompensation,keep
1220,59,severance,0.003189358,149.6677185,ExecutiveCompensation,keep
1221,59,stock-options,0.003170041,302.7203132,ExecutiveCompensation,keep
1340,70,loans,0.033750696,654.4453345,Mortgage,keep
1341,70,mortgage,0.02818488,443.6657065,Mortgage,keep
1342,70,loan,0.024154461,251.7048309,Mortgage,keep
1343,70,mortgages,0.012092732,887.5668894,Mortgage,keep
1344,70,lenders,0.011620302,714.2278871,Mortgage,keep
1345,70,borrowers,0.010955947,2587.852304,Mortgage,keep
1346,70,lending,0.007161744,311.4080059,Mortgage,keep
1347,70,lender,0.00611354,265.620737,Mortgage,keep
1348,70,fannie-mae,0.004533852,591.9378653,Mortgage,keep
1349,70,freddie-mac,0.004194293,928.0715078,Mortgage,keep
1350,70,borrow,0.003264196,34.67129704,Mortgage,drop
1351,70,subprime,0.003264196,697.1448289,Mortgage,keep
1352,70,freddie,0.003175616,93.82240106,Mortgage,keep
1353,70,fannie,0.003160852,395.8538712,Mortgage,keep
1354,70,foreclosure,0.002762239,136.8502207,Mortgage,keep
1355,70,borrowing,0.002688422,31.26041005,Mortgage,keep
1356,70,student-loan,0.002658895,232.1347781,Mortgage,drop
1357,70,refinance,0.002289809,180.3297123,Mortgage,keep
1358,70,borrower,0.002097885,127.5852675,Mortgage,keep
1359,70,foreclosures,0.002024067,166.5264657,Mortgage,keep
1360,70,refinancing,0.002009304,115.7367875,Mortgage,keep
1361,70,fha,0.001802616,425.7873148,Mortgage,keep
1362,70,appraisal,0.001448293,55.24041391,Mortgage,keep
1363,70,monthly-payments,0.001404003,299.8019677,Mortgage,keep
1364,70,mortgage-rates,0.001404003,331.6328718,Mortgage,keep
1365,70,countrywide,0.00138924,369.9723555,Mortgage,keep
1366,70,defaults,0.001374476,67.41371302,Mortgage,keep
1367,70,sallie,0.001359713,93.00225498,Mortgage,drop
1368,70,paulson,0.001271132,52.70390795,Mortgage,drop
1369,70,repayment,0.001226842,59.34276777,Mortgage,keep
1370,70,student-loans,0.001167788,63.24518061,Mortgage,drop
1371,70,home-equity,0.001108734,321.6393025,Mortgage,keep
1372,70,mortgage-backed-securities,0.001034917,212.7773262,Mortgage,keep
1373,70,forgiveness,0.000975863,31.43415342,Mortgage,drop
1374,70,adjustable,0.000872519,41.66755778,Mortgage,drop
1375,70,30-year-fixed,0.000857756,256.8406593,Mortgage,keep
1376,70,bankers-association,0.000828229,183.2622724,Mortgage,drop
1377,70,appraisals,0.000813465,47.61335172,Mortgage,keep
1378,70,appraisers,0.000813465,87.03698051,Mortgage,keep
1379,70,delinquent,0.000739648,31.43810152,Mortgage,drop
1380,70,1-year,0.000695358,164.2471952,Mortgage,drop
1381,70,fixed-rate,0.000680594,150.5952007,Mortgage,keep
1382,70,refinanced,0.000651068,153.7855904,Mortgage,keep
1383,70,adj,0.000636304,140.7950792,Mortgage,drop
1384,70,payday,0.000547724,31.94081426,Mortgage,drop
1385,71,stocks,0.021767204,927.884638,Stock_market,keep
1386,71,dow-jones-industrial-average,0.004562097,385.0637701,Stock_market,keep
1387,71,dow,0.004504774,546.8356316,Stock_market,keep
1388,71,stock-market,0.004095323,34.2896855,Stock_market,keep
1389,71,nasdaq-composite-index,0.00164681,493.1097049,Stock_market,keep
1390,71,standard-poor-500-stock,0.001491219,397.130674,Stock_market,keep
1391,71,dow-industrials,0.00106539,309.0653422,Stock_market,keep
1392,71,blue-chip,0.000967122,45.94520398,Stock_market,keep
1393,71,rose-cents,0.000950744,62.69289723,Stock_market,drop
1394,71,fell-cents,0.000860665,176.8577478,Stock_market,drop
1395,71,nasdaq-composite,0.000852476,255.2596732,Stock_market,keep
1396,71,dow-jones-industrials,0.000803342,213.9402477,Stock_market,keep
1397,71,gainers,0.000770586,205.2168941,Stock_market,drop
1398,71,index-rose,0.000664129,156.8706676,Stock_market,keep
1399,71,index-fell,0.000647751,187.9098276,Stock_market,drop
1400,71,vix,0.000631373,149.13352,Stock_market,keep
1401,71,nikkei,0.000623184,165.9618028,Stock_market,drop
1402,71,industrials,0.000598617,179.2457456,Stock_market,keep
1403,71,decliners,0.00057405,152.8767723,Stock_market,drop
1404,71,industrial-average,0.000565861,169.4374968,Stock_market,drop
1405,71,russell-index,0.000549482,146.3342571,Stock_market,keep
1406,71,composite-index,0.00048397,114.3163558,Stock_market,drop
1407,71,selloff,0.000475781,99.65205077,Stock_market,keep
1408,71,intraday,0.000451214,99.84024563,Stock_market,drop
1409,71,corporate-profits,0.000443025,37.44809173,Stock_market,keep
1410,71,investment-strategist,0.000434836,96.21628027,Stock_market,keep
1411,71,seng,0.000426647,32.34559564,Stock_market,drop
1412,71,s-p-index,0.000418458,49.75656514,Stock_market,keep
1413,71,stoxx,0.00040208,120.3962532,Stock_market,drop
1414,71,10-year-treasury-note,0.000377513,89.17062609,Stock_market,drop
1415,73,terrorism,0.00585063,118.6137991,Terrorism,keep
1416,73,secret-service,0.004379345,208.3124948,Terrorism,drop
1417,73,hackers,0.003343996,193.0568902,Terrorism,drop
1418,73,tsa,0.003180519,922.655819,Terrorism,drop
1419,73,terrorist,0.003144191,97.24434791,Terrorism,keep
1420,73,terrorists,0.003071535,133.1319099,Terrorism,keep
1421,73,homeland-security,0.003017043,117.6693431,Terrorism,keep
1422,73,breach,0.002908059,48.03520865,Terrorism,drop
1423,73,cyber,0.002490287,125.1756721,Terrorism,drop
1424,73,terrorist-attacks,0.002217827,53.58225785,Terrorism,keep
1425,73,cybersecurity,0.002199663,85.09441321,Terrorism,keep
1426,73,hacking,0.00160025,79.63579642,Terrorism,drop
1427,73,terrorist-attack,0.001164314,61.80946909,Terrorism,keep
1428,73,sept-attacks,0.001091657,48.53407331,Terrorism,drop
1429,73,ransomware,0.001073493,321.4397109,Terrorism,drop
1430,73,equifax,0.000946345,223.5317316,Terrorism,drop
1431,73,breaches,0.000782869,43.12058967,Terrorism,drop
1432,73,marshals,0.000710213,37.87001667,Terrorism,drop
1433,73,hacker,0.000637557,33.71774434,Terrorism,drop
1434,73,attackers,0.000619393,30.00397447,Terrorism,keep
1435,73,hijackers,0.000401425,83.46990993,Terrorism,keep
1436,74,fish,0.02650252,541.3234642,Marine_Biology,keep
1437,74,fishing,0.008333992,166.897666,Marine_Biology,keep
1438,74,waters,0.006289551,32.63253265,Marine_Biology,keep
1439,74,marine,0.005363766,35.3982117,Marine_Biology,keep
1440,74,salmon,0.004148673,174.3470272,Marine_Biology,keep
1441,74,species,0.003203601,139.2386003,Marine_Biology,keep
1442,74,fishermen,0.002702135,281.7400006,Marine_Biology,keep
1443,74,shark,0.00266356,116.1279143,Marine_Biology,keep
1444,74,crabs,0.002624986,201.9807044,Marine_Biology,keep
1445,74,aquarium,0.002605699,120.485868,Marine_Biology,keep
1446,74,trout,0.002605699,111.3911689,Marine_Biology,keep
1447,74,oyster,0.002567124,64.39675605,Marine_Biology,keep
1448,74,whales,0.002567124,214.7126761,Marine_Biology,drop
1449,74,oysters,0.002432114,202.1715668,Marine_Biology,keep
1450,74,fletcher,0.002123519,39.98228433,Marine_Biology,drop
1451,74,sharks,0.002104232,139.1132561,Marine_Biology,keep
1452,74,pond,0.002084945,30.63615036,Marine_Biology,drop
1453,74,seals,0.002084945,87.76454814,Marine_Biology,keep
1454,74,spill,0.001969222,35.7815525,Marine_Biology,drop
1455,74,chesapeake-bay,0.001853498,75.62238446,Marine_Biology,keep
1456,74,coral,0.001853498,33.63213095,Marine_Biology,keep
1457,74,fisheries,0.001853498,410.1237474,Marine_Biology,keep
1458,74,mud,0.001814924,48.00698448,Marine_Biology,drop
1459,74,perch,0.001699201,48.05425952,Marine_Biology,keep
1460,74,whale,0.001679914,75.22261542,Marine_Biology,keep
1461,74,reef,0.001660627,88.73132448,Marine_Biology,keep
1462,74,crab,0.001602765,98.94282978,Marine_Biology,keep
1463,74,bait,0.001371319,52.40716458,Marine_Biology,keep
1464,74,anglers,0.001352032,420.4523641,Marine_Biology,keep
1465,74,bluefish,0.001352032,404.8433265,Marine_Biology,keep
1466,74,tuna,0.001332744,78.35985317,Marine_Biology,keep
1467,74,algae,0.00115916,242.4930874,Marine_Biology,keep
1468,74,rockfish,0.001139873,252.2197031,Marine_Biology,keep
1469,74,flounder,0.001043437,130.384902,Marine_Biology,keep
1470,74,turtles,0.001024149,54.86991654,Marine_Biology,keep
1471,74,lobsters,0.001004862,291.5064853,Marine_Biology,keep
1472,74,dolphin,0.000927714,91.05668653,Marine_Biology,keep
1473,74,striped-bass,0.000889139,266.237908,Marine_Biology,keep
1474,74,darwin,0.000792703,33.99242615,Marine_Biology,drop
1475,74,spawning,0.000792703,108.7129833,Marine_Biology,keep
1476,74,catfish,0.000696267,84.24646902,Marine_Biology,keep
1477,74,oceanic,0.00067698,35.28560045,Marine_Biology,keep
1478,74,clams,0.000619119,132.2271457,Marine_Biology,keep
1479,74,octopus,0.000619119,38.61419558,Marine_Biology,keep
1480,74,docks,0.000599831,36.15628969,Marine_Biology,drop
1481,74,goldfish,0.000599831,41.46735953,Marine_Biology,keep
1482,74,shellfish,0.000599831,159.742826,Marine_Biology,keep
1483,74,shad,0.00054197,41.04284345,Marine_Biology,keep
1484,74,squid,0.000522683,111.8195102,Marine_Biology,keep
1485,74,swordfish,0.000368385,39.58951246,Marine_Biology,keep
1486,75,writes,0.008597707,86.20768907,Literary,keep
1487,75,intellectual,0.002623321,32.01833209,Literary,keep
1489,75,freud,0.000967867,157.5202095,Literary,keep
1490,75,philosopher,0.000705617,38.68189894,Literary,keep
1491,75,dreiser,0.000394195,114.3543056,Literary,keep
1492,75,tolstoy,0.000271265,31.56103748,Literary,keep
1493,77,fire,0.040025663,98.50994816,Wildfires,keep
1494,77,crash,0.011052268,81.39105474,Wildfires,drop
1495,77,fires,0.006623121,144.7961147,Wildfires,keep
1496,77,firefighters,0.006608406,253.454929,Wildfires,keep
1497,77,explosion,0.004548337,33.1822526,Wildfires,drop
1498,77,burning,0.003915602,36.6682774,Wildfires,keep
1499,77,fire-department,0.003341726,145.246669,Wildfires,keep
1500,77,accidents,0.002870853,56.5534819,Wildfires,drop
1501,77,flames,0.00242941,76.99938797,Wildfires,keep
1502,77,wildfire,0.002385265,145.2158243,Wildfires,keep
1503,77,blaze,0.002341121,240.4745035,Wildfires,keep
1504,77,wildfires,0.002179258,104.4868174,Wildfires,keep
1505,77,firefighter,0.002076255,119.8863913,Wildfires,keep
1506,77,crashes,0.001605382,46.00276323,Wildfires,drop
1507,77,evacuated,0.001487664,192.1149185,Wildfires,keep
1508,77,wreckage,0.001325801,65.85003718,Wildfires,drop
1509,77,ntsb,0.000854928,265.8641278,Wildfires,drop
1510,77,explosions,0.000840214,30.55182125,Wildfires,keep
1511,77,fatalities,0.00073721,39.31565838,Wildfires,keep
1512,77,evacuate,0.000604777,37.16962931,Wildfires,keep
1534,80,cloudy,0.013102355,1258.812303,Weather,keep
1535,80,degrees,0.012949141,49.25762488,Weather,keep
1536,80,rain,0.012949141,54.81304851,Weather,keep
1537,80,temperature,0.010267895,71.42312876,Weather,keep
1538,80,sunny,0.009961467,105.1636582,Weather,keep
1539,80,temperatures,0.009374146,346.8946077,Weather,keep
1540,80,mph,0.005901294,125.4820607,Weather,drop
1541,80,mid,0.004752189,52.17976466,Weather,drop
1542,80,ptcldy,0.00421594,1311.065413,Weather,drop
1543,80,rises,0.003781833,31.32616404,Weather,drop
1545,80,showers,0.003373263,82.74781703,Weather,keep
1547,80,ptcldv,0.002734871,850.4851954,Weather,drop
1549,80,low-tonight,0.002556121,794.8979277,Weather,drop
1550,80,weather-service,0.00250505,197.3148232,Weather,keep
1551,80,partly-cloudy,0.002224157,645.2190174,Weather,keep
1552,80,thunderstorms,0.002224157,492.1394628,Weather,keep
1554,80,humid,0.002173086,113.2242207,Weather,keep
1556,80,humidity,0.001815586,105.1930981,Weather,keep
1557,80,partly-sunny,0.001738979,540.7847041,Weather,keep
1558,80,cooler,0.001687908,32.44947007,Weather,keep
1559,80,dial,0.00156023,37.15345286,Weather,drop
1561,80,rcldy,0.001509158,469.3153599,Weather,keep
1562,80,heat-wave,0.001407016,90.36251237,Weather,keep
1563,80,fahrenheit,0.00138148,71.43281398,Weather,keep
1564,80,precipitation,0.001355944,300.0299136,Weather,keep
1565,80,windy,0.001228266,46.41683113,Weather,keep
1566,80,knots,0.001126123,36.41411042,Weather,drop
1567,80,boating,0.000998445,47.05966379,Weather,drop
1569,80,mid-60s,0.000947374,54.77938229,Weather,drop
1570,80,mid-50s,0.000896302,54.45824101,Weather,drop
1571,80,hazy,0.000870767,39.16982699,Weather,drop
1572,80,haze,0.000845231,35.15962439,Weather,drop
1573,80,rockies,0.000819695,181.3740156,Weather,drop
1574,80,meteorologist,0.000743088,153.5725226,Weather,keep
1576,80,temp,0.00061541,39.86636293,Weather,keep
1577,80,ankara,0.000334517,74.01867925,Weather,drop
1578,81,bill,0.041984942,30.36398727,Senate,keep
1579,81,senate,0.036108508,67.9833886,Senate,keep
1580,81,legislation,0.015653708,32.51644782,Senate,keep
1581,81,sen,0.013925345,56.42689078,Senate,drop
1582,81,rep,0.011092333,45.56196463,Senate,drop
1583,81,senator,0.007199759,30.19274045,Senate,keep
1584,81,senators,0.005824583,92.1609256,Senate,keep
1585,81,bipartisan,0.003134349,38.15094957,Senate,keep
1586,81,veto,0.003044173,75.93795163,Senate,drop
1589,81,repeal,0.0017216,34.96553457,Senate,drop
1590,81,majority-leader,0.001684027,99.19548553,Senate,keep
1591,81,caucus,0.001586337,58.63463144,Senate,keep
1592,81,senate-majority-leader,0.001518705,65.06638165,Senate,keep
1593,81,filibuster,0.00142853,380.4357988,Senate,keep
1594,81,amendments,0.001323325,37.00411784,Senate,keep
1595,81,committee-chairman,0.00131581,52.73317225,Senate,keep
1596,81,senate-floor,0.001000196,209.3886063,Senate,keep
1598,81,commerce-committee,0.000842389,69.34144074,Senate,drop
1599,81,minority-leader,0.000812331,43.29556407,Senate,keep
1602,81,earmarks,0.000752214,200.3241634,Senate,drop
1607,81,congressional-leaders,0.00061695,36.80345055,Senate,keep
1610,81,appropriations-committee,0.000579377,125.3636102,Senate,keep
1612,81,republican-senators,0.000549319,34.89992235,Senate,keep
1614,81,senate-finance-committee,0.000466658,38.69557047,Senate,keep
1616,81,democratic-caucus,0.0004366,116.2720669,Senate,keep
1628,84,gay,0.01910434,384.2162478,LGBTQ,keep
1629,84,sex,0.014024096,53.25669228,LGBTQ,drop
1630,84,morris,0.010349824,61.72686892,LGBTQ,drop
1631,84,transgender,0.008718898,699.5039861,LGBTQ,keep
1632,84,sexual,0.006675552,56.43535757,LGBTQ,drop
1633,84,same-sex,0.006244388,755.3072362,LGBTQ,keep
1634,84,lesbian,0.003713639,204.622635,LGBTQ,keep
1635,84,baldwin,0.0036574,58.30949165,LGBTQ,drop
1636,84,homosexual,0.002607608,232.2072842,LGBTQ,keep
1637,84,lgbtq,0.002420146,510.992126,LGBTQ,keep
1638,84,gay-rights,0.002382653,199.4899825,LGBTQ,keep
1639,84,trans,0.002232683,110.1947259,LGBTQ,keep
1640,84,homosexuals,0.00219519,152.5049131,LGBTQ,keep
1641,84,howe,0.002082712,66.49042717,LGBTQ,drop
1642,84,queer,0.002082712,129.7096707,LGBTQ,keep
1643,84,sexuality,0.002063966,58.58280626,LGBTQ,keep
1644,84,homosexuality,0.001782772,382.6784826,LGBTQ,keep
1645,84,frye,0.001745279,99.55903152,LGBTQ,drop
1646,84,gays,0.001726533,356.4483313,LGBTQ,keep
1647,84,sexual-orientation,0.001632802,385.676289,LGBTQ,keep
1648,84,prostitutes,0.001482831,68.07284676,LGBTQ,drop
1649,84,lesbians,0.0013891,328.1126638,LGBTQ,keep
1650,84,prom,0.0013891,42.11218751,LGBTQ,drop
1651,84,prostitution,0.001314115,52.24844705,LGBTQ,drop
1652,84,gender-identity,0.001201637,348.5900079,LGBTQ,keep
1653,84,equality,0.001182891,37.63758407,LGBTQ,keep
1654,84,heterosexual,0.001145398,270.5490386,LGBTQ,drop
1655,84,bisexual,0.001126652,266.1210674,LGBTQ,keep
1656,84,porn,0.000995428,39.24027536,LGBTQ,drop
1657,84,lgbt,0.000826711,55.42642911,LGBTQ,keep
1658,84,becerra,0.000751726,46.47176956,LGBTQ,drop
1659,84,condoms,0.000751726,40.04906972,LGBTQ,drop
1660,84,gay-marriage,0.00073298,52.91343878,LGBTQ,keep
1661,84,stiller,0.000583009,46.72026347,LGBTQ,drop
1662,84,prostitute,0.000564263,32.51882333,LGBTQ,drop
1663,85,film,0.052094252,427.4544046,Movie,keep
1664,85,movie,0.030835967,311.8095495,Movie,keep
1665,85,films,0.012718977,255.1509489,Movie,keep
1666,85,movies,0.010133952,83.69970103,Movie,keep
1667,85,documentary,0.006000094,46.25863524,Movie,keep
1668,85,actor,0.005312935,47.4127958,Movie,keep
1669,85,actress,0.003447791,32.8313852,Movie,keep
1670,85,starring,0.003327811,84.73983228,Movie,keep
1671,85,script,0.002771539,68.99936842,Movie,keep
1672,85,cinema,0.002706096,124.3305895,Movie,keep
1673,85,filmmakers,0.002302526,509.4802209,Movie,keep
1674,85,filmmaker,0.00224799,72.21074561,Movie,keep
1675,85,screenplay,0.002040752,592.0138284,Movie,keep
1676,85,film-festival,0.002029844,425.9731455,Movie,keep
1677,85,area-theaters,0.001866235,558.8130532,Movie,drop
1678,85,pg-13,0.001844421,491.192976,Movie,drop
1679,85,filming,0.001397222,68.54903872,Movie,keep
1680,85,thriller,0.001113633,50.30395341,Movie,keep
1681,85,hour-minutes,0.001059097,137.2575213,Movie,drop
1682,85,sundance,0.001048189,99.61007087,Movie,keep
1683,85,cinematic,0.000917302,65.37544091,Movie,keep
1684,85,documentaries,0.000895488,42.9503791,Movie,keep
1685,85,sequel,0.000895488,38.82475063,Movie,keep
1686,85,coppola,0.000808229,54.57577598,Movie,keep
1687,85,profanity,0.000808229,47.32106804,Movie,drop
1688,85,screenwriter,0.000797322,58.34796359,Movie,keep
1689,85,scorsese,0.000775507,183.1789412,Movie,keep
1690,85,nudity,0.000720971,41.1369817,Movie,drop
1691,85,affleck,0.000710064,67.79273692,Movie,keep
1692,85,minutes-contains,0.000699157,202.8224821,Movie,drop
1693,85,unrated,0.000688249,183.2896321,Movie,drop
1694,85,bourne,0.000677342,30.6919282,Movie,drop
1695,85,pg-13-minutes,0.000677342,210.6385938,Movie,drop
1696,85,brando,0.000666435,32.26487935,Movie,drop
1697,85,goldwyn,0.000666435,54.30001921,Movie,drop
1698,85,herrmann,0.000655527,36.06237441,Movie,drop
1699,85,subtitles,0.00064462,54.16299338,Movie,keep
1700,85,academy-award,0.000633713,66.02178044,Movie,keep
1701,85,sci-fi,0.000633713,35.85932095,Movie,keep
1702,85,english-subtitles,0.000590084,171.1809092,Movie,drop
1703,85,chaplin,0.000568269,32.87788426,Movie,keep
1704,85,cannes,0.000557362,35.80874323,Movie,keep
1705,85,filmmaking,0.000557362,161.6884374,Movie,keep
1706,85,dargis,0.000546455,163.6267327,Movie,drop
1707,85,gangster,0.000546455,32.24607811,Movie,drop
1708,85,keaton,0.000546455,129.0754565,Movie,keep
1709,85,hepburn,0.000513733,52.13922051,Movie,keep
1710,85,eastwood,0.000502826,40.76501238,Movie,keep
1711,85,niro,0.000502826,106.9473437,Movie,keep
1712,85,costner,0.000491918,131.0041586,Movie,keep
1759,87,tower,0.008761659,82.90887515,Skyscraper,keep
1760,87,architecture,0.004577554,97.1118664,Skyscraper,keep
1761,87,floors,0.003947561,101.9198814,Skyscraper,keep
1762,87,towers,0.003579074,66.17652013,Skyscraper,keep
1763,87,architects,0.002889648,48.50206881,Skyscraper,keep
1764,87,architectural,0.002378521,86.62638682,Skyscraper,keep
1765,87,elevator,0.002319088,41.75559738,Skyscraper,keep
1766,87,exterior,0.001487022,31.9176333,Skyscraper,keep
1767,87,roofs,0.000773822,38.06090173,Skyscraper,drop
1768,87,stairwell,0.000607408,40.03439369,Skyscraper,keep
1769,87,masonry,0.000429109,101.3576896,Skyscraper,drop
1770,88,iraq,0.019248897,962.6104967,Middle_East,keep
1771,88,afghanistan,0.010160628,371.6249448,Middle_East,keep
1772,88,troops,0.008891842,117.6412877,Middle_East,drop
1773,88,iraqi,0.008318539,1840.643745,Middle_East,keep
1774,88,syria,0.006983963,384.5885878,Middle_East,keep
1775,88,taliban,0.005386233,1434.423039,Middle_East,keep
1776,88,al-qaeda,0.004850523,999.8678771,Middle_East,keep
1777,88,afghan,0.004812929,1004.422908,Middle_East,keep
1778,88,islamic-state,0.004709547,998.052234,Middle_East,keep
1779,88,pakistan,0.004709547,173.1869531,Middle_East,keep
1780,88,syrian,0.004220829,224.7984321,Middle_East,keep
1781,88,fighters,0.003675721,107.7000296,Middle_East,drop
1782,88,baghdad,0.00326219,946.3482445,Middle_East,keep
1783,88,rebels,0.002576106,32.46488002,Middle_East,drop
1784,88,libya,0.002519716,143.5349857,Middle_East,keep
1785,88,civilians,0.002331747,54.4597998,Middle_East,drop
1786,88,militants,0.002218966,524.1314674,Middle_East,drop
1787,88,islamic,0.002181373,142.6706332,Middle_East,keep
1788,88,kabul,0.002153177,462.1873748,Middle_East,keep
1789,88,province,0.00213438,46.40973668,Middle_East,drop
1790,88,iraqis,0.002115584,562.5390119,Middle_East,keep
1791,88,hussein,0.001702053,93.49495018,Middle_East,drop
1792,88,pakistani,0.001673858,115.8818804,Middle_East,keep
1793,88,assad,0.001636264,435.7582466,Middle_East,drop
1794,88,yemen,0.001626866,96.65727694,Middle_East,keep
1795,88,abu,0.001570475,104.4755128,Middle_East,drop
1796,88,kurdish,0.001561077,452.8621245,Middle_East,keep
1797,88,sunni,0.001551679,450.1356819,Middle_East,keep
1798,88,rebel,0.00154228,36.92104761,Middle_East,drop
1799,88,saddam-hussein,0.001523483,89.25810147,Middle_East,keep
1800,88,bin-laden,0.001495288,353.1949024,Middle_East,keep
1801,88,insurgents,0.001438898,99.49733891,Middle_East,keep
1802,88,isis,0.001429499,304.7191778,Middle_East,keep
1803,88,libyan,0.001420101,296.3543254,Middle_East,keep
1804,88,shiite,0.001373109,280.1431925,Middle_East,drop
1805,88,somalia,0.001222734,75.56609329,Middle_East,drop
1806,88,security-forces,0.001213336,268.4748701,Middle_East,drop
1807,88,airstrikes,0.001203937,349.2573037,Middle_East,drop
1808,88,kurds,0.001194539,318.1210405,Middle_East,keep
1809,88,bombings,0.001175742,68.36030377,Middle_East,drop
1810,88,sudan,0.001156945,56.75661977,Middle_East,drop
1811,88,militia,0.000968977,33.07643813,Middle_East,drop
1812,88,militant,0.000903188,51.27881465,Middle_East,drop
1813,88,militias,0.000903188,72.21136285,Middle_East,drop
1814,88,insurgency,0.000884391,53.5610007,Middle_East,keep
1815,88,saddam,0.000874993,206.6778467,Middle_East,keep
1816,88,musharraf,0.000837399,260.4128162,Middle_East,drop
1817,88,afghans,0.000828001,195.5780698,Middle_East,drop
1818,88,islamist,0.000818602,181.1321548,Middle_East,drop
1819,88,osama-bin-laden,0.000799805,32.15184242,Middle_East,keep
1848,93,europe,0.031715923,56.58396579,EuropeanUnion,keep
1849,93,european,0.023948513,36.84114071,EuropeanUnion,keep
1850,93,france,0.018640283,57.72500371,EuropeanUnion,keep
1851,93,brazil,0.011127789,177.495359,EuropeanUnion,drop
1852,93,africa,0.009118459,54.05737461,EuropeanUnion,drop
1853,93,asia,0.007214094,31.52793437,EuropeanUnion,drop
1854,93,african,0.005159779,31.34197842,EuropeanUnion,drop
1855,93,imf,0.004485004,1342.95975,EuropeanUnion,drop
1856,93,european-union,0.004410029,128.1316797,EuropeanUnion,keep
1857,93,eu,0.004140119,298.8718606,EuropeanUnion,keep
1858,93,europeans,0.003375374,74.11957275,EuropeanUnion,keep
1859,93,sweden,0.003150449,45.73150042,EuropeanUnion,drop
1860,93,continent,0.002970509,69.95812337,EuropeanUnion,drop
1861,93,brussels,0.002865544,133.3395974,EuropeanUnion,keep
1862,93,brazilian,0.002700599,60.19445821,EuropeanUnion,drop
1863,93,nigeria,0.002670609,151.9140081,EuropeanUnion,drop
1864,93,greece,0.002505664,50.57712488,EuropeanUnion,keep
1865,93,netherlands,0.002460679,31.95130696,EuropeanUnion,drop
1866,93,indonesia,0.002400699,121.053083,EuropeanUnion,drop
1867,93,developing-countries,0.002310729,130.3284762,EuropeanUnion,drop
1868,93,macron,0.001785904,555.3773438,EuropeanUnion,drop
1869,93,belgium,0.001635954,33.74853956,EuropeanUnion,keep
1870,93,billion-euros,0.001635954,343.5168583,EuropeanUnion,keep
1871,93,nigerian,0.001620959,75.85794524,EuropeanUnion,drop
1872,93,ghana,0.001530989,149.1166045,EuropeanUnion,drop
1873,93,international-monetary-fund,0.001530989,68.7270305,EuropeanUnion,keep
1874,93,congo,0.001515994,83.49596987,EuropeanUnion,drop
1875,93,denmark,0.001441019,36.61101218,EuropeanUnion,drop
1876,93,european-commission,0.001426024,136.7984654,EuropeanUnion,keep
1877,93,european-countries,0.001306064,66.30285478,EuropeanUnion,keep
1878,93,euros,0.001276074,76.69060747,EuropeanUnion,keep
1879,93,kenya,0.001246084,36.50305605,EuropeanUnion,drop
1880,93,e.u,0.001051149,222.9613767,EuropeanUnion,keep
1881,93,euro-zone,0.000961179,52.94110223,EuropeanUnion,keep
1882,93,paulo,0.000901199,44.48853738,EuropeanUnion,drop
1883,93,southeast-asia,0.000721259,30.02752411,EuropeanUnion,drop
1884,93,transatlantic,0.000721259,51.27355776,EuropeanUnion,drop
1885,93,finance-minister,0.000706264,51.76919772,EuropeanUnion,drop
1886,93,sao,0.000691269,62.12495962,EuropeanUnion,drop
1887,93,oecd,0.000646284,138.460833,EuropeanUnion,drop
1888,93,senegal,0.000586304,37.32926802,EuropeanUnion,drop
1889,93,janeiro,0.000511329,31.6006343,EuropeanUnion,drop
1890,93,multilateral,0.000391369,31.09143653,EuropeanUnion,drop
1891,94,vaccine,0.015528262,1006.528449,Vaccine,keep
1892,94,virus,0.013270982,1077.847164,Vaccine,keep
1893,94,aids,0.010504835,57.7570413,Vaccine,keep
1894,94,vaccines,0.007856119,486.6173093,Vaccine,keep
1895,94,flu,0.006290375,254.7508514,Vaccine,keep
1896,94,infected,0.005807604,372.4142073,Vaccine,keep
1897,94,infection,0.005481407,239.6666506,Vaccine,keep
1898,94,vaccination,0.004502818,996.3388462,Vaccine,keep
1899,94,cdc,0.004372339,1264.85714,Vaccine,keep
1900,94,hiv,0.00405919,287.6483446,Vaccine,keep
1901,94,infections,0.00405919,201.1988303,Vaccine,keep
1902,94,outbreak,0.004006999,180.6619972,Vaccine,keep
1903,94,disease-control,0.00369385,751.6129679,Vaccine,keep
1904,94,vaccinated,0.003667754,365.754432,Vaccine,keep
1905,94,doses,0.003354606,197.0661043,Vaccine,drop
1906,94,immune,0.002402112,54.44520173,Vaccine,keep
1907,94,viruses,0.002336872,517.0799402,Vaccine,keep
1908,94,epidemic,0.001932389,50.14292667,Vaccine,keep
1909,94,outbreaks,0.001906293,142.9266194,Vaccine,keep
1910,94,antibodies,0.001867149,149.8993534,Vaccine,keep
1911,94,measles,0.001749718,465.9725429,Vaccine,keep
1912,94,moderna,0.001749718,507.5862517,Vaccine,drop
1913,94,vaccinations,0.001671431,146.2516318,Vaccine,keep
1914,94,anthrax,0.001462665,73.68764444,Vaccine,drop
1915,94,infectious-disease,0.001397426,309.2086075,Vaccine,keep
1916,94,influenza,0.001397426,372.1525678,Vaccine,keep
1917,94,malaria,0.001319139,77.23461601,Vaccine,drop
1918,94,variant,0.001279995,55.1859969,Vaccine,keep
1919,94,fauci,0.001201708,348.6106919,Vaccine,keep
1920,94,infectious-diseases,0.001175612,100.3726494,Vaccine,keep
1921,94,respiratory,0.001162565,37.15642096,Vaccine,drop
1922,94,c.d.c,0.001149517,306.1311039,Vaccine,keep
1923,94,tb,0.00107123,224.2165394,Vaccine,drop
1924,94,h.i.v,0.001032086,92.773883,Vaccine,keep
1925,94,variants,0.001032086,69.92011832,Vaccine,keep
1926,94,contagious,0.000992942,42.45736384,Vaccine,keep
1927,94,omicron,0.000979895,211.2822458,Vaccine,drop
1928,94,hospitalizations,0.000966847,55.3517365,Vaccine,drop
1929,94,autism,0.000953799,64.65563886,Vaccine,drop
1930,94,immune-system,0.000940751,75.91792181,Vaccine,keep
1931,94,unvaccinated,0.000940751,222.2103162,Vaccine,keep
1932,94,tested-positive,0.000914655,48.61176896,Vaccine,drop
1933,94,aids-virus,0.00088856,86.45110875,Vaccine,keep
1934,94,tuberculosis,0.000875512,49.89913189,Vaccine,drop
1935,94,antibody,0.00082332,194.4725514,Vaccine,keep
1936,94,hospitalization,0.00082332,33.6985444,Vaccine,drop
1937,94,public-health,0.000810272,43.94339973,Vaccine,keep
1938,94,ebola,0.000784177,166.036567,Vaccine,drop
1939,94,smallpox,0.000784177,164.0476214,Vaccine,keep
1940,94,covid-19-vaccine,0.000758081,167.7406171,Vaccine,drop
1941,95,school,0.099252552,31.24648918,Education,keep
1942,95,students,0.05433635,1729.777446,Education,keep
1943,95,schools,0.045610552,137.1855156,Education,keep
1944,95,teachers,0.024161178,431.1732842,Education,keep
1945,95,teacher,0.013615958,36.59515526,Education,keep
1946,95,public-schools,0.007105647,77.96441786,Education,keep
1947,95,math,0.005409995,59.63427606,Education,keep
1948,95,classroom,0.004877783,205.8993563,Education,keep
1949,95,superintendent,0.004667374,60.95889127,Education,drop
1950,95,elementary,0.003491557,119.1385799,Education,keep
1951,95,middle-school,0.00347918,37.54811616,Education,keep
1952,95,grades,0.003107869,64.19835279,Education,keep
1953,95,classrooms,0.002984099,180.7196794,Education,keep
1954,95,educators,0.002946968,128.1000242,Education,keep
1955,95,kindergarten,0.002414756,114.3893759,Education,keep
1956,95,school-districts,0.002402379,157.5445135,Education,keep
1957,95,instruction,0.002365248,40.99646345,Education,keep
1958,95,administrators,0.002352871,66.00497465,Education,drop
1959,95,charter-schools,0.002278609,682.2915274,Education,keep
1960,95,curriculum,0.002266232,148.2449596,Education,keep
1961,95,principals,0.002105331,35.77594512,Education,keep
1962,95,test-scores,0.001721643,368.439824,Education,keep
1963,95,charter-school,0.001548365,237.356443,Education,keep
1964,95,elementary-schools,0.001498857,147.7673136,Education,keep
1965,95,mathematics,0.001350333,36.9346767,Education,keep
1966,95,classmates,0.001102792,31.84012516,Education,keep
1967,95,graders,0.001065661,226.6598669,Education,drop
1968,95,p.s,0.001003776,66.34236517,Education,drop
1969,95,after-school,0.000941891,54.40564511,Education,keep
1970,95,class-sizes,0.000929514,289.0586305,Education,keep
1971,95,physical-education,0.000917137,54.44773903,Education,keep
1972,95,pupils,0.000917137,48.14792501,Education,keep
1973,95,preschool,0.000805744,30.80776629,Education,keep
1974,95,vouchers,0.000756236,33.39092318,Education,drop
1975,95,junior-high,0.000743859,41.93733473,Education,keep
1976,95,tutoring,0.000644843,33.97922527,Education,keep
1977,95,grader,0.000620089,31.60950248,Education,drop
1978,95,superintendents,0.000558204,50.37307063,Education,keep
1979,95,devos,0.000508695,41.97641453,Education,drop
1980,95,pta,0.000496318,37.52127795,Education,keep
2029,97,developers,0.00777166,152.5570895,Urban_development,keep
2030,97,developer,0.006931294,64.59030582,Urban_development,keep
2031,97,square-feet,0.005906738,341.5121063,Urban_development,keep
2032,97,zoning,0.004663456,1031.883386,Urban_development,keep
2033,97,renovation,0.001773978,34.42845524,Urban_development,keep
2034,97,realty,0.001635836,33.3443635,Urban_development,drop
2035,97,square-foot,0.001520717,76.30372138,Urban_development,keep
2036,97,redevelopment,0.001509205,78.42672937,Urban_development,keep
2037,97,office-buildings,0.001451646,53.16541158,Urban_development,drop
2038,97,mixed-use,0.000910588,242.5014308,Urban_development,keep
2039,97,trammell,0.000680351,36.6958677,Urban_development,drop
2040,97,high-rise,0.000645816,34.81860098,Urban_development,keep
2041,97,rezoning,0.000645816,187.3484941,Urban_development,keep
2042,97,acres-zoned,0.000576744,179.3549446,Urban_development,drop
2043,97,land-use,0.000576744,121.8374097,Urban_development,keep
2044,97,lofts,0.000530697,52.91010563,Urban_development,keep
2045,97,multifamily,0.000496161,117.1959208,Urban_development,keep
2046,97,shopping-centers,0.000404066,30.59068033,Urban_development,keep
2047,97,secaucus,0.000311972,39.44073049,Urban_development,drop
2048,97,walkable,0.000288948,63.93550478,Urban_development,drop
2070,101,scored,0.010823942,216.7198796,NHL,keep
2071,101,capitals,0.008462397,417.2312986,NHL,keep
2072,101,rangers,0.007904646,334.0356423,NHL,keep
2073,101,islanders,0.005353229,268.5537627,NHL,keep
2074,101,hockey,0.005009084,150.8844864,NHL,keep
2075,101,puck,0.004676807,375.6911094,NHL,keep
2076,101,devils,0.003952916,399.475288,NHL,keep
2077,101,nhl,0.003822379,845.7780452,NHL,keep
2078,101,playoff,0.003679974,50.42466351,NHL,drop
2079,101,goalie,0.003620639,1084.139899,NHL,keep
2080,101,saves,0.003371431,43.56794428,NHL,keep
2081,101,defenseman,0.002920482,874.4897709,NHL,keep
2082,101,third-period,0.002873014,678.6210405,NHL,keep
2083,101,flyers,0.002208459,121.2690744,NHL,keep
2084,101,penguins,0.002172858,148.8408598,NHL,keep
2085,101,goaltender,0.001959251,568.3707562,NHL,keep
2086,101,n.h.l,0.001757511,509.846814,NHL,keep
2087,101,stanley-cup,0.001662575,367.878001,NHL,keep
2088,101,bruins,0.001650707,335.8343166,NHL,keep
2089,101,power-play,0.001650707,513.3340402,NHL,keep
2090,101,canadiens,0.001615106,483.6166511,NHL,keep
2091,101,red-wings,0.001579505,349.4972301,NHL,keep
2092,101,tampa-bay,0.001496436,178.0787136,NHL,drop
2093,101,ovechkin,0.001401499,435.8357307,NHL,keep
2094,101,blackhawks,0.001270962,368.7008358,NHL,keep
2095,101,edmonton,0.001259095,60.96423507,NHL,drop
2096,101,washington-capitals,0.001235361,86.92931894,NHL,keep
2097,101,shutout,0.001199759,265.4708487,NHL,keep
2098,101,oilers,0.001140424,303.7095969,NHL,keep
2100,101,sabres,0.001104823,330.8207951,NHL,keep
2101,101,lundqvist,0.001033621,321.4334644,NHL,keep
2102,101,maple-leafs,0.001021753,305.9470511,NHL,keep
2104,101,messier,0.000938684,85.45449292,NHL,keep
2105,101,gretzky,0.000879349,207.7068116,NHL,keep
2106,101,holtby,0.000879349,273.4583205,NHL,drop
2107,101,national-hockey-league,0.000855615,248.2103666,NHL,keep
2108,101,anaheim,0.000843748,37.88132687,NHL,drop
2109,101,backstrom,0.000843748,224.7008568,NHL,drop
2110,101,kolzig,0.000831881,258.6967377,NHL,drop
2111,101,esposito,0.000820014,49.96676878,NHL,keep
2112,101,canucks,0.000808146,251.3159463,NHL,keep
2113,101,period-scoring,0.000808146,251.3159463,NHL,drop
2114,101,winger,0.000808146,190.8884463,NHL,drop
2115,101,shootout,0.000772545,43.93959196,NHL,keep
2116,101,goalies,0.000760678,227.7724271,NHL,keep
2117,101,ng,0.000736944,32.54509044,NHL,drop
2118,101,scored-twice,0.000725077,193.0973608,NHL,drop
2119,101,coyotes,0.00071321,67.87705623,NHL,drop
2143,104,oil,0.084968886,441.0654232,Energy,keep
2144,104,gas,0.031752822,395.6746337,Energy,keep
2145,104,energy,0.030954296,45.26205945,Energy,keep
2146,104,gasoline,0.011789668,105.0207401,Energy,keep
2147,104,natural-gas,0.010667929,450.0422611,Energy,keep
2148,104,petroleum,0.009280015,114.42228,Energy,keep
2149,104,gulf,0.008196301,110.3434993,Energy,drop
2150,104,pipeline,0.008063213,96.00109021,Energy,keep
2151,104,drilling,0.00796815,462.5498945,Energy,keep
2152,104,exxon,0.007473825,1535.584052,Energy,keep
2153,104,oil-prices,0.005895785,186.0826921,Energy,keep
2154,104,barrel,0.005743685,115.5083863,Energy,keep
2155,104,opec,0.005135284,1367.592093,Energy,keep
2156,104,shell,0.005002196,34.73465741,Energy,keep
2157,104,crude,0.004621945,67.29670893,Energy,keep
2158,104,exploration,0.004621945,55.41640126,Energy,keep
2159,104,chevron,0.004488858,201.3931809,Energy,keep
2160,104,texaco,0.004393795,252.6972704,Energy,keep
2161,104,ethanol,0.004013545,861.900473,Energy,drop
2162,104,barrels,0.003899469,167.1969893,Energy,keep
2163,104,gallon,0.003842432,179.4839127,Energy,drop
2164,104,bp,0.003785394,224.3655193,Energy,keep
2165,104,refinery,0.003481194,251.7922923,Energy,keep
2166,104,mobil,0.003310081,172.0765081,Energy,keep
2167,104,million-barrels,0.003253043,943.6947307,Energy,keep
2168,104,refining,0.003253043,103.9550556,Energy,keep
2169,104,crude-oil,0.003234031,269.5070827,Energy,keep
2170,104,shale,0.002568592,684.0492107,Energy,keep
2171,104,cubic-feet,0.00239748,566.297295,Energy,drop
2172,104,refineries,0.002359455,628.3531239,Energy,keep
2173,104,pennzoil,0.00232143,673.4373269,Energy,keep
2174,104,getty,0.002074267,177.7587216,Energy,drop
2175,104,refiners,0.002017229,537.2140729,Energy,keep
2176,104,fuels,0.001941179,59.73823008,Energy,keep
2177,104,pipelines,0.001827104,85.44495053,Energy,keep
2178,104,fracking,0.001808091,226.0650228,Energy,keep
2179,104,gasoline-prices,0.001770066,95.70059909,Energy,keep
2180,104,arco,0.001732041,383.2489106,Energy,keep
2181,104,exxon-mobil,0.001675004,113.5501289,Energy,keep
2182,104,gas-prices,0.001579941,61.5981299,Energy,keep
2183,104,amoco,0.001389816,307.5246472,Energy,keep
2184,104,kinder-morgan,0.001237716,359.0562652,Energy,keep
2185,104,rigs,0.001237716,79.1269151,Energy,keep
2186,104,unocal,0.001085615,256.4280376,Energy,keep
2187,104,e85,0.001028578,307.990453,Energy,drop
2188,104,cartel,0.001009565,37.65610393,Energy,drop
2189,104,royal-dutch-shell,0.000933515,191.2873387,Energy,keep
2190,104,richfield,0.00089549,38.44304247,Energy,drop
2191,104,petroleum-exporting-countries,0.000838452,81.89748051,Energy,keep
2192,104,halliburton,0.00081944,49.78818326,Energy,drop
2193,104,tankers,0.00081944,41.91905231,Energy,drop
2221,106,college,0.051398853,36.4403058,Higher_Education,keep
2222,106,student,0.020004284,77.88829279,Higher_Education,keep
2223,106,campus,0.016627914,78.11836454,Higher_Education,keep
2224,106,colleges,0.01127963,457.3324555,Higher_Education,keep
2225,106,universities,0.009931919,125.1497253,Higher_Education,keep
2226,106,graduate,0.007250684,113.2619204,Higher_Education,keep
2227,106,academic,0.006626481,86.4184324,Higher_Education,keep
2228,106,tuition,0.00571855,345.0854105,Higher_Education,keep
2229,106,faculty,0.005009228,76.73704993,Higher_Education,keep
2230,106,graduates,0.004541076,228.3911155,Higher_Education,keep
2231,106,admissions,0.003987805,138.5689624,Higher_Education,keep
2232,106,higher-education,0.003945246,141.4860773,Higher_Education,keep
2233,106,professors,0.003647331,159.2551734,Higher_Education,keep
2234,106,alumni,0.003250111,48.00421393,Higher_Education,keep
2235,106,scholarships,0.002952196,128.7749819,Higher_Education,keep
2236,106,campuses,0.002852891,165.2924883,Higher_Education,keep
2237,106,graduation,0.00229962,33.99411977,Higher_Education,keep
2238,106,rhodes,0.002129383,43.85107252,Higher_Education,drop
2239,106,semester,0.002086824,120.7695307,Higher_Education,keep
2240,106,financial-aid,0.002058451,75.85769735,Higher_Education,keep
2241,106,undergraduate,0.002058451,54.45827399,Higher_Education,keep
2242,106,graduating,0.001959146,44.90588278,Higher_Education,keep
2243,106,deaf,0.001859841,31.34191032,Higher_Education,drop
2244,106,recruiters,0.001320757,63.06494041,Higher_Education,drop
2245,106,faculty-members,0.001278197,83.71326691,Higher_Education,keep
2246,106,undergraduates,0.001122147,265.0569143,Higher_Education,keep
2247,106,liberal-arts,0.001093774,242.0194021,Higher_Education,keep
2248,106,internships,0.000937723,221.4950953,Higher_Education,drop
2249,106,ivy-league,0.000937723,32.54964018,Higher_Education,keep
2250,106,freshmen,0.000880977,83.14637108,Higher_Education,keep
2251,106,internship,0.000880977,42.66028685,Higher_Education,drop
2252,106,sign-language,0.000866791,38.7405807,Higher_Education,drop
2253,106,commencement,0.000795859,44.50644446,Higher_Education,keep
2254,106,uc,0.000795859,64.52642899,Higher_Education,keep
2255,106,cuny,0.000753299,159.740403,Higher_Education,keep
2256,106,gallaudet,0.00071074,32.53869972,Higher_Education,drop
2257,106,vocational,0.000682367,30.31295767,Higher_Education,drop
2258,106,regents,0.000668181,37.3940549,Higher_Education,keep
2259,106,provost,0.000568876,47.11055319,Higher_Education,keep
2260,106,hazing,0.000427012,35.61383828,Higher_Education,drop
2261,108,fashion,0.017245746,63.00595351,Fashion,keep
2262,108,wear,0.010372101,46.15912896,Fashion,keep
2263,108,designer,0.00889822,37.94977731,Fashion,keep
2264,108,dress,0.00816128,53.08691144,Fashion,keep
2265,108,shoes,0.006834787,58.50768295,Fashion,keep
2266,108,designers,0.0054413,79.52027254,Fashion,keep
2267,108,pants,0.004141605,64.11343476,Fashion,keep
2268,108,leather,0.003913824,62.05787839,Fashion,keep
2269,108,dresses,0.003846829,344.6385323,Fashion,keep
2270,108,jeans,0.003605648,102.5341202,Fashion,keep
2271,108,shirt,0.003565452,148.6154013,Fashion,keep
2272,108,jacket,0.003431463,32.85970767,Fashion,keep
2273,108,worn,0.003418064,38.9301114,Fashion,drop
2274,108,nike,0.003203681,46.04467866,Fashion,drop
2275,108,shirts,0.003083091,78.01741897,Fashion,keep
2276,108,fabric,0.00284191,30.9469393,Fashion,keep
2277,108,boots,0.002828511,37.38213678,Fashion,keep
2278,108,jackets,0.002694522,86.19350131,Fashion,keep
2279,108,sneakers,0.002413145,84.61647015,Fashion,keep
2280,108,silk,0.002305954,44.65272966,Fashion,keep
2281,108,coat,0.002064773,37.2476384,Fashion,keep
2282,108,coats,0.00198438,47.93792214,Fashion,keep
2283,108,runway,0.001877188,71.15852677,Fashion,keep
2284,108,skirts,0.001877188,137.9723837,Fashion,keep
2285,108,skirt,0.001836991,51.79509438,Fashion,keep
2286,108,accessories,0.0017298,32.7535731,Fashion,keep
2287,108,outfit,0.001689603,35.66935958,Fashion,keep
2288,108,fabrics,0.001582412,76.2697185,Fashion,keep
2289,108,socks,0.001475221,65.74175155,Fashion,keep
2290,108,sweater,0.001287636,61.30377077,Fashion,keep
2291,108,prada,0.001274237,94.39609843,Fashion,keep
2292,108,wool,0.00123404,55.23841485,Fashion,keep
2293,108,wardrobe,0.001207242,44.48771179,Fashion,keep
2294,108,chic,0.001167046,34.47814646,Fashion,keep
2295,108,gucci,0.00111345,236.0071897,Fashion,keep
2296,108,sweaters,0.00111345,61.74521202,Fashion,keep
2297,108,footwear,0.001100051,59.56981826,Fashion,keep
2298,108,ralph-lauren,0.001100051,93.87113419,Fashion,keep
2299,108,trousers,0.001100051,86.72768269,Fashion,keep
2300,108,adidas,0.001073253,68.61325987,Fashion,drop
2301,108,lace,0.001073253,39.26419344,Fashion,keep
2302,108,denim,0.001033056,60.62930307,Fashion,keep
2303,108,garment,0.001019658,32.77183419,Fashion,keep
2304,108,vuitton,0.00099286,52.22648916,Fashion,keep
2305,108,chanel,0.000966062,50.86350677,Fashion,keep
2306,108,creative-director,0.000952663,44.32069044,Fashion,keep
2307,108,dior,0.000899067,114.6652616,Fashion,keep
2308,108,sleeves,0.000872269,36.79706278,Fashion,keep
2309,108,sportswear,0.000832073,76.79760244,Fashion,keep
2310,108,calvin-klein,0.000805275,169.4616758,Fashion,keep
2311,108,lvmh,0.000805275,56.28944517,Fashion,drop
2312,109,museum,0.040832983,1143.546865,Artworld,keep
2313,109,art,0.033191869,57.87363923,Artworld,keep
2314,109,artists,0.011355262,154.9017204,Artworld,keep
2315,109,exhibition,0.010279846,82.6581943,Artworld,keep
2316,109,gallery,0.007936571,343.064448,Artworld,keep
2317,109,exhibit,0.006283826,158.9076118,Artworld,keep
2318,109,museums,0.004778244,142.220809,Artworld,keep
2319,109,galleries,0.003148139,152.480036,Artworld,keep
2320,109,smithsonian,0.002978337,89.46717493,Artworld,keep
2321,109,curator,0.002684012,151.6916259,Artworld,keep
2322,109,artifacts,0.002412328,148.2339633,Artworld,keep
2323,109,exhibitions,0.002355727,149.937774,Artworld,keep
2324,109,exhibits,0.002344407,64.40686467,Artworld,keep
2325,109,collections,0.002265166,50.77331469,Artworld,keep
2326,109,open-daily,0.001936881,457.5014632,Artworld,drop
2327,109,collectors,0.001778399,34.97717195,Artworld,keep
2328,109,metropolitan-museum,0.001563315,80.2934745,Artworld,keep
2329,109,sculptures,0.001540675,56.80195701,Artworld,keep
2330,109,art-museum,0.001472754,77.12852242,Artworld,keep
2331,109,contemporary-art,0.001461434,200.7850448,Artworld,keep
2332,109,national-gallery,0.001450114,303.725199,Artworld,keep
2333,109,artwork,0.001404833,74.7899116,Artworld,keep
2334,109,modern-art,0.001302952,116.8513022,Artworld,keep
2335,109,ceramics,0.00117843,71.52431401,Artworld,keep
2336,109,fine-arts,0.001167109,37.22978009,Artworld,keep
2337,109,natural-history,0.001019947,49.08990403,Artworld,drop
2338,109,basel,0.000974667,74.24536275,Artworld,drop
2339,109,curators,0.000918066,216.8519501,Artworld,keep
2340,109,national-endowment,0.000838825,46.86300357,Artworld,keep
2341,109,moma,0.000827504,183.1019655,Artworld,keep
2342,109,hirshhorn,0.000793544,237.6134854,Artworld,keep
2343,109,smithsonian-institution,0.000793544,41.63868746,Artworld,keep
2344,109,sculpture-garden,0.000635062,169.1250491,Artworld,keep
2345,109,monday-saturday,0.000623741,186.768945,Artworld,drop
2346,109,sackler,0.000601101,60.53625052,Artworld,drop
2347,109,art-gallery,0.000589781,38.59183815,Artworld,keep
2348,109,artworks,0.000589781,41.44914616,Artworld,keep
2349,109,nea,0.000578461,33.93887012,Artworld,keep
2350,109,permanent-collection,0.0005445,115.6592908,Artworld,keep
2351,109,watercolors,0.00053318,114.4993102,Artworld,keep
2352,109,o'keeffe,0.000476579,105.4527052,Artworld,drop
2353,109,mixed-media,0.000329417,68.62707227,Artworld,keep
2380,112,coaches,0.007653191,143.492627,CollegeSports,keep
2381,112,ncaa,0.005641275,210.5013335,CollegeSports,keep
2382,112,freshman,0.004454471,50.33576417,CollegeSports,keep
2383,112,coaching,0.004070173,157.0825492,CollegeSports,keep
2384,112,notre-dame,0.003471119,63.11159024,CollegeSports,keep
2385,112,acc,0.003188547,664.2665395,CollegeSports,keep
2386,112,n.c.a.a,0.002962489,269.0022234,CollegeSports,keep
2387,112,virginia-tech,0.00241995,78.56555368,CollegeSports,keep
2388,112,big-ten,0.002397344,695.4598687,CollegeSports,keep
2389,112,ohio-state,0.002397344,38.1286208,CollegeSports,keep
2390,112,college-football,0.002227801,79.62740089,CollegeSports,keep
2391,112,ncaa-tournament,0.002182589,653.5399618,CollegeSports,keep
2392,112,head-coach,0.002159983,151.5594837,CollegeSports,keep
2393,112,athletic-director,0.002058257,597.0921362,CollegeSports,keep
2394,112,terrapins,0.002058257,455.4307843,CollegeSports,drop
2395,112,clemson,0.001979137,146.7224505,CollegeSports,keep
2396,112,coached,0.001809594,39.21617934,CollegeSports,keep
2397,112,penn-state,0.001685262,112.786517,CollegeSports,keep
2398,112,college-basketball,0.001617444,357.8920661,CollegeSports,keep
2399,112,terps,0.001538324,446.261613,CollegeSports,drop
2400,112,rutgers,0.001413992,43.07219767,CollegeSports,keep
2401,112,turgeon,0.001402689,406.91452,CollegeSports,drop
2402,112,athletics,0.001221843,50.80661696,CollegeSports,keep
2403,112,huskies,0.00121054,256.2727183,CollegeSports,drop
2404,112,football-coach,0.001176631,62.74040172,CollegeSports,keep
2405,112,wildcats,0.001120117,85.78859192,CollegeSports,drop
2406,112,basketball-team,0.001097511,55.36035032,CollegeSports,drop
2407,112,championship-game,0.001040997,94.08813051,CollegeSports,keep
2408,112,assistant-coach,0.000995785,51.5129054,CollegeSports,keep
2409,112,u.c.l.a,0.000984482,68.91487832,CollegeSports,keep
2410,112,wake-forest,0.000973179,54.70187187,CollegeSports,keep
2411,112,basketball-coach,0.000961876,51.36750142,CollegeSports,keep
2412,112,villanova,0.000939271,57.15706587,CollegeSports,keep
2413,112,hokies,0.000916665,274.480015,CollegeSports,keep
2414,112,calipari,0.000848848,263.9730714,CollegeSports,drop
2415,112,men-basketball,0.000848848,41.63662273,CollegeSports,keep
2416,112,lsu,0.000837545,61.26853208,CollegeSports,drop
2417,112,driesell,0.000803636,233.131526,CollegeSports,drop
2418,112,tar-heels,0.000803636,233.131526,CollegeSports,keep
2419,112,pitino,0.000792333,229.8526016,CollegeSports,drop
2420,112,georgia-tech,0.00070191,83.56055192,CollegeSports,keep
2421,112,atlantic-coast-conference,0.000679304,180.9074092,CollegeSports,keep
2422,112,collegiate-athletic-association,0.000679304,197.0633574,CollegeSports,keep
2423,112,krzyzewski,0.000645395,171.8770893,CollegeSports,keep
2424,112,friedgen,0.000634092,168.8669827,CollegeSports,drop
2425,112,jayhawks,0.000588881,170.8319621,CollegeSports,keep
2426,112,coach-mike,0.000577578,118.4344265,CollegeSports,keep
2427,112,longhorns,0.000566275,58.74452726,CollegeSports,keep
2428,112,blue-devils,0.000532366,117.7967597,CollegeSports,drop
2429,112,student-athletes,0.000487155,129.7355963,CollegeSports,keep
2430,113,ford,0.033787263,111.0952285,Automotive,keep
2431,113,gm,0.022148029,2768.771697,Automotive,keep
2432,113,chrysler,0.018289543,819.7411855,Automotive,keep
2433,113,vehicles,0.015563092,55.84134158,Automotive,keep
2434,113,auto,0.009488368,45.30465214,Automotive,keep
2435,113,toyota,0.007032968,409.4052633,Automotive,keep
2436,113,general-motors,0.005773379,171.9788907,Automotive,keep
2437,113,auto-makers,0.005693659,321.8811419,Automotive,keep
2438,113,auto-maker,0.005071836,1122.245665,Automotive,keep
2439,113,honda,0.004386238,219.6229193,Automotive,keep
2440,113,g.m,0.004226796,935.26352,Automotive,keep
2441,113,volkswagen,0.004067354,366.8049342,Automotive,keep
2442,113,automotive,0.003987634,112.3157191,Automotive,keep
2443,113,nissan,0.003349867,127.6301337,Automotive,keep
2444,113,auto-industry,0.003094761,224.0417193,Automotive,keep
2445,113,ford-motor-co,0.00282371,100.1406868,Automotive,keep
2446,113,general-motors-corp,0.002680213,141.2176421,Automotive,keep
2447,113,vw,0.00255266,531.8677468,Automotive,keep
2448,113,motors,0.002393218,89.18898192,Automotive,keep
2449,113,automakers,0.002201888,466.4690887,Automotive,keep
2450,113,chevrolet,0.002138111,125.755539,Automotive,keep
2451,113,daimlerchrysler,0.002042447,592.505472,Automotive,drop
2452,113,sport-utility,0.002010558,419.9540233,Automotive,keep
2453,113,car-makers,0.001819228,385.4236358,Automotive,keep
2454,113,mitsubishi,0.001819228,96.14544035,Automotive,keep
2455,113,iacocca,0.001755452,159.3845717,Automotive,keep
2456,113,audi,0.001723563,90.01457027,Automotive,keep
2457,113,electric-vehicles,0.001659787,392.0503495,Automotive,keep
2458,113,ev,0.001659787,293.1927958,Automotive,drop
2459,113,hyundai,0.001659787,124.9408414,Automotive,keep
2460,113,volvo,0.001659787,81.15691696,Automotive,keep
2461,113,automaker,0.001627898,433.5302981,Automotive,keep
2462,113,dealership,0.001627898,72.21288758,Automotive,keep
2463,113,diesel,0.001564122,68.96271781,Automotive,keep
2464,113,fiat,0.001564122,41.20930828,Automotive,keep
2465,113,ford-motor,0.001564122,89.92114537,Automotive,keep
2466,113,saturn,0.001532234,94.98233346,Automotive,keep
2467,113,daimler,0.001420624,378.330554,Automotive,drop
2468,113,pickups,0.001372792,44.00066252,Automotive,keep
2469,113,kerkorian,0.001293071,286.117961,Automotive,drop
2470,113,mazda,0.00121335,268.4781361,Automotive,keep
2471,113,mulally,0.001181462,342.7373573,Automotive,keep
2472,113,dealerships,0.001165518,60.8711792,Automotive,keep
2473,113,toyota-motor,0.001165518,257.8942411,Automotive,keep
2474,113,rebates,0.001101741,31.78003569,Automotive,drop
2475,113,renault,0.001085797,55.43485677,Automotive,drop
2476,113,pontiac,0.00102202,62.87877242,Automotive,keep
2477,113,minivans,0.001006076,222.6145911,Automotive,keep
2478,113,evs,0.000990132,211.3619491,Automotive,keep
2479,113,jeep,0.000990132,44.84882131,Automotive,keep
2480,113,trk,0.000990132,307.9095216,Automotive,drop
2481,113,wagoner,0.000990132,219.0866262,Automotive,drop
2514,118,network,0.032747092,31.2568972,Television,keep
2515,118,cbs,0.022306278,1056.150315,Television,keep
2516,118,nbc,0.018086932,731.4364058,Television,keep
2517,118,abc,0.014595629,1102.718945,Television,keep
2518,118,viewers,0.009234577,319.0263211,Television,keep
2519,118,broadcast,0.008341069,41.29015797,Television,keep
2520,118,cnn,0.005643996,101.5695281,Television,keep
2521,118,anchor,0.004849766,47.72291602,Television,keep
2522,118,nielsen,0.003228214,99.60289193,Television,keep
2523,118,fox-news,0.002516716,53.19195949,Television,drop
2524,118,prime-time,0.002202333,138.5221018,Television,keep
2525,118,cnbc,0.001672847,32.65256103,Television,drop
2526,118,msnbc,0.001573568,85.10756668,Television,keep
2527,118,mtv,0.001523929,81.81242383,Television,keep
2528,118,cbs-news,0.001507382,57.73307029,Television,keep
2529,118,nbc-news,0.001408103,65.73888093,Television,keep
2530,118,cronkite,0.001275732,268.2300908,Television,drop
2531,118,wb,0.001226092,94.85914238,Television,keep
2532,118,telecast,0.001060628,61.58252853,Television,keep
2533,118,viewer,0.000944803,42.30743641,Television,keep
2534,118,couric,0.000928256,198.2139989,Television,keep
2535,118,anchors,0.00091171,34.28661633,Television,keep
2536,118,brokaw,0.000845524,182.3096133,Television,keep
2537,118,viewership,0.000828977,52.95997752,Television,keep
2538,118,moonves,0.000812431,235.6829507,Television,drop
2539,118,farrow,0.000729699,41.79176645,Television,drop
2540,118,on-air,0.000663513,146.8155576,Television,keep
2541,118,koppel,0.000613874,35.0147641,Television,keep
2542,118,miniseries,0.000531141,31.7657297,Television,keep
2543,118,falco,0.000514595,33.11958051,Television,drop
2544,118,csi,0.000365677,31.22006916,Television,drop
2568,122,union,0.076623241,303.9849503,Labor,keep
2569,122,labor,0.021683173,34.61525129,Labor,keep
2570,122,strike,0.019902074,43.92271605,Labor,keep
2571,122,unions,0.017487314,361.624296,Labor,keep
2572,122,bargaining,0.003974934,119.5095212,Labor,keep
2573,122,pension,0.003683793,99.84893524,Labor,keep
2574,122,teamsters,0.003375526,797.3169628,Labor,keep
2575,122,uaw,0.00318714,954.3360761,Labor,keep
2576,122,concessions,0.002895999,39.40939396,Labor,keep
2577,122,afl-cio,0.002656236,587.7455216,Labor,keep
2578,122,ups,0.002228087,37.31574815,Labor,drop
2579,122,labor-relations,0.002073953,110.5080539,Labor,keep
2580,122,unionized,0.001988324,259.9038167,Labor,keep
2581,122,picket,0.001765686,91.67883437,Labor,keep
2582,122,carbide,0.001491671,114.6425273,Labor,drop
2583,122,nonunion,0.001457419,312.3189674,Labor,keep
2584,122,collective-bargaining,0.001406041,125.7351829,Labor,keep
2585,122,nlrb,0.001337537,400.5032109,Labor,keep
2586,122,organized-labor,0.001234781,116.8974417,Labor,keep
2587,122,walkout,0.001217655,59.72385621,Labor,keep
2588,122,auto-workers,0.001149152,254.2728852,Labor,keep
2589,122,machinists,0.001149152,123.2501202,Labor,keep
2590,122,ual,0.001080648,221.4364299,Labor,drop
2591,122,wage-increases,0.00102927,212.9175547,Labor,keep
2592,122,strikers,0.00085801,84.48903139,Labor,keep
2593,122,brotherhood,0.000823758,35.80313815,Labor,drop
2594,122,presser,0.000738129,112.2280785,Labor,drop
2595,122,steelworkers,0.000738129,97.198101,Labor,keep
2596,122,cost-of-living,0.000618247,33.97385486,Labor,drop
2703,128,stolen,0.037996463,1678.62625,Burglary,keep
2704,128,residence,0.011075967,30.75017001,Burglary,keep
2705,128,robbed,0.005365559,224.5129742,Burglary,keep
2706,128,wallet,0.003585691,122.9893427,Burglary,drop
2707,128,residence-entered,0.003326127,1034.353108,Burglary,keep
2708,128,pedestrian,0.002671037,127.8611763,Burglary,drop
2709,128,thefts-break-ins,0.002497995,747.9828247,Burglary,drop
2710,128,oct-property,0.002473274,769.1343626,Burglary,drop
2711,128,reported-missing,0.002448554,523.2358064,Burglary,drop
2712,128,information-call,0.002114829,38.25627975,Burglary,drop
2713,128,front-door,0.001991227,63.68015104,Burglary,drop
2714,128,males,0.001966506,94.51097159,Burglary,drop
2715,128,unlocked,0.001879985,88.43523442,Burglary,drop
2716,128,assaulted,0.001830544,67.13094665,Burglary,drop
2717,128,acquaintance,0.001373217,42.1227792,Burglary,drop
2718,128,gunpoint,0.001373217,96.4516048,Burglary,drop
2719,128,male-pedestrian,0.001126013,350.1656194,Burglary,drop
2720,128,burglary,0.001064212,55.58032691,Burglary,keep
2721,128,area-thefts-break-ins,0.001051852,327.1031197,Burglary,drop
2722,128,among-incidents-reported,0.00092825,277.9490853,Burglary,drop
2723,128,unlocked-vehicle,0.000866449,269.4468707,Burglary,drop
2724,128,second-degree-assault,0.000829369,240.5965322,Burglary,drop
2725,128,laptop-computer,0.000792288,79.72191826,Burglary,drop
2726,128,prying,0.000755208,48.9387235,Burglary,drop
2727,128,richmond-hwy,0.000742847,175.4644726,Burglary,drop
2728,128,robber,0.000742847,35.89818397,Burglary,drop
2729,128,break-in,0.000668686,38.70602457,Burglary,keep
2730,128,rear-door,0.000656326,155.0276788,Burglary,drop
2731,128,robbers,0.000656326,38.5727441,Burglary,keep
2732,128,rear-window,0.000606885,47.24080302,Burglary,drop
2760,131,disney,0.017707062,760.2903737,Entertainment,keep
2761,131,entertainment,0.015892999,33.08769442,Entertainment,keep
2762,131,hollywood,0.01006986,41.75770654,Entertainment,keep
2763,131,studios,0.009090266,191.7197597,Entertainment,keep
2764,131,sony,0.008509766,368.9295763,Entertainment,keep
2765,131,viacom,0.005335157,1003.304741,Entertainment,drop
2766,131,paramount,0.004899782,50.63027468,Entertainment,keep
2767,131,streaming,0.004446267,86.96687015,Entertainment,keep
2769,131,box-office,0.003611798,148.1319515,Entertainment,keep
2770,131,theaters,0.00339411,74.21280027,Entertainment,drop
2771,131,blockbuster,0.003321548,82.85081601,Entertainment,keep
2773,131,redstone,0.003176423,921.4674528,Entertainment,drop
2774,131,marvel,0.002722907,67.94104939,Entertainment,keep
2775,131,warner-bros,0.002233111,122.8277181,Entertainment,keep
2776,131,walt-disney,0.002196829,80.61618563,Entertainment,keep
2777,131,dvd,0.001997283,81.76293479,Entertainment,keep
2778,131,animation,0.00192472,37.83348494,Entertainment,keep
2779,131,iger,0.001906579,553.0909726,Entertainment,drop
2780,131,lego,0.001761454,102.4325894,Entertainment,drop
2781,131,vivendi,0.001761454,372.832242,Entertainment,drop
2782,131,diller,0.001598189,107.4165459,Entertainment,drop
2783,131,dreamworks,0.001507486,401.4628416,Entertainment,keep
2784,131,valenti,0.001471204,125.9645592,Entertainment,drop
2785,131,mca,0.001434923,163.096266,Entertainment,keep
2786,131,walt-disney-co,0.001289798,89.17723071,Entertainment,keep
2787,131,motion-picture,0.00103583,42.32206106,Entertainment,keep
2788,131,star-wars,0.001017689,40.05452482,Entertainment,keep
2789,131,eisner,0.000981408,61.10930999,Entertainment,keep
2790,131,theme-parks,0.000981408,76.87253247,Entertainment,drop
2791,131,qvc,0.000926986,190.8374336,Entertainment,drop
2792,131,bluth,0.000908845,242.0371645,Entertainment,drop
2793,131,mgm-ua,0.000908845,263.6523095,Entertainment,keep
2794,131,comics,0.000890705,35.3407896,Entertainment,drop
2795,131,paramount-pictures,0.000890705,237.2060833,Entertainment,keep
2796,131,pixar,0.000818142,217.8817588,Entertainment,keep
2797,131,disneyland,0.000727439,33.34456486,Entertainment,drop
2798,131,wasserman,0.000727439,30.79069107,Entertainment,drop
2799,131,emi,0.000618595,45.65197303,Entertainment,drop
2800,131,spider-man,0.000600455,37.29599254,Entertainment,keep
2801,131,sony-pictures,0.000564173,120.1025496,Entertainment,keep
2802,132,band,0.017265609,68.92464128,Music,keep
2803,132,album,0.015121246,1113.611801,Music,keep
2804,132,songs,0.014792112,225.9349464,Music,keep
2805,132,song,0.01423358,91.57026689,Music,keep
2806,132,jazz,0.010264016,265.9203693,Music,keep
2807,132,guitar,0.005606261,244.1080837,Music,keep
2808,132,musicians,0.004608883,201.2951791,Music,keep
2809,132,blues,0.00378106,49.1010515,Music,keep
2810,132,albums,0.003621479,429.1414414,Music,keep
2811,132,lyrics,0.003601532,180.163475,Music,keep
2812,132,sing,0.003322266,60.46610877,Music,keep
2813,132,hip-hop,0.00296321,94.18892617,Music,keep
2814,132,solo,0.00275376,36.71805415,Music,keep
2815,132,bands,0.002624101,34.67548555,Music,keep
2816,132,cd,0.002394704,51.37258988,Music,keep
2817,132,guitarist,0.002155334,476.9108522,Music,keep
2818,132,sang,0.00214536,55.66274357,Music,drop
2819,132,rap,0.002105465,46.71855868,Music,keep
2820,132,tunes,0.002075543,49.71091718,Music,drop
2821,132,drummer,0.001995753,132.2420358,Music,drop
2822,132,sings,0.001876068,69.99308887,Music,keep
2823,132,drums,0.001716487,66.19019969,Music,keep
2824,132,rapper,0.001706514,73.97058732,Music,keep
2825,132,songwriter,0.001367405,119.8271569,Music,keep
2826,132,beatles,0.001357431,61.13114303,Music,keep
2827,132,bassist,0.001267667,84.71157613,Music,drop
2828,132,saxophonist,0.00124772,361.9584472,Music,keep
2829,132,ellington,0.001237746,71.59906844,Music,keep
2830,132,vocals,0.001197851,347.4916827,Music,keep
2831,132,bluegrass,0.001187877,50.09808111,Music,keep
2832,132,guitars,0.001187877,75.55309101,Music,keep
2833,132,ballad,0.001118061,125.3195472,Music,keep
2834,132,melody,0.00103827,49.45937731,Music,keep
2835,132,grammy,0.001028297,242.8890588,Music,keep
2836,132,melodies,0.000898637,190.7817536,Music,keep
2837,132,pop-music,0.000888664,73.46220284,Music,keep
2838,132,cher,0.000848769,41.1006191,Music,keep
2839,132,rock-n-roll,0.000808873,38.82609828,Music,keep
2840,132,saxophone,0.000788926,46.84028233,Music,keep
2841,132,fender,0.000759005,45.97729002,Music,keep
2842,132,acoustic,0.000739057,35.56081742,Music,keep
2843,132,pareles,0.000729083,226.7289969,Music,drop
2844,132,singer-songwriter,0.000729083,194.1642458,Music,keep
2845,132,taylor-swift,0.000699162,46.93179515,Music,drop
2846,132,ballads,0.000689188,147.9367508,Music,keep
2847,132,harmonies,0.000679214,203.3794121,Music,keep
2848,132,vocalist,0.000679214,142.8087976,Music,keep
2849,132,reggae,0.000669241,40.38246496,Music,keep
2850,132,soundtrack,0.000669241,30.108795,Music,drop
2851,132,trumpeter,0.000669241,45.2186747,Music,drop
2852,133,boxing,0.010813425,592.3346254,Boxing,keep
2853,133,leonard,0.00992178,61.66489577,Boxing,drop
2854,133,ring,0.009342211,31.7887474,Boxing,drop
2855,133,peterson,0.007469757,101.2258426,Boxing,drop
2856,133,tucker,0.006979352,68.41139243,Boxing,drop
2857,133,holmes,0.006511238,143.9070011,Boxing,drop
2858,133,bailey,0.005797922,59.95767982,Boxing,drop
2859,133,ali,0.005664175,53.06389985,Boxing,keep
2860,133,frazier,0.004638783,194.0034491,Boxing,drop
2861,133,fights,0.004594201,38.96539426,Boxing,drop
2862,133,tyson,0.00457191,165.5005065,Boxing,keep
2863,133,wrestling,0.003903176,44.8251013,Boxing,keep
2864,133,boxer,0.003880885,117.5537882,Boxing,keep
2865,133,bout,0.003368189,94.24958572,Boxing,keep
2866,133,heavyweight,0.00278862,122.3618894,Boxing,keep
2867,133,pryor,0.002654873,119.0471816,Boxing,drop
2868,133,holly,0.002275924,30.1073141,Boxing,drop
2869,133,stephens,0.00218676,33.10701288,Boxing,drop
2870,133,mayweather,0.001852393,576.0537302,Boxing,drop
2871,133,punches,0.001830101,48.09032781,Boxing,keep
2872,133,marquez,0.001651772,105.7528351,Boxing,drop
2873,133,funk,0.001629481,67.83771219,Boxing,drop
2874,133,promoter,0.001451152,44.1445937,Boxing,drop
2875,133,jab,0.001428861,74.75076919,Boxing,keep
2876,133,muhammad-ali,0.001317406,100.8044787,Boxing,keep
2877,133,trinidad,0.001272823,31.34448286,Boxing,drop
2878,133,breland,0.001161368,361.1600402,Boxing,drop
2879,133,welterweight,0.001139077,330.4415013,Boxing,keep
2880,133,lyle,0.001094494,41.07949864,Boxing,drop
2881,133,marvis,0.001094494,327.7280754,Boxing,drop
2882,133,theranos,0.001094494,327.7280754,Boxing,drop
2883,133,bouts,0.001049912,50.11175325,Boxing,keep
2884,133,duran,0.00100533,76.36814412,Boxing,drop
2885,133,boxers,0.000983039,217.5170514,Boxing,keep
2886,133,roach,0.000983039,30.10029416,Boxing,drop
2887,133,wrestler,0.000983039,42.56089529,Boxing,keep
2888,133,knockout,0.000827001,35.1690377,Boxing,keep
2889,134,portfolio,0.006226568,30.65577433,Investing,keep
2890,134,mutual-funds,0.00461285,285.5249434,Investing,keep
2891,134,hedge-funds,0.003338379,276.2032898,Investing,keep
2892,134,mutual-fund,0.003219184,389.0306801,Investing,keep
2893,134,portfolios,0.002311468,89.2480436,Investing,keep
2894,134,hedge-fund,0.00213726,63.29721939,Investing,keep
2895,134,pension-funds,0.001898869,72.86239614,Investing,keep
2896,134,asset-management,0.001871363,90.06011273,Investing,keep
2897,134,etf,0.001761337,510.9566173,Investing,keep
2898,134,etfs,0.001678817,487.0179939,Investing,keep
2899,134,morningstar,0.001642142,112.4920152,Investing,keep
2900,134,blackrock,0.001587128,329.867447,Investing,keep
2901,134,emerging-markets,0.001302894,75.38266033,Investing,drop
2902,134,money-managers,0.001266219,121.5630703,Investing,keep
2903,134,pension-fund,0.001266219,33.15746895,Investing,keep
2904,134,fund-managers,0.001238712,329.8849394,Investing,keep
2905,134,exchange-traded,0.001202037,373.807179,Investing,keep
2906,134,reits,0.001147023,242.9344494,Investing,keep
2907,134,bond-funds,0.00101866,271.2821374,Investing,keep
2908,134,portfolio-manager,0.00101866,85.15188958,Investing,keep
2909,134,capital-management,0.000991153,34.96797411,Investing,keep
2910,134,valuations,0.000991153,43.03748939,Investing,keep
2911,134,individual-investors,0.00085362,109.1631941,Investing,keep
2912,134,emerging-market,0.000807776,172.002329,Investing,drop
2913,134,junk-bonds,0.000798607,45.86145786,Investing,drop
2914,134,outflows,0.000688581,82.96817155,Investing,drop
2915,134,fixed-income,0.000661074,42.20235937,Investing,drop
2916,134,reit,0.00061523,124.9525551,Investing,keep
2917,134,fidelity-investments,0.000569386,32.58548174,Investing,keep
2918,134,redemptions,0.000551048,165.0021503,Investing,keep
2919,134,bull-market,0.000541879,35.98567111,Investing,drop
2920,134,money-management,0.000477697,45.89132321,Investing,keep
2921,134,msci,0.000395178,105.2408652,Investing,keep
2922,137,mexico,0.01843464,35.61423016,Latin_America,keep
2923,137,mexican,0.009801797,223.3311541,Latin_America,keep
2924,137,cuba,0.008857,333.915644,Latin_America,keep
2925,137,simpson,0.007078561,83.96143256,Latin_America,drop
2926,137,cuban,0.006096714,142.6594255,Latin_America,keep
2927,137,venezuela,0.005559477,303.128066,Latin_America,keep
2928,137,garcia,0.004855511,146.8282892,Latin_America,keep
2929,137,argentina,0.004836986,183.7573235,Latin_America,keep
2930,137,castro,0.004614681,198.5123305,Latin_America,keep
2931,137,gonzalez,0.004447952,152.3132329,Latin_America,keep
2932,137,colombia,0.004429427,226.0553947,Latin_America,keep
2933,137,costa,0.004262698,123.5766908,Latin_America,keep
2934,137,hernandez,0.004207122,196.4076848,Latin_America,drop
2935,137,spain,0.004207122,59.24258428,Latin_America,drop
2936,137,puerto-rico,0.004040393,69.4137327,Latin_America,keep
2937,137,lopez,0.003669885,48.78593565,Latin_America,drop
2938,137,chavez,0.003521681,95.24885501,Latin_America,keep
2939,137,latin-america,0.003206749,150.4118483,Latin_America,keep
2940,137,jose,0.003114122,36.76866322,Latin_America,drop
2941,137,latin-american,0.002947393,92.53603767,Latin_America,keep
2942,137,nicaragua,0.002539834,88.12966912,Latin_America,keep
2943,137,colombian,0.002521309,242.0740364,Latin_America,keep
2944,137,venezuelan,0.002336055,143.9058104,Latin_America,keep
2945,137,miguel,0.002299004,65.96306065,Latin_America,drop
2946,137,rica,0.002243428,187.7818468,Latin_America,drop
2947,137,argentine,0.002206377,65.44771918,Latin_America,keep
2948,137,gomez,0.00211375,140.5219849,Latin_America,drop
2949,137,havana,0.002095224,494.9029904,Latin_America,keep
2950,137,alvarez,0.002058174,65.73023721,Latin_America,drop
2951,137,panama,0.002002597,54.78476692,Latin_America,keep
2952,137,dominican-republic,0.001928496,78.83372087,Latin_America,keep
2953,137,morales,0.001854394,42.60834921,Latin_America,drop
2954,137,peru,0.001835869,82.64479246,Latin_America,keep
2955,137,el-salvador,0.001798818,52.10067279,Latin_America,keep
2956,137,manuel,0.001780292,44.23517609,Latin_America,drop
2957,137,sanchez,0.001761767,62.14291044,Latin_America,drop
2958,137,puerto-rican,0.001743241,89.60040404,Latin_America,keep
2959,137,cubans,0.001706191,403.0111884,Latin_America,keep
2960,137,ecuador,0.001687665,68.73633956,Latin_America,keep
2961,137,ramos,0.001687665,49.83044718,Latin_America,drop
2962,137,buenos,0.001613564,136.7000669,Latin_America,keep
2963,137,guatemala,0.001539462,90.86497299,Latin_America,keep
2964,137,noriega,0.001520936,441.2175209,Latin_America,drop
2965,137,hugo,0.001502411,38.04107124,Latin_America,drop
2966,137,aires,0.00146536,112.6587479,Latin_America,drop
2967,137,jorge,0.001428309,44.65282248,Latin_America,drop
2968,137,maduro,0.001409784,408.9726351,Latin_America,drop
2969,137,santiago,0.001354208,49.41818002,Latin_America,keep
2970,137,padilla,0.001261581,76.77213702,Latin_America,drop
2971,137,pedro,0.001243055,39.35285831,Latin_America,drop
2972,138,democrats,0.026345126,226.3643603,Party,keep
2973,138,republicans,0.020574964,190.240334,Party,keep
2974,138,gop,0.007547344,351.7437239,Party,keep
2975,138,democrat,0.006624669,52.26670114,Party,keep
2976,138,democratic-party,0.00321628,52.07571399,Party,keep
2977,138,republican-party,0.002823799,171.0146764,Party,keep
2978,138,incumbent,0.002713629,61.71762951,Party,keep
2979,138,reelection,0.001804725,40.59874779,Party,keep
2980,138,re-election,0.001790954,77.81205366,Party,keep
2981,138,incumbents,0.001391587,137.3146467,Party,keep
2982,138,gubernatorial,0.001205675,78.59672206,Party,drop
2983,138,electorate,0.001178132,57.78164698,Party,keep
2984,138,redistricting,0.000826965,173.9639072,Party,drop
2985,138,democratic-candidates,0.000737451,48.23232333,Party,keep
2986,138,pollster,0.000703023,53.92948536,Party,drop
2987,138,centrist,0.000675481,35.81446531,Party,drop
2988,138,senate-seat,0.000634167,140.3221699,Party,keep
2989,138,democratic-nominee,0.000627281,49.50467063,Party,keep
2990,138,republican-candidates,0.000620396,55.6025729,Party,keep
2991,138,republican-primary,0.000599739,141.6614443,Party,keep
2992,138,lieutenant-governor,0.000551539,31.69041853,Party,drop
2993,138,democratic-candidate,0.000537768,30.74605769,Party,keep
2994,138,midterms,0.000317428,67.93104117,Party,keep
2995,138,gerrymandering,0.000255457,60.34029374,Party,drop
3035,141,drug,0.040135114,360.1457804,Substance Abuse,keep
3036,141,marijuana,0.010309434,513.4304896,Substance Abuse,keep
3037,141,cocaine,0.009817698,488.6896168,Substance Abuse,keep
3038,141,alcohol,0.009742047,162.0405132,Substance Abuse,keep
3039,141,addiction,0.006470111,201.504851,Substance Abuse,keep
3040,141,heroin,0.005902723,1270.633732,Substance Abuse,keep
3041,141,steroids,0.002933394,181.4506506,Substance Abuse,keep
3042,141,cannabis,0.002857743,675.013825,Substance Abuse,keep
3043,141,opioid,0.002706439,338.884035,Substance Abuse,keep
3044,141,drunk,0.00251731,34.45410058,Substance Abuse,drop
3045,141,addicts,0.002498397,213.2267616,Substance Abuse,keep
3046,141,overdose,0.002214703,120.491216,Substance Abuse,keep
3047,141,narcotics,0.002120139,106.3060238,Substance Abuse,keep
3048,141,drug-abuse,0.002082313,95.43365874,Substance Abuse,keep
3049,141,pills,0.001874271,53.79523091,Substance Abuse,drop
3050,141,illicit,0.001779706,42.53132187,Substance Abuse,drop
3051,141,fentanyl,0.001760793,415.9085844,Substance Abuse,keep
3052,141,cbd,0.001704054,453.8115979,Substance Abuse,keep
3053,141,traffickers,0.001590577,121.3283945,Substance Abuse,drop
3054,141,steroid,0.001533838,339.3924751,Substance Abuse,keep
3055,141,addict,0.001477099,75.94292763,Substance Abuse,keep
3056,141,alcoholism,0.001439273,48.78588666,Substance Abuse,keep
3057,141,substances,0.001420361,61.84555053,Substance Abuse,keep
3058,141,opioids,0.001401448,406.5542743,Substance Abuse,keep
3059,141,substance-abuse,0.001363622,56.85313439,Substance Abuse,keep
3060,141,painkillers,0.001250144,262.7038392,Substance Abuse,keep
3061,141,alcoholics,0.00115558,189.673605,Substance Abuse,keep
3062,141,needles,0.001136667,41.70270298,Substance Abuse,drop
3063,141,rehab,0.001136667,66.53395755,Substance Abuse,keep
3064,141,trafficking,0.001136667,32.54567024,Substance Abuse,keep
3065,141,purdue,0.001098841,31.07176629,Substance Abuse,drop
3066,141,thc,0.001079928,97.92865467,Substance Abuse,keep
3067,141,methadone,0.000985363,232.7479833,Substance Abuse,keep
3068,141,sobriety,0.000985363,60.6481813,Substance Abuse,keep
3069,141,overdoses,0.000928625,205.4768252,Substance Abuse,keep
3070,141,legalization,0.000909712,49.82533102,Substance Abuse,drop
3071,141,clemens,0.000852973,37.42460703,Substance Abuse,drop
3072,141,testosterone,0.000777321,39.0646936,Substance Abuse,drop
3073,141,performance-enhancing,0.000720582,154.1488301,Substance Abuse,drop
3074,141,drug-related,0.000682757,143.002827,Substance Abuse,keep
3075,141,cartels,0.000569279,48.5655057,Substance Abuse,drop
3076,141,canseco,0.000550366,164.797941,Substance Abuse,drop
3094,145,rebounds,0.006907012,473.4172017,Basketball,keep
3095,145,scored-points,0.005981925,1412.962117,Basketball,keep
3096,145,second-half,0.00528582,36.17422598,Basketball,keep
3097,145,foul,0.002904407,37.21991353,Basketball,keep
3098,145,assists,0.002821974,47.33122052,Basketball,keep
3099,145,free-throws,0.002785337,834.0226465,Basketball,keep
3100,145,cavaliers,0.002409806,569.2089006,Basketball,keep
3101,145,halftime,0.002354851,163.2140765,Basketball,drop
3102,145,turnovers,0.002006798,423.7174919,Basketball,drop
3103,145,three-point,0.001887727,417.6975977,Basketball,keep
3104,145,seconds-left,0.001869409,413.6442488,Basketball,drop
3105,145,layup,0.00186025,557.0207152,Basketball,keep
3106,145,three-pointer,0.00172286,515.8818145,Basketball,keep
3107,145,free-throw,0.001567153,454.6246334,Basketball,keep
3108,145,hoyas,0.001466401,313.3577381,Basketball,drop
3109,145,steals,0.001402286,68.51876609,Basketball,keep
3110,145,jumper,0.001383967,70.33350432,Basketball,keep
3111,145,per-game,0.001283215,283.9370861,Basketball,drop
3112,145,three-pointers,0.001264896,336.8581889,Basketball,keep
3113,145,game-high,0.000861888,203.5825068,Basketball,keep
3114,145,fouled,0.000825251,62.45721801,Basketball,keep
3115,145,fouls,0.000825251,68.69002974,Basketball,keep
3116,145,3-pointer,0.000816092,244.36507,Basketball,keep
3117,145,buzzer,0.000788614,186.2747485,Basketball,drop
3118,145,double-figures,0.000770295,239.5450677,Basketball,keep
3119,145,outscored,0.000770295,164.8883766,Basketball,keep
3120,145,3-point,0.00071534,190.5041604,Basketball,keep
3121,145,career-high-points,0.00070618,211.4539495,Basketball,keep
3122,145,colonials,0.000697021,154.2299233,Basketball,drop
3123,145,gw,0.000687862,42.23751633,Basketball,drop
3124,145,points-rebounds,0.000642065,192.2557958,Basketball,drop
3125,145,season-high,0.000632906,149.4957622,Basketball,keep
3126,145,timeout,0.000605428,30.83229306,Basketball,keep
3127,145,3-pointers,0.000577951,173.0576422,Basketball,keep
3128,145,seconds-remaining,0.000522995,115.7231093,Basketball,drop
3129,145,blocked-shots,0.000504676,134.4017828,Basketball,keep
3130,145,minutes-seconds-left,0.000495517,143.7474732,Basketball,drop
3131,145,averaging-points,0.000477198,105.5897372,Basketball,keep
3132,145,toliver,0.000468039,135.776264,Basketball,drop
3133,145,scorers,0.00045888,97.18870865,Basketball,keep
3134,145,team-high,0.000449721,36.10950495,Basketball,keep
3135,145,wolfpack,0.000376446,83.29631861,Basketball,drop
3136,145,yellow-jackets,0.000348969,92.93480809,Basketball,drop
3137,145,five-game,0.000284854,61.04296834,Basketball,drop
3139,147,jefferson,0.005983824,53.57150738,Confederate,drop
3140,147,statue,0.005967956,226.3407292,Confederate,drop
3141,147,monument,0.005634728,157.0859306,Confederate,keep
3142,147,stones,0.002143767,36.55627873,Confederate,drop
3143,147,confederate,0.001921615,127.0796529,Confederate,keep
3144,147,slaves,0.001747067,76.48246979,Confederate,keep
3145,147,monuments,0.001588387,75.08083309,Confederate,keep
3146,147,statues,0.001302763,58.09579698,Confederate,drop
3147,147,granite,0.001286895,31.00387203,Confederate,drop
3148,147,amusement,0.001207555,32.40396072,Confederate,drop
3149,147,lyon,0.001191687,51.46495997,Confederate,drop
3150,147,memorials,0.001001271,56.77017655,Confederate,drop
3151,147,gettysburg,0.000985403,56.18091484,Confederate,keep
3152,147,monticello,0.000985403,49.2761552,Confederate,drop
3153,147,historic-preservation,0.000937799,43.85639546,Confederate,drop
3154,147,preservationists,0.000652175,62.51146134,Confederate,drop
3155,147,confederacy,0.000636307,38.70996101,Confederate,keep
3156,147,lincoln-memorial,0.000445891,30.3840535,Confederate,drop
3157,149,bankruptcy,0.021093729,540.0973551,Bankruptcy,keep
3158,149,creditors,0.011449492,654.2875214,Bankruptcy,drop
3159,149,bankruptcy-court,0.005897978,1393.133317,Bankruptcy,keep
3160,149,default,0.005249626,46.33994373,Bankruptcy,drop
3161,149,debts,0.004540491,111.4001942,Bankruptcy,drop
3162,149,bondholders,0.003892139,392.0935978,Bankruptcy,drop
3163,149,owed,0.003851617,47.5876684,Bankruptcy,drop
3164,149,liabilities,0.003547701,119.2955127,Bankruptcy,drop
3165,149,reorganization,0.002798044,65.41796935,Bankruptcy,keep
3166,149,bankruptcy-protection,0.002473868,124.3189792,Bankruptcy,keep
3167,149,creditor,0.002413085,163.5715565,Bankruptcy,drop
3168,149,restructure,0.002271258,51.29734394,Bankruptcy,drop
3169,149,unsecured,0.002088909,89.36739383,Bankruptcy,drop
3170,149,liquidation,0.001805255,84.4459727,Bankruptcy,drop
3171,149,repay,0.00170395,33.92549051,Bankruptcy,drop
3172,149,bankruptcy-code,0.001683689,523.5906707,Bankruptcy,keep
3173,149,robins,0.001582384,68.61616692,Bankruptcy,drop
3174,149,reorganization-plan,0.001521601,336.6848398,Bankruptcy,keep
3175,149,manville,0.001318991,275.1818628,Bankruptcy,drop
3176,149,bankruptcies,0.00129873,74.82898337,Bankruptcy,keep
3177,149,interest-payments,0.001237947,53.03969266,Bankruptcy,drop
3178,149,bankruptcy-filing,0.001217686,82.16061076,Bankruptcy,keep
3179,149,bankruptcy-law,0.001177164,92.11910652,Bankruptcy,keep
3180,149,drexel,0.001156903,33.04414506,Bankruptcy,drop
3181,149,southland,0.001156903,65.33264265,Bankruptcy,drop
3182,149,debtors,0.001015076,121.6574142,Bankruptcy,keep
3183,149,revco,0.000994815,288.5918653,Bankruptcy,drop
3184,149,tepper,0.000994815,65.16790506,Bankruptcy,drop
3185,149,debtor,0.000934032,121.313607,Bankruptcy,keep
3186,149,bankruptcy-proceedings,0.000832727,61.26959442,Bankruptcy,keep
3187,149,defaulted,0.000812466,35.97095917,Bankruptcy,keep
3188,149,leveraged,0.000812466,30.94233878,Bankruptcy,drop
3189,149,mf,0.000751683,38.48211832,Bankruptcy,drop
3190,149,debt-load,0.000711161,49.06018518,Bankruptcy,drop
3191,149,involuntary,0.000569334,31.97397561,Bankruptcy,keep
3192,149,usg,0.000549073,121.4934642,Bankruptcy,drop
3193,149,liens,0.00048829,32.70770889,Bankruptcy,drop
3194,149,deferral,0.000407246,85.59290306,Bankruptcy,drop
3195,150,soviet,0.020971083,1072.880576,NuclearArms,keep
3196,150,nuclear,0.019587955,626.4875481,NuclearArms,keep
3197,150,soviet-union,0.010303509,243.7215727,NuclearArms,keep
3198,150,missiles,0.007600845,375.4373749,NuclearArms,keep
3199,150,missile,0.007521355,342.4050625,NuclearArms,drop
3200,150,soviets,0.006011043,1330.063936,NuclearArms,keep
3201,150,nuclear-weapons,0.005820266,795.0347841,NuclearArms,keep
3202,150,treaty,0.00547051,138.3216293,NuclearArms,keep
3203,150,arms-control,0.003817115,844.6134649,NuclearArms,keep
3204,150,gorbachev,0.003006316,800.6206999,NuclearArms,drop
3205,150,geneva,0.002624764,32.30946032,NuclearArms,keep
3206,150,cold-war,0.002052435,41.55923445,NuclearArms,keep
3207,150,mx,0.001925251,408.9496145,NuclearArms,drop
3208,150,arsenal,0.001782168,42.88683797,NuclearArms,keep
3209,150,chemical-weapons,0.001782168,103.6193178,NuclearArms,drop
3210,150,warheads,0.001559596,452.4325231,NuclearArms,keep
3211,150,disarmament,0.001432412,114.0400476,NuclearArms,keep
3212,150,missile-defense,0.001384718,185.8237963,NuclearArms,keep
3213,150,atomic,0.001337024,49.77626928,NuclearArms,keep
3214,150,perle,0.001305228,347.5989395,NuclearArms,drop
3215,150,sdi,0.001082655,336.6822369,NuclearArms,keep
3216,150,brezhnev,0.000987267,307.0186037,NuclearArms,drop
3217,150,khrushchev,0.000860083,203.1561408,NuclearArms,drop
3218,150,ballistic-missile,0.000796491,56.80221357,NuclearArms,keep
3219,150,mikhail-gorbachev,0.000796491,48.23211868,NuclearArms,keep
3220,150,u.s.s.r,0.000764695,180.6249607,NuclearArms,keep
3221,150,deterrence,0.000732899,34.9976114,NuclearArms,keep
3222,150,kgb,0.000732899,99.69338292,NuclearArms,drop
3223,150,ballistic-missiles,0.000685205,148.262189,NuclearArms,keep
3224,150,cruise-missiles,0.000637511,184.9392882,NuclearArms,keep
3225,150,nonproliferation,0.000589817,130.5087861,NuclearArms,keep
3226,150,trident,0.000589817,123.1975703,NuclearArms,keep
3227,150,weaponry,0.000589817,36.69561601,NuclearArms,drop
3228,150,aegis,0.000573919,33.8748902,NuclearArms,drop
3229,150,atomic-bomb,0.000558021,31.70754366,NuclearArms,keep
3239,152,golf,0.017257942,184.8805122,Golf,keep
3240,152,hole,0.00922316,65.27439581,Golf,keep
3241,152,holes,0.006192075,37.42351212,Golf,keep
3242,152,tee,0.003112877,212.2502778,Golf,keep
3243,152,golfers,0.002840239,756.392274,Golf,keep
3244,152,pga-tour,0.002840239,850.4623196,Golf,keep
3245,152,greens,0.002824202,47.99933264,Golf,keep
3246,152,putt,0.002631752,818.4175062,Golf,keep
3247,152,golf-course,0.002487415,46.31984878,Golf,keep
3248,152,golf-club,0.00245534,108.9398602,Golf,keep
3249,152,birdie,0.002407227,501.8669676,Golf,keep
3250,152,strokes,0.00213459,77.21039011,Golf,keep
3251,152,tiger-woods,0.002038365,194.2826638,Golf,keep
3252,152,birdies,0.001894027,589.0012643,Golf,keep
3253,152,bogey,0.001781765,554.0900971,Golf,keep
3254,152,golfer,0.001701578,90.68048419,Golf,keep
3255,152,mickelson,0.001701578,401.9215666,Golf,drop
3256,152,spieth,0.001669503,519.1789299,Golf,drop
3257,152,pga,0.001637428,490.3004112,Golf,keep
3258,152,final-round,0.001573278,89.69626359,Golf,keep
3259,152,mcilroy,0.001525165,474.2931434,Golf,drop
3260,152,fairway,0.00149309,152.6589452,Golf,keep
3261,152,augusta,0.001461015,74.69715884,Golf,drop
3262,152,nicklaus,0.00142894,380.5451814,Golf,drop
3263,152,ryder-cup,0.00117234,340.0912227,Golf,keep
3264,152,putts,0.001076116,322.224854,Golf,keep
3265,152,kemper,0.001028003,51.60992244,Golf,drop
3266,152,els,0.000963853,227.6671645,Golf,drop
3267,152,birdied,0.000931778,289.762688,Golf,keep
3268,152,sorenstam,0.000883666,274.8007592,Golf,drop
3269,152,kuchar,0.000851591,264.82614,Golf,keep
3270,152,mediate,0.000771403,35.26027475,Golf,drop
3271,152,liv,0.000755366,167.1398412,Golf,drop
3272,152,kite,0.000627066,46.20150511,Golf,drop
3273,153,stores,0.046368604,301.1289034,Retail,keep
3274,153,store,0.036409814,43.20107063,Retail,keep
3275,153,retailers,0.019427276,936.9058294,Retail,keep
3276,153,retail,0.01895224,36.04386111,Retail,keep
3277,153,retailer,0.011911528,143.8710227,Retail,keep
3278,153,shoppers,0.009536348,189.4619591,Retail,drop
3279,153,sears,0.008603241,224.5343085,Retail,keep
3280,153,wal-mart,0.007161168,584.505065,Retail,keep
3281,153,merchandise,0.006007509,213.6996923,Retail,keep
3282,153,chains,0.004785988,62.6873986,Retail,keep
3283,153,macy,0.004599367,157.5751797,Retail,keep
3284,153,department-stores,0.004429711,315.2112947,Retail,keep
3285,153,apparel,0.004158262,66.59478505,Retail,keep
3286,153,same-store,0.003293017,437.6340582,Retail,keep
3287,153,grocery,0.003191224,42.34869608,Retail,drop
3288,153,retailing,0.002987637,145.8829518,Retail,keep
3289,153,kmart,0.002902809,184.590188,Retail,keep
3290,153,walmart,0.002851913,117.9487471,Retail,keep
3291,153,nordstrom,0.002495636,187.9028732,Retail,keep
3292,153,wal-mart-stores,0.002139359,205.6598836,Retail,keep
3293,153,federated,0.0020206,428.030659,Retail,drop
3294,153,home-depot,0.002003634,34.24066274,Retail,keep
3295,153,costco,0.001867909,113.2769073,Retail,keep
3296,153,safeway,0.001850944,92.78319607,Retail,drop
3297,153,catalog,0.001833978,36.80921519,Retail,keep
3298,153,saks,0.001833978,74.81594148,Retail,drop
3299,153,supermarkets,0.001833978,45.70702664,Retail,drop
3300,153,merchandising,0.00174915,77.42305524,Retail,keep
3301,153,malls,0.001630391,63.36743002,Retail,keep
3302,153,rite-aid,0.001562529,369.0775929,Retail,drop
3303,153,groceries,0.001545564,30.4081745,Retail,drop
3304,153,kohl,0.001528598,66.92767263,Retail,keep
3305,153,lowe,0.001494667,30.12458147,Retail,keep
3306,153,kroger,0.001358942,78.17198262,Retail,keep
3307,153,neiman-marcus,0.001274114,140.2654259,Retail,drop
3308,153,roebuck,0.001189287,68.27159531,Retail,keep
3309,153,mart,0.00113839,83.19964425,Retail,keep
3310,153,drugstore,0.001053562,38.70413739,Retail,drop
3311,153,hawley,0.001036596,31.44140644,Retail,drop
3312,153,j.c-penney,0.000951769,203.6941951,Retail,keep
3313,153,mail-order,0.000883906,39.76022047,Retail,drop
3314,153,in-store,0.000866941,183.2249837,Retail,keep
3315,153,zale,0.000849975,65.34659258,Retail,keep
3316,153,supermarket-chain,0.00083301,45.76775348,Retail,keep
3317,153,checkout,0.000816044,42.58081096,Retail,keep
3318,153,bloomingdale,0.000765147,39.58333832,Retail,drop
3319,153,department-store,0.000765147,47.42667743,Retail,keep
3320,153,k-mart,0.000748182,71.03349861,Retail,keep
3321,153,lampert,0.000748182,157.0540806,Retail,drop
3322,153,penney,0.000748182,57.02496791,Retail,keep
3339,157,wright,0.015731352,202.2640599,Horseback,drop
3340,157,horse,0.013472679,215.6921286,Horseback,keep
3341,157,ride,0.011559929,38.74126419,Horseback,keep
3342,157,bike,0.007388506,186.9746422,Horseback,drop
3343,157,horses,0.007307112,253.4263289,Horseback,keep
3344,157,bull,0.005577498,93.20568404,Horseback,drop
3345,157,goldberg,0.004600774,120.0392163,Horseback,drop
3346,157,bicycle,0.003176386,65.14521565,Horseback,drop
3347,157,motorcycle,0.002830463,103.1666431,Horseback,drop
3348,157,helmet,0.002688024,64.68502642,Horseback,drop
3349,157,roller,0.002606631,70.74353929,Horseback,drop
3350,157,mccabe,0.002321753,42.96542852,Horseback,drop
3351,157,bikes,0.002118269,57.52836812,Horseback,drop
3352,157,cycling,0.002036875,111.044617,Horseback,drop
3353,157,cowboy,0.001772346,33.37952038,Horseback,drop
3354,157,rode,0.001731649,31.40914182,Horseback,keep
3355,157,rider,0.001690952,36.91075084,Horseback,keep
3356,157,courier,0.001528165,97.84086848,Horseback,drop
3357,157,coaster,0.001426423,81.44378319,Horseback,drop
3358,157,motorcycles,0.001385726,63.43063772,Horseback,drop
3359,157,wilcox,0.001263636,30.39859783,Horseback,drop
3360,157,rodeo,0.001202591,57.19643555,Horseback,keep
3361,157,cyclists,0.001182242,120.7710313,Horseback,drop
3362,157,helmets,0.001100849,51.15966976,Horseback,drop
3363,157,bicycles,0.000877016,42.99990401,Horseback,drop
3364,157,cyclist,0.000856668,70.06095821,Horseback,drop
3365,157,kelleher,0.000754926,167.0425038,Horseback,drop
3366,157,salter,0.000632835,30.95363509,Horseback,drop
3367,157,horseback,0.000490397,34.30819658,Horseback,keep
3403,162,steel,0.026093917,133.6912161,Trade,keep
3404,162,imports,0.011881784,100.2971781,Trade,keep
3405,162,tariffs,0.009817716,2078.033347,Trade,keep
3406,162,exports,0.008777804,56.29128083,Trade,keep
3407,162,export,0.004759961,132.9429063,Trade,keep
3408,162,import,0.004192737,52.32864702,Trade,drop
3409,162,aluminum,0.003846099,30.54824807,Trade,keep
3410,162,imported,0.003467949,33.14802992,Trade,drop
3411,162,tariff,0.002632868,582.575027,Trade,keep
3412,162,trade-deficit,0.002254719,215.3996175,Trade,drop
3413,162,quotas,0.001860812,111.6347449,Trade,keep
3414,162,trade-representative,0.001482663,145.5608427,Trade,drop
3415,162,machine-tool,0.001403881,90.2269876,Trade,drop
3416,162,nafta,0.001262075,102.1670433,Trade,keep
3417,162,million-tons,0.001246319,79.49065231,Trade,drop
3418,162,textile,0.001230563,32.07090447,Trade,drop
3419,162,steelmaker,0.001214806,82.8895361,Trade,keep
3420,162,bethlehem,0.00119905,53.74558544,Trade,drop
3421,162,lighthizer,0.001183294,354.3176514,Trade,drop
3422,162,exporters,0.001167538,64.25312282,Trade,keep
3423,162,steelmakers,0.001167538,363.0787851,Trade,keep
3424,162,supply-chains,0.001151781,65.33384399,Trade,drop
3425,162,maytag,0.001104513,125.1402282,Trade,drop
3426,162,ltv,0.001041488,141.3674148,Trade,drop
3427,162,free-trade,0.001025732,61.09909217,Trade,drop
3428,162,whirlpool,0.001025732,68.68915269,Trade,drop
3429,162,raw-materials,0.001009975,31.96371684,Trade,keep
3430,162,exporting,0.000994219,56.53015672,Trade,keep
3431,162,protectionism,0.000978463,216.5045433,Trade,keep
3432,162,protectionist,0.000978463,231.1180491,Trade,keep
3433,162,gatt,0.000931194,219.9529259,Trade,keep
3434,162,ec,0.000868169,39.31138034,Trade,drop
3435,162,wto,0.000868169,114.2479281,Trade,keep
3436,162,armco,0.0008209,238.1398666,Trade,drop
3437,162,alcoa,0.000663338,140.0952816,Trade,keep
3438,162,exporter,0.000521532,33.21067546,Trade,drop
3491,165,insurance,0.042594458,119.483877,Healthcare,keep
3492,165,coverage,0.017495402,58.48665479,Healthcare,keep
3493,165,medicare,0.017389777,880.189422,Healthcare,keep
3494,165,insurers,0.011474797,617.2324192,Healthcare,keep
3495,165,health-insurance,0.008477698,230.4716746,Healthcare,keep
3496,165,medicaid,0.007949575,154.7353699,Healthcare,keep
3497,165,premiums,0.005810676,220.0983958,Healthcare,keep
3498,165,insurer,0.004595992,170.1054249,Healthcare,keep
3499,165,insurance-companies,0.004305525,65.8204688,Healthcare,keep
3500,165,aetna,0.002549515,214.0035615,Healthcare,keep
3501,165,uninsured,0.00244389,168.9373117,Healthcare,keep
3502,165,enrollment,0.00227225,99.36521772,Healthcare,drop
3503,165,affordable-care-act,0.002206235,99.18284473,Healthcare,drop
3504,165,obamacare,0.001915767,108.9376413,Healthcare,drop
3505,165,retirees,0.001770533,43.56791837,Healthcare,drop
3506,165,insured,0.00175733,85.44558628,Healthcare,keep
3507,165,reinsurance,0.00175733,388.8445606,Healthcare,keep
3508,165,aca,0.001638502,387.0228465,Healthcare,drop
3509,165,casualty,0.001480065,30.07396757,Healthcare,drop
3510,165,blue-cross,0.001361238,149.5619106,Healthcare,keep
3511,165,cigna,0.001123582,90.42425233,Healthcare,keep
3512,165,policyholders,0.001123582,325.9466346,Healthcare,keep
3513,165,unitedhealth,0.001083973,226.5315578,Healthcare,keep
3514,165,out-of-pocket,0.00107077,67.32770425,Healthcare,keep
3515,165,blue-shield,0.000991551,112.3418109,Healthcare,keep
3516,165,hmos,0.000991551,296.9035205,Healthcare,keep
3517,165,deductibles,0.000912333,264.6640711,Healthcare,keep
3518,165,long-term-care,0.00089913,47.93505553,Healthcare,keep
3519,165,metlife,0.000885927,72.74767849,Healthcare,drop
3520,165,wellpoint,0.000833114,221.8690772,Healthcare,drop
3521,165,insurance-coverage,0.000806708,84.04994681,Healthcare,keep
3522,165,health-care-costs,0.000793505,46.61453491,Healthcare,keep
3523,165,managed-care,0.000714287,168.7182595,Healthcare,keep
3524,165,single-payer,0.000701084,186.7075753,Healthcare,keep
3525,165,hmo,0.000674677,149.2859282,Healthcare,keep
3526,165,geico,0.000661474,49.48508805,Healthcare,drop
3527,165,insurance-premiums,0.000648271,136.5124564,Healthcare,keep
3528,165,healthcare.gov,0.000635068,190.160577,Healthcare,drop
3529,165,humana,0.000621865,133.082075,Healthcare,keep
3530,165,life-insurance,0.000503037,48.34998231,Healthcare,drop
3531,165,marketplaces,0.000476631,31.78194159,Healthcare,drop
3532,165,reimbursements,0.000423819,32.37599927,Healthcare,keep
3557,169,plastic,0.007946368,48.78030769,Household,keep
3558,169,carpet,0.001901157,43.30157676,Household,keep
3559,169,cardboard,0.001308973,44.12012989,Household,keep
3560,169,blade,0.001259625,33.63231237,Household,drop
3561,169,towels,0.001222613,60.16953505,Household,keep
3562,169,fibers,0.000938858,43.79718902,Household,keep
3563,169,stain,0.000803149,37.73238096,Household,keep
3564,169,dryer,0.000790812,38.45608404,Household,keep
3565,169,cleaners,0.000692115,32.03241933,Household,keep
3566,169,gel,0.000667441,36.09769705,Household,keep
3567,169,stains,0.000618092,42.28778206,Household,keep
3568,169,mower,0.000531732,117.656341,Household,drop
3569,169,lice,0.000519395,38.0269463,Household,drop
3570,169,cookware,0.000457709,31.23578607,Household,drop
3571,169,polyester,0.000457709,94.76432328,Household,keep
3572,169,acrylic,0.000284989,60.40624984,Household,keep
3573,170,wine,0.038921647,1485.736936,Wine_industry,keep
3574,170,beer,0.015478394,132.7331351,Wine_industry,keep
3575,170,wines,0.015405305,878.2917064,Wine_industry,keep
3576,170,bottle,0.00868113,98.4480559,Wine_industry,keep
3577,170,drink,0.005940297,31.16453074,Wine_industry,keep
3578,170,bottles,0.005026687,49.95244034,Wine_industry,keep
3579,170,liquor,0.004368887,71.43610131,Wine_industry,keep
3580,170,winery,0.004259254,904.2443358,Wine_industry,keep
3581,170,grapes,0.003930354,199.3564209,Wine_industry,keep
3582,170,tasting,0.003473548,211.9071419,Wine_industry,keep
3583,170,grape,0.003217737,170.9725479,Wine_industry,keep
3584,170,spirits,0.003217737,44.17081184,Wine_industry,keep
3585,170,vineyard,0.003217737,651.9342198,Wine_industry,keep
3586,170,vineyards,0.003199465,315.6143724,Wine_industry,keep
3587,170,champagne,0.002633026,43.88904804,Wine_industry,keep
3588,170,chardonnay,0.002505121,750.1166553,Wine_industry,keep
3589,170,brewing,0.002432032,40.08994947,Wine_industry,keep
3590,170,flavors,0.002231038,126.6206708,Wine_industry,keep
3591,170,anheuser-busch,0.00175596,89.72641139,Wine_industry,drop
3592,170,pinot-noir,0.001737688,462.7685946,Wine_industry,keep
3593,170,liquors,0.001701143,234.8278389,Wine_industry,keep
3594,170,coors,0.001664599,94.63722003,Wine_industry,drop
3595,170,beers,0.001646327,72.81630866,Wine_industry,keep
3596,170,chateau,0.001573238,59.93298952,Wine_industry,keep
3597,170,wine-spirits,0.001500149,435.1871286,Wine_industry,keep
3598,170,burgundy,0.001481877,60.95638054,Wine_industry,keep
3599,170,wineries,0.001481877,350.0270591,Wine_industry,keep
3600,170,blanc,0.001463604,54.05357315,Wine_industry,keep
3601,170,merlot,0.001445332,419.2850411,Wine_industry,keep
3602,170,brewery,0.001408788,36.43900711,Wine_industry,keep
3603,170,cork,0.001390516,48.21822386,Wine_industry,keep
3604,170,drinkers,0.001390516,73.4009012,Wine_industry,keep
3605,170,rum,0.001390516,80.15007086,Wine_industry,keep
3606,170,bordeaux,0.001299155,121.7486187,Wine_industry,keep
3607,170,sherry,0.001299155,38.3702606,Wine_industry,keep
3608,170,chianti,0.001152977,345.239686,Wine_industry,keep
3609,170,sonoma,0.001152977,255.119277,Wine_industry,keep
3610,170,sauvignon-blanc,0.001134705,352.8683997,Wine_industry,keep
3611,170,kosher,0.001116432,49.56731699,Wine_industry,drop
3612,170,brewers,0.00109816,259.3911991,Wine_industry,drop
3613,170,pinot,0.00109816,328.8257548,Wine_industry,keep
3614,170,heineken,0.001079888,238.9468981,Wine_industry,drop
3615,170,cabernet,0.001043344,324.4570954,Wine_industry,keep
3616,170,tasted,0.001006799,47.55487367,Wine_industry,keep
3617,170,tequila,0.001006799,110.1184443,Wine_industry,drop
3618,170,acidity,0.000951982,52.42361354,Wine_industry,keep
3619,170,reds,0.000951982,50.44341716,Wine_industry,keep
3620,170,tastings,0.000915438,120.7518236,Wine_industry,keep
3621,170,winemaker,0.000915438,274.1126509,Wine_industry,keep
3622,170,riesling,0.000897166,238.9267928,Wine_industry,keep
3623,170,winemakers,0.000897166,268.6413405,Wine_industry,keep
3624,171,marriage,0.01635793,461.0952842,Marriage,keep
3625,171,wedding,0.012362481,280.5092268,Marriage,keep
3626,171,couples,0.009163,191.2838964,Marriage,keep
3627,171,divorce,0.008928892,252.8613652,Marriage,keep
3628,171,divorced,0.002779646,47.47675205,Marriage,keep
3629,171,weddings,0.002748432,83.16134908,Marriage,keep
3630,171,spouses,0.002389466,52.14998805,Marriage,keep
3631,171,marry,0.002295822,56.53794572,Marriage,keep
3632,171,romance,0.002092929,39.47026544,Marriage,keep
3633,171,marriages,0.001952464,102.1859699,Marriage,keep
3634,171,guggenheim,0.001078459,77.15853817,Marriage,drop
3635,171,marital,0.000984816,41.66241761,Marriage,keep
3636,171,honeymoon,0.000859958,36.36297018,Marriage,keep
3637,171,husbands,0.000859958,41.26495029,Marriage,keep
3638,171,married-couples,0.000688279,55.57638801,Marriage,keep
3639,171,brides,0.000641457,76.84428586,Marriage,keep
3640,171,divorces,0.000594635,58.86547184,Marriage,keep
3641,171,jealousy,0.000563421,32.02141929,Marriage,drop
3642,171,unmarried,0.000563421,43.07050909,Marriage,keep
3643,172,church,0.052480404,131.0979119,Catholicism,keep
3644,172,pope,0.009811059,340.1130974,Catholicism,keep
3645,172,churches,0.009576215,442.6885224,Catholicism,keep
3646,172,catholic,0.009034267,83.04492673,Catholicism,keep
3647,172,rev,0.007733593,156.4683612,Catholicism,keep
3648,172,pastor,0.006758087,246.3637892,Catholicism,keep
3649,172,bishop,0.006432919,102.6481046,Catholicism,keep
3650,172,vatican,0.005836776,1291.50396,Catholicism,keep
3651,172,cardinal,0.003614791,74.1689064,Catholicism,keep
3652,172,holy,0.003596726,35.42096319,Catholicism,keep
3653,172,priest,0.003578661,160.2834377,Catholicism,keep
3654,172,archdiocese,0.003289622,876.0687214,Catholicism,keep
3655,172,bishops,0.003289622,777.0260492,Catholicism,keep
3656,172,priests,0.002946389,184.7176541,Catholicism,keep
3657,172,baptist-church,0.002892194,73.13013268,Catholicism,keep
3658,172,congregation,0.00276574,149.4095361,Catholicism,keep
3659,172,gospel,0.00269348,66.65719297,Catholicism,keep
3660,172,parish,0.002675415,31.55668687,Catholicism,keep
3661,172,benedict,0.002440571,69.79817181,Catholicism,keep
3662,172,archbishop,0.002368311,126.306404,Catholicism,keep
3663,172,catholics,0.002368311,252.521819,Catholicism,keep
3664,172,worship,0.001952818,56.58686942,Catholicism,drop
3665,172,diocese,0.001898623,407.3781999,Catholicism,keep
3666,172,catholic-church,0.001844429,56.76329049,Catholicism,keep
3667,172,clergy,0.001844429,113.8266162,Catholicism,keep
3668,172,paul-ii,0.001790234,396.1251699,Catholicism,keep
3669,172,choir,0.001736039,75.40469932,Catholicism,drop
3670,172,nuns,0.001663779,94.31034481,Catholicism,keep
3671,172,protestant,0.00159152,70.67256802,Catholicism,drop
3672,172,ministers,0.001573455,31.83769015,Catholicism,drop
3673,172,mormon,0.001573455,45.36262631,Catholicism,drop
3674,172,roman-catholic,0.001537325,68.03841751,Catholicism,keep
3675,172,parishioners,0.001374741,140.5138054,Catholicism,keep
3676,172,pope-john,0.001356676,136.7251342,Catholicism,keep
3677,172,pastors,0.001266351,267.6389964,Catholicism,keep
3678,172,pope-francis,0.001194091,264.2166875,Catholicism,keep
3679,172,denomination,0.001139897,245.7814526,Catholicism,drop
3680,172,parishes,0.001031507,274.7035914,Catholicism,keep
3681,172,sermon,0.001013442,41.50224542,Catholicism,drop
3682,172,jesus-christ,0.000977312,203.7534123,Catholicism,keep
3683,172,theology,0.000977312,107.6986001,Catholicism,drop
3684,172,papal,0.000941182,199.4933091,Catholicism,keep
3685,172,sermons,0.000905053,66.80737122,Catholicism,keep
3686,172,congregations,0.000742468,83.93272522,Catholicism,keep
3687,172,theological,0.000724403,48.37656886,Catholicism,keep
3688,172,latter-day,0.000706338,39.46212151,Catholicism,drop
3689,172,communion,0.000688274,32.99882258,Catholicism,keep
3690,172,missionary,0.000670209,35.33525441,Catholicism,drop
3691,172,roman-catholic-church,0.000634079,40.53094291,Catholicism,keep
3692,172,messiah,0.000597949,32.4700928,Catholicism,drop
3693,174,budget,0.040465468,54.92212417,Fiscal,keep
3694,174,cuts,0.012410381,33.39011467,Fiscal,keep
3695,174,fiscal,0.011045047,40.57196604,Fiscal,keep
3696,174,deficit,0.00916392,50.92381363,Fiscal,keep
3697,174,tax-cuts,0.003702584,224.0702941,Fiscal,keep
3698,174,deficits,0.002933951,82.27227297,Fiscal,keep
3699,174,surplus,0.002802475,45.62675992,Fiscal,keep
3700,174,tax-increases,0.002236114,494.7850863,Fiscal,keep
3701,174,spending-cuts,0.002175432,195.6478956,Fiscal,keep
3702,174,budget-deficit,0.001518049,67.01227448,Fiscal,keep
3703,174,budget-cuts,0.001507936,57.13775644,Fiscal,keep
3704,174,debt-ceiling,0.001427027,86.80527695,Fiscal,keep
3705,174,deficit-reduction,0.001427027,301.4598138,Fiscal,keep
3706,174,outlays,0.001285437,41.4357647,Fiscal,keep
3707,174,congressional-budget,0.001275323,72.55450007,Fiscal,keep
3708,174,debt-limit,0.001255096,334.2482058,Fiscal,keep
3709,174,cbo,0.001133733,301.9276702,Fiscal,keep
3710,174,balanced-budget,0.000830325,177.8900016,Fiscal,keep
3711,174,raise-taxes,0.000789871,40.3806282,Fiscal,keep
3712,174,budgetary,0.000668508,34.39917918,Fiscal,keep
3713,174,surpluses,0.000658394,39.14632471,Fiscal,keep
3714,174,raising-taxes,0.00061794,49.97825904,Fiscal,keep
3715,174,unfunded,0.000385328,31.46456337,Fiscal,drop
3717,176,train,0.026829159,107.2140002,Railroad,keep
3718,176,railroad,0.014871939,403.6530707,Railroad,keep
3719,176,rail,0.009236656,346.3279514,Railroad,keep
3720,176,amtrak,0.007721286,1823.808184,Railroad,keep
3721,176,penn,0.006774179,69.90149834,Railroad,keep
3722,176,hudson,0.006490047,37.06398468,Railroad,drop
3723,176,railroads,0.004406413,247.4094271,Railroad,keep
3724,176,freight,0.004359058,244.1152772,Railroad,drop
3725,176,schneider,0.003104141,54.37188872,Railroad,drop
3726,176,csx,0.002962075,699.6577855,Railroad,keep
3727,176,railway,0.002938398,153.1169573,Railroad,keep
3728,176,santa-fe,0.002630588,130.8634517,Railroad,drop
3729,176,union-pacific,0.0025122,593.3948125,Railroad,keep
3730,176,norfolk-southern,0.002157035,477.2873124,Railroad,keep
3731,176,conrail,0.001849225,409.1782558,Railroad,keep
3732,176,burlington-northern,0.001209929,285.7914695,Railroad,keep
3733,176,derailment,0.00109154,257.8275293,Railroad,keep
3734,176,locomotive,0.00099683,58.57113034,Railroad,keep
3735,176,railways,0.000973152,55.15086845,Railroad,keep
3736,176,rf,0.000617987,50.41808703,Railroad,drop
3737,177,brands,0.016759507,86.38512518,Beverage,keep
3738,177,brand,0.014656164,47.99279104,Beverage,keep
3739,177,coke,0.010001224,754.1812974,Beverage,keep
3740,177,patent,0.007897881,213.7108826,Beverage,keep
3741,177,coca-cola,0.00553593,206.4306092,Beverage,keep
3742,177,pepsi,0.003829119,205.6013283,Beverage,keep
3743,177,packaging,0.003380865,62.37112589,Beverage,keep
3744,177,patents,0.003380865,141.3605541,Beverage,keep
3745,177,beverage,0.003346384,44.05512856,Beverage,keep
3746,177,pepsico,0.00251884,93.25057477,Beverage,keep
3747,177,cosmetics,0.002346434,70.2798115,Beverage,drop
3748,177,unilever,0.002139548,665.3528559,Beverage,drop
3749,177,p-g,0.002087827,146.2493267,Beverage,drop
3750,177,mccormick,0.002018865,61.64833716,Beverage,drop
3751,177,whole-foods,0.002018865,90.7594855,Beverage,drop
3752,177,nestle,0.001967143,96.38583176,Beverage,drop
3753,177,heinz,0.0018637,31.69794739,Beverage,drop
3754,177,kraft,0.0018637,36.76276702,Beverage,drop
3755,177,avon,0.001829219,43.49306082,Beverage,drop
3756,177,conagra,0.001605092,427.4566899,Beverage,drop
3757,177,procter,0.001587852,60.06722898,Beverage,drop
3758,177,burger-king,0.001553371,73.56435799,Beverage,drop
3759,177,franchisees,0.001553371,187.520986,Beverage,drop
3760,177,fragrance,0.001122358,63.38783265,Beverage,drop
3761,177,soft-drink,0.001122358,235.865363,Beverage,keep
3762,177,bottling,0.001053396,52.77990543,Beverage,keep
3763,177,kellogg,0.001001674,37.12009929,Beverage,drop
3764,177,estee-lauder,0.000984434,118.0465379,Beverage,drop
3765,177,lauder,0.000967193,257.5759431,Beverage,drop
3766,177,coty,0.000949953,275.5773755,Beverage,drop
3767,177,bottlers,0.000915471,274.1226685,Beverage,keep
3768,177,clorox,0.000898231,198.7516376,Beverage,drop
3769,177,soft-drinks,0.000898231,68.01338168,Beverage,keep
3770,177,pillsbury,0.000829269,48.44906978,Beverage,drop
3771,177,marketer,0.000760307,33.21319628,Beverage,drop
3772,177,detergent,0.000725826,160.6035306,Beverage,drop
3773,177,fragrances,0.000674104,49.37636908,Beverage,drop
3774,177,inventors,0.000674104,35.09682882,Beverage,drop
3775,177,cola,0.000639623,31.56812051,Beverage,keep
3776,177,yum,0.000639623,50.54467248,Beverage,drop
3777,177,toothpaste,0.000605142,39.40867693,Beverage,drop
3778,177,bleach,0.000553421,43.01351115,Beverage,drop
3779,177,shampoo,0.000467218,52.57518944,Beverage,drop
3780,177,spices,0.000415496,32.9624858,Beverage,drop
3804,182,tennis,0.017019045,102.6649089,Tennis,keep
3805,182,tournament,0.008267886,54.38271741,Tennis,keep
3806,182,singles,0.004386775,109.6902795,Tennis,keep
3808,182,wimbledon,0.004013591,1068.871008,Tennis,keep
3811,182,doubles,0.003547112,72.09123018,Tennis,keep
3812,182,chess,0.003453816,104.7347542,Tennis,drop
3813,182,becker,0.003341861,41.28034888,Tennis,drop
3815,182,semifinals,0.002800744,131.4679885,Tennis,keep
3816,182,grand-slam,0.002651471,182.2904378,Tennis,keep
3821,182,quarterfinals,0.002222309,591.829554,Tennis,keep
3823,182,tournaments,0.002017058,66.1668095,Tennis,keep
3825,182,connors,0.00175583,375.9852846,Tennis,keep
3834,182,quarterfinal,0.001214713,268.7796788,Tennis,keep
3835,182,racket,0.001196054,67.72056161,Tennis,keep
3837,182,defending-champion,0.001102758,56.40539877,Tennis,keep
3845,182,backhand,0.000990803,296.6794058,Tennis,keep
3850,182,tiebreaker,0.000916166,68.23714266,Tennis,keep
3851,182,forehand,0.000897507,268.7434919,Tennis,keep
3860,185,prison,0.024934761,688.1182468,CriminalJustice,keep
3861,185,jail,0.010621275,212.1964668,CriminalJustice,keep
3862,185,prisoners,0.008519629,427.7411085,CriminalJustice,keep
3863,185,crimes,0.008312649,48.42095934,CriminalJustice,drop
3864,185,inmates,0.008312649,1963.491245,CriminalJustice,keep
3865,185,rape,0.005860728,185.7196693,CriminalJustice,keep
3866,185,sentence,0.005287551,100.7383212,CriminalJustice,keep
3867,185,punishment,0.00425265,52.57993579,CriminalJustice,keep
3868,185,prisons,0.004204885,196.7210833,CriminalJustice,keep
3869,185,death-penalty,0.003679473,135.1372023,CriminalJustice,keep
3870,185,detention,0.003583944,74.73403381,CriminalJustice,keep
3871,185,execution,0.003552101,36.51767015,CriminalJustice,keep
3872,185,sentences,0.003536179,104.8063347,CriminalJustice,keep
3873,185,inmate,0.003313277,782.6135376,CriminalJustice,keep
3874,185,parole,0.003217748,151.0244012,CriminalJustice,keep
3875,185,prisoner,0.003090376,52.22653731,CriminalJustice,keep
3876,185,offenders,0.003058532,150.7603367,CriminalJustice,keep
3877,185,cell,0.002883395,61.1035044,CriminalJustice,drop
3878,185,guards,0.002740101,33.88874998,CriminalJustice,keep
3879,185,detainees,0.00272418,643.4655276,CriminalJustice,keep
3880,185,torture,0.002644572,65.66419899,CriminalJustice,keep
3881,185,criminal-justice,0.002533121,92.64357618,CriminalJustice,keep
3882,185,sexual-assault,0.002357984,65.06820112,CriminalJustice,keep
3883,185,correctional,0.002294297,106.9775601,CriminalJustice,keep
3884,185,criminals,0.001991788,40.01135772,CriminalJustice,keep
3885,185,offenses,0.001928101,30.19832622,CriminalJustice,keep
3886,185,probation,0.001752964,100.0880048,CriminalJustice,keep
3887,185,detained,0.001545984,33.8383261,CriminalJustice,keep
3888,185,raped,0.001482298,41.72549817,CriminalJustice,keep
3889,185,jails,0.001291239,80.00766226,CriminalJustice,keep
3890,185,imprisoned,0.001243474,31.98663016,CriminalJustice,keep
3891,185,incarcerated,0.001227553,101.669837,CriminalJustice,keep
3892,185,murders,0.001227553,35.24838999,CriminalJustice,keep
3893,185,guantanamo,0.001163866,67.41276157,CriminalJustice,drop
3894,185,executions,0.001147945,99.13273312,CriminalJustice,keep
3895,185,rikers,0.001132023,237.0093658,CriminalJustice,keep
3896,185,amnesty,0.001084259,36.91688337,CriminalJustice,drop
3897,185,pardon,0.001036494,62.63953916,CriminalJustice,drop
3898,185,imprisonment,0.000988729,43.46274155,CriminalJustice,keep
3899,185,incarceration,0.000988729,49.58316411,CriminalJustice,keep
3900,185,offender,0.000925043,35.97495914,CriminalJustice,keep
3901,185,prosecuted,0.000877278,48.31600503,CriminalJustice,keep
3902,185,clemency,0.000861357,184.7760918,CriminalJustice,keep
3903,185,behind-bars,0.000829513,66.54595595,CriminalJustice,keep
3904,185,prosecutions,0.000813592,45.97610081,CriminalJustice,keep
3905,185,violent-crime,0.00079767,37.70812457,CriminalJustice,keep
3906,185,nonviolent,0.000765827,41.76868667,CriminalJustice,drop
3907,185,felons,0.000686219,53.52535817,CriminalJustice,keep
3908,185,raping,0.000686219,38.75218458,CriminalJustice,keep
3909,185,kizer,0.000670298,200.7095145,CriminalJustice,drop
3910,186,china,0.087089473,1371.718728,China,keep
3911,186,chinese,0.047361732,1066.951679,China,keep
3912,186,beijing,0.016716972,4451.944688,China,keep
3913,186,hong-kong,0.010815507,348.7489519,China,keep
3914,186,taiwan,0.010238548,470.7212204,China,keep
3915,186,wang,0.005523969,157.5186892,China,drop
3916,186,xi,0.005523969,386.9505259,China,drop
3917,186,chen,0.004914041,231.8453343,China,drop
3918,186,huawei,0.003908484,1133.835511,China,drop
3919,186,singapore,0.003315041,169.9026904,China,drop
3920,186,shanghai,0.003034804,113.4991882,China,keep
3921,186,yuan,0.002836989,190.0663527,China,drop
3922,186,jinping,0.002177608,652.0483304,China,drop
3923,186,mainland,0.001683072,59.80037407,China,keep
3924,186,wong,0.001666587,79.43409687,China,drop
3925,186,li,0.001617133,47.94522498,China,drop
3926,186,liu,0.001270958,35.61900101,China,drop
3927,186,xinjiang,0.001237989,384.9875814,China,keep
3928,186,state-owned,0.001221504,32.97842974,China,drop
3929,186,geopolitical,0.001188535,58.28029572,China,drop
3930,186,mao,0.001139082,79.06826331,China,drop
3931,186,han,0.001122597,52.70515913,China,drop
3932,186,malaysia,0.001122597,43.34800499,China,drop
3933,186,taiwanese,0.001106113,66.98847636,China,drop
3934,186,china’s,0.001056659,249.5884076,China,drop
3935,186,meng,0.001040174,245.6946727,China,drop
3936,186,wechat,0.001007205,313.2189244,China,drop
3937,186,zhang,0.000974236,40.11086763,China,drop
3938,186,chinese-communist-party,0.000924783,268.2757156,China,keep
3939,186,huang,0.000924783,53.27103382,China,drop
3940,186,taipei,0.000908298,214.5447934,China,keep
3941,186,lu,0.000891814,46.52314938,China,drop
3942,186,wu,0.000875329,42.28322111,China,drop
3943,186,malaysian,0.000809391,51.5329014,China,drop
3944,186,alibaba,0.000792906,175.4464595,China,drop
3945,186,hu,0.000776422,33.29120414,China,drop
3946,186,wuhan,0.000743453,175.6074444,China,keep
3947,186,wei,0.000578607,39.29879256,China,drop
3948,186,jin,0.000562123,48.29744173,China,drop
3949,186,peking,0.000545638,33.12986745,China,keep
3950,186,quad,0.000512669,30.05987128,China,drop
3951,186,shaheen,0.0004797,33.7551793,China,drop
3952,186,mei,0.000463216,35.98541485,China,drop
3953,186,guo,0.000331339,41.63312805,China,drop
3972,188,plant,0.029335057,34.03709751,Electricity,keep
3973,188,utility,0.015466311,95.81777682,Electricity,keep
3974,188,utilities,0.011497968,240.9132252,Electricity,keep
3975,188,electricity,0.010843396,98.87238013,Electricity,keep
3976,188,edison,0.005095435,120.6149399,Electricity,keep
3977,188,reactor,0.005095435,371.799985,Electricity,keep
3978,188,grid,0.003724924,55.97589981,Electricity,keep
3979,188,nuclear-power,0.003643103,860.5200017,Electricity,keep
3980,188,transmission,0.003581737,47.37183991,Electricity,keep
3981,188,reactors,0.003029441,670.3247576,Electricity,keep
3982,188,uranium,0.002272592,502.8567223,Electricity,keep
3983,188,regulatory-commission,0.002170316,151.6424373,Electricity,drop
3984,188,nuclear-plant,0.001761208,233.0860061,Electricity,keep
3985,188,shoreham,0.001761208,142.0527425,Electricity,drop
3986,188,pepco,0.001740753,369.2713553,Electricity,keep
3987,188,electric-power,0.001658931,91.26091271,Electricity,keep
3988,188,pg-e,0.00161802,382.1849081,Electricity,drop
3989,188,generators,0.001597565,90.79750032,Electricity,keep
3990,188,power-plant,0.00157711,89.86423988,Electricity,keep
3991,188,nuclear-power-plant,0.001556654,451.5790927,Electricity,keep
3992,188,entergy,0.001168002,311.0539743,Electricity,drop
3993,188,seabrook,0.001127091,86.31242168,Electricity,keep
3994,188,blackout,0.001086181,42.12661989,Electricity,keep
3995,188,lilco,0.001024814,297.2945144,Electricity,drop
3996,188,chernobyl,0.001004359,102.3336217,Electricity,drop
3997,188,outage,0.000881627,62.24220221,Electricity,keep
3998,188,nuclear-power-plants,0.000861171,78.99339187,Electricity,keep
3999,188,outages,0.00077935,44.58029615,Electricity,keep
4000,188,generator,0.000738439,30.47969732,Electricity,keep
4001,188,megawatts,0.000738439,163.3944885,Electricity,keep
4002,188,plutonium,0.000738439,163.3944885,Electricity,drop
4003,188,turbines,0.000636162,76.65745795,Electricity,keep
4004,188,hydroelectric,0.000472519,41.14660752,Electricity,keep
4006,188,atoms,0.000370242,30.0924867,Electricity,drop
4007,189,snow,0.016832493,119.4412776,Water,keep
4008,189,ice,0.012664214,53.98420664,Water,keep
4009,189,drought,0.004047434,116.7467732,Water,keep
4010,189,freezing,0.003329369,96.21924883,Water,keep
4011,189,dam,0.002979094,91.52918192,Water,keep
4012,189,pipes,0.002401139,59.817148,Water,keep
4013,189,sewer,0.002050864,57.13023812,Water,drop
4014,189,sewage,0.001963295,107.9713656,Water,drop
4015,189,reservoir,0.001455395,35.97334327,Water,keep
4016,189,gallons,0.001402854,39.93665598,Water,drop
4017,189,frigid,0.00138534,80.75788829,Water,keep
4018,189,rainfall,0.00138534,113.1486966,Water,drop
4019,189,basin,0.001350312,34.33693786,Water,keep
4020,189,dams,0.001332799,277.4112704,Water,keep
4021,189,drinking-water,0.001297771,77.01718305,Water,keep
4022,189,reservoirs,0.001175175,64.31371414,Water,keep
4023,189,blizzard,0.001105119,33.07574031,Water,drop
4024,189,melting,0.000912468,43.42291124,Water,keep
4025,189,moisture,0.000824899,36.10416425,Water,keep
4026,189,snowstorm,0.000824899,31.65851059,Water,keep
4027,189,downstream,0.00059722,34.3230522,Water,keep
4042,192,gun,0.02379532,363.7422282,Gun_Control,keep
4043,192,shooting,0.014975871,42.96849151,Gun_Control,keep
4044,192,guns,0.012603388,266.2887874,Gun_Control,keep
4045,192,turner,0.012431469,88.31718101,Gun_Control,drop
4046,192,firearms,0.005589089,427.8037539,Gun_Control,keep
4047,192,gunman,0.003715171,822.056274,Gun_Control,drop
4048,192,shootings,0.003629212,743.6647487,Gun_Control,keep
4049,192,rifle,0.003577636,114.0080838,Gun_Control,keep
4050,192,brady,0.003336949,51.88593012,Gun_Control,drop
4051,192,gun-control,0.003182222,165.8032138,Gun_Control,keep
4052,192,shooter,0.00316503,147.7762189,Gun_Control,drop
4053,192,gun-violence,0.002975919,168.8084122,Gun_Control,keep
4054,192,rifles,0.002030364,90.58813813,Gun_Control,keep
4055,192,background-checks,0.002013172,70.88498283,Gun_Control,keep
4056,192,handgun,0.001995981,441.6507793,Gun_Control,keep
4057,192,massacre,0.001875637,49.20793831,Gun_Control,keep
4058,192,pistol,0.001669334,82.64230376,Gun_Control,keep
4059,192,firearm,0.001548991,112.1847472,Gun_Control,keep
4060,192,nra,0.001497415,434.394087,Gun_Control,keep
4061,192,semiautomatic,0.001480223,327.5291309,Gun_Control,keep
4062,192,sniper,0.001480223,63.40667411,Gun_Control,drop
4063,192,handguns,0.001394264,295.9997856,Gun_Control,keep
4064,192,gunfire,0.001308304,109.7450816,Gun_Control,keep
4065,192,national-rifle-association,0.001222345,81.23428709,Gun_Control,keep
4066,192,mass-shootings,0.00099885,125.6132662,Gun_Control,keep
4067,192,shooters,0.000981658,53.94024201,Gun_Control,drop
4068,192,alcohol-tobacco,0.000964466,256.8497147,Gun_Control,drop
4069,192,hinckley,0.000947274,53.91786781,Gun_Control,drop
4070,192,rampage,0.000947274,47.54705461,Gun_Control,drop
4071,192,whittle,0.000947274,35.23816371,Gun_Control,drop
4072,192,mass-shooting,0.000930082,86.78501975,Gun_Control,keep
4073,192,columbine,0.000809739,78.40596947,Gun_Control,drop
4074,192,remington,0.000809739,34.0264465,Gun_Control,drop
4075,192,opened-fire,0.000792547,53.64957535,Gun_Control,drop
4076,192,pistols,0.000775355,37.20895849,Gun_Control,keep
4077,192,machine-guns,0.000689396,39.06130788,Gun_Control,keep
4078,192,sandy-hook,0.000689396,35.75957144,Gun_Control,keep
4079,192,gunshots,0.000500285,30.93836403,Gun_Control,keep
4080,197,tobacco,0.014000641,220.7404434,Environmental,keep
4081,197,epa,0.011374729,652.2997476,Environmental,keep
4082,197,smoking,0.009473206,59.57509917,Environmental,keep
4083,197,chemical,0.009436986,30.26332843,Environmental,keep
4084,197,waste,0.00777089,32.3669591,Environmental,drop
4085,197,cigarette,0.00635833,205.7025607,Environmental,keep
4086,197,toxic,0.006141013,48.5405594,Environmental,keep
4087,197,asbestos,0.005869367,383.4535292,Environmental,keep
4088,197,smoke,0.005543392,50.77648989,Environmental,keep
4089,197,cigarettes,0.005217417,201.5637719,Environmental,keep
4090,197,philip-morris,0.004040283,174.304802,Environmental,drop
4091,197,cleanup,0.003714308,47.58309964,Environmental,keep
4092,197,environmental-protection-agency,0.003533211,123.3507422,Environmental,keep
4093,197,smokers,0.003261564,204.0123685,Environmental,drop
4094,197,nicotine,0.003171016,844.4822785,Environmental,drop
4095,197,hazardous,0.002736382,96.10921489,Environmental,keep
4096,197,contamination,0.002609614,111.709904,Environmental,keep
4097,197,osha,0.00217498,579.2251379,Environmental,drop
4098,197,ozone,0.002102541,88.6892367,Environmental,keep
4099,197,e.p.a,0.001903334,449.5774439,Environmental,keep
4100,197,tobacco-companies,0.001830895,405.1222582,Environmental,keep
4101,197,air-quality,0.001812785,64.73443621,Environmental,keep
4102,197,rjr,0.001686017,449.0079962,Environmental,drop
4103,197,pesticides,0.001613578,102.8749498,Environmental,keep
4104,197,contaminated,0.00150492,77.14027486,Environmental,keep
4105,197,liggett,0.001378151,399.7961195,Environmental,drop
4106,197,radioactive,0.001378151,78.03371939,Environmental,drop
4107,197,vaping,0.001269493,394.7846141,Environmental,drop
4108,197,ruckelshaus,0.001233273,357.7676181,Environmental,drop
4109,197,latimer,0.001215164,52.45044095,Environmental,drop
4110,197,fluoride,0.001197054,318.7908544,Environmental,drop
4111,197,hazards,0.001178944,30.96332083,Environmental,keep
4112,197,superfund,0.001160834,256.8579302,Environmental,keep
4113,197,juul,0.001142725,304.3222831,Environmental,drop
4114,197,altria,0.001124615,248.8436422,Environmental,drop
4115,197,pesticide,0.001088395,63.74787598,Environmental,keep
4116,197,pollutants,0.001088395,229.8663605,Environmental,keep
4117,197,wastes,0.000943518,39.0023488,Environmental,keep
4118,197,air-pollution,0.000925408,46.0978409,Environmental,keep
4119,197,smoker,0.000925408,89.13764757,Environmental,drop
4120,197,smoke-free,0.000871079,205.7533307,Environmental,drop
4121,197,lebow,0.000852969,40.34984453,Environmental,drop
4122,197,lung-cancer,0.00074431,31.46252487,Environmental,keep
4123,197,sludge,0.000708091,167.2547865,Environmental,keep
4124,197,soot,0.000708091,38.61828255,Environmental,keep
4125,197,dumps,0.000689981,40.92301942,Environmental,drop
4126,197,barclay,0.000653762,30.64224003,Environmental,drop
4127,198,rent,0.013019659,83.99866249,Housing,keep
4128,198,apartments,0.008195899,290.1783944,Housing,keep
4129,198,rental,0.007626635,128.8419485,Housing,keep
4130,198,homeowners,0.006877604,179.0009271,Housing,keep
4131,198,tenants,0.006128573,302.6488328,Housing,keep
4132,198,condominium,0.004151131,224.135845,Housing,keep
4133,198,co-op,0.003686731,216.578523,Housing,keep
4134,198,rents,0.003536925,107.1574548,Housing,keep
4135,198,hud,0.003282254,703.1944971,Housing,keep
4136,198,builders,0.003252293,38.33072488,Housing,drop
4137,198,landlords,0.003147429,258.7283793,Housing,keep
4138,198,median,0.002802874,32.89820467,Housing,drop
4139,198,tenant,0.002772913,151.0406513,Housing,keep
4140,198,landlord,0.002727971,130.5064647,Housing,keep
4141,198,condo,0.002578165,159.5695407,Housing,keep
4142,198,builder,0.002428359,48.82077743,Housing,keep
4143,198,affordable-housing,0.001933998,96.6846568,Housing,keep
4144,198,realtors,0.001889057,150.1270545,Housing,keep
4145,198,renters,0.001814153,111.6636444,Housing,keep
4146,198,renting,0.001814153,47.40444095,Housing,keep
4147,198,home-builders,0.001619405,157.2612447,Housing,keep
4148,198,two-bedroom,0.001589444,144.6998518,Housing,drop
4149,198,condominiums,0.001574463,348.3816553,Housing,keep
4150,198,co-ops,0.001514541,137.2582665,Housing,keep
4151,198,kb,0.001379715,151.8271361,Housing,drop
4152,198,single-family,0.001379715,75.79855871,Housing,keep
4153,198,urban-development,0.001364735,58.70260718,Housing,keep
4154,198,rentals,0.001304812,75.08122526,Housing,keep
4155,198,homeownership,0.001184967,315.5720207,Housing,keep
4156,198,remodeling,0.001155006,60.84085405,Housing,drop
4157,198,condos,0.001080103,78.01836809,Housing,keep
4158,198,one-bedroom,0.001080103,229.0404963,Housing,drop
4159,198,lennar,0.00102018,214.090022,Housing,drop
4160,198,single-family-homes,0.00102018,58.44878739,Housing,keep
4161,198,eviction,0.000900335,52.05553892,Housing,keep
4162,198,middle-income,0.000855394,40.14458372,Housing,drop
4163,198,apartment-buildings,0.000690607,39.60600678,Housing,keep
4164,198,complexes,0.000645665,33.56135766,Housing,keep
4165,198,dwellings,0.000645665,47.57544602,Housing,keep
4166,198,moderate-income,0.000600723,126.8411209,Housing,drop
4167,198,elliman,0.000465897,46.74684631,Housing,drop
4168,198,townhouses,0.000405975,40.29771721,Housing,keep
4183,201,survey,0.025916381,168.7891023,PublicOpinion,keep
4184,201,poll,0.011058292,536.1071452,PublicOpinion,keep
4185,201,respondents,0.004467544,479.4036299,PublicOpinion,keep
4186,201,surveys,0.004453091,55.35983175,PublicOpinion,keep
4187,201,surveyed,0.003600341,85.22624583,PublicOpinion,keep
4188,201,polling,0.002588603,123.3981469,PublicOpinion,keep
4189,201,polled,0.001504598,84.09238649,PublicOpinion,keep
4190,201,pew,0.001490145,43.2098322,PublicOpinion,keep
4191,201,gallup,0.00112881,69.85596966,PublicOpinion,keep
4192,201,pew-research,0.000912009,43.99129126,PublicOpinion,keep
4193,201,registered-voters,0.000868649,231.3324024,PublicOpinion,keep
4194,201,pollsters,0.000738568,163.4231025,PublicOpinion,keep
4195,201,approval-rating,0.000608488,72.76964137,PublicOpinion,keep
4196,201,quinnipiac,0.000521768,68.4355472,PublicOpinion,keep
4197,202,privacy,0.008200754,35.70093906,Privacy,keep
4198,202,database,0.005423341,152.4038987,Privacy,keep
4199,202,databases,0.001907255,407.2632679,Privacy,keep
4200,202,registry,0.001139035,51.61912159,Privacy,keep
4201,202,facial-recognition,0.000932206,206.2693038,Privacy,keep
4202,202,password,0.000725377,69.38241258,Privacy,keep
4203,202,bulletin-board,0.00065151,30.56871497,Privacy,drop
4204,202,passwords,0.00065151,106.4288162,Privacy,keep
4205,202,scanners,0.00065151,32.30278458,Privacy,drop
4206,202,scanner,0.000518549,33.17545932,Privacy,keep
4207,204,tax,0.075599935,232.6554949,Taxation,keep
4208,204,taxes,0.022327756,91.79098845,Taxation,keep
4209,204,irs,0.009193782,565.1817098,Taxation,keep
4210,204,social-security,0.006941625,42.80268837,Taxation,drop
4211,204,capital-gains,0.004202222,929.826026,Taxation,keep
4212,204,income-tax,0.00393153,139.3781009,Taxation,keep
4213,204,deduction,0.003877392,1032.599288,Taxation,keep
4214,204,ira,0.00318442,39.78852189,Taxation,keep
4215,204,deductions,0.00300035,170.975181,Taxation,keep
4216,204,internal-revenue,0.002697175,99.83721477,Taxation,keep
4217,204,income-taxes,0.002036686,96.47331684,Taxation,keep
4218,204,taxation,0.001841788,82.44477267,Taxation,keep
4219,204,taxed,0.00183096,107.8881024,Taxation,keep
4220,204,tax-code,0.001571096,99.70556281,Taxation,keep
4221,204,tax-breaks,0.001473647,53.47656621,Taxation,keep
4222,204,deduct,0.001462819,304.3094174,Taxation,keep
4223,204,tax-reform,0.001430336,92.88709193,Taxation,keep
4224,204,tax-returns,0.001419509,83.15188429,Taxation,keep
4225,204,iras,0.001192127,281.5867549,Taxation,keep
4226,204,earners,0.001148817,42.1006383,Taxation,drop
4227,204,pensions,0.001137989,33.86035901,Taxation,drop
4228,204,i.r.s,0.001105506,66.94207988,Taxation,keep
4229,204,deductible,0.000975574,55.85445022,Taxation,keep
4230,204,pension-plan,0.000910608,57.830619,Taxation,drop
4231,204,taxing,0.000845642,31.64825356,Taxation,keep
4232,204,annuity,0.000813159,170.8648579,Taxation,drop
4233,204,tax-deferred,0.000780676,226.4708388,Taxation,keep
4234,204,adjusted-gross-income,0.00071571,190.6026611,Taxation,keep
4235,204,depreciation,0.000704882,31.09955892,Taxation,drop
4236,204,taxable-income,0.000639916,151.1514733,Taxation,keep
4237,204,brackets,0.000607433,46.32554598,Taxation,keep
4238,204,filers,0.000596605,173.0727214,Taxation,drop
4239,204,retirement-benefits,0.000585777,33.07472287,Taxation,drop
4240,204,roth-ira,0.000564122,168.9169441,Taxation,keep
4241,204,pension-plans,0.000509984,35.35332845,Taxation,drop
4242,204,annuities,0.000488328,108.0524447,Taxation,drop
4243,204,excise,0.000466673,103.260762,Taxation,drop
4244,206,shareholders,0.014160322,236.3892611,Corporate,keep
4245,206,merger,0.013699423,172.4947534,Corporate,keep
4246,206,stake,0.011105526,48.30624422,Corporate,keep
4247,206,takeover,0.009229773,144.0308534,Corporate,keep
4248,206,shareholder,0.005960605,206.2716513,Corporate,keep
4249,206,tender-offer,0.002423472,536.241849,Corporate,keep
4250,206,buyout,0.002402035,104.3045002,Corporate,keep
4251,206,icahn,0.001801794,132.8379651,Corporate,keep
4252,206,buffett,0.001426644,44.37839857,Corporate,keep
4253,206,takeovers,0.001415925,121.6995231,Corporate,keep
4254,206,mesa,0.001351614,32.12445325,Corporate,drop
4255,206,stockholders,0.001244428,58.96464514,Corporate,keep
4256,206,takeover-bid,0.001030056,135.0818396,Corporate,keep
4257,206,berkshire,0.00092287,47.99742794,Corporate,keep
4258,206,allergan,0.000879996,234.3542014,Corporate,drop
4259,206,kohlberg,0.000879996,234.3542014,Corporate,drop
4260,206,leveraged-buyout,0.000858559,55.87002414,Corporate,keep
4261,206,berkshire-hathaway,0.00084784,32.89607706,Corporate,keep
4262,206,buy-out,0.00084784,225.7907105,Corporate,keep
4263,206,pickens,0.000837121,173.3181575,Corporate,drop
4264,206,ackman,0.000783529,185.0735549,Corporate,drop
4265,206,valeant,0.000740654,214.8607847,Corporate,drop
4266,206,revlon,0.000708498,167.3510531,Corporate,keep
4267,206,proxy-fight,0.00069778,148.5805134,Corporate,keep
4268,206,conseco,0.000654906,35.44285422,Corporate,drop
4269,206,suitor,0.000644187,38.8245498,Corporate,keep
4270,206,recapitalization,0.000612031,177.5477685,Corporate,keep
4271,206,closing-price,0.000579875,40.75064927,Corporate,drop
4272,206,hostile-takeover,0.000579875,124.2332739,Corporate,keep
4273,206,kravis-roberts,0.000515564,121.7789055,Corporate,keep
4274,206,poison-pill,0.000483408,106.9637655,Corporate,keep
4275,206,kravis,0.000451252,54.04601284,Corporate,keep
4276,206,zell,0.000429815,95.10525496,Corporate,drop
4277,207,depression,0.004435587,39.48972651,MentalHealth,keep
4278,207,anxiety,0.003829429,34.52657269,MentalHealth,keep
4279,207,mental-health,0.00324454,53.97552097,MentalHealth,keep
4280,207,trauma,0.002765994,42.67955667,MentalHealth,keep
4281,207,disorder,0.00226618,36.38735903,MentalHealth,drop
4282,207,psychiatrist,0.001670656,42.73075949,MentalHealth,keep
4283,207,therapist,0.001670656,45.5893552,MentalHealth,keep
4284,207,psychologist,0.001585582,34.33337596,MentalHealth,keep
4285,207,psychologists,0.001085767,50.91874269,MentalHealth,keep
4286,207,empathy,0.000947521,43.97139519,MentalHealth,keep
4287,207,psychiatrists,0.000841177,53.6299139,MentalHealth,keep
4288,208,salt,0.007541686,178.6873336,Cooking,keep
4289,208,pepper,0.005831531,125.3964677,Cooking,keep
4290,208,tablespoons,0.004351396,1353.189307,Cooking,keep
4291,208,butter,0.004331394,117.946631,Cooking,keep
4292,208,teaspoon,0.004231385,897.283532,Cooking,keep
4293,208,recipe,0.004001364,63.67141346,Cooking,keep
4294,208,garlic,0.003771343,834.4854238,Cooking,keep
4295,208,cups,0.003311301,54.10208078,Cooking,keep
4296,208,oven,0.0033013,121.2261532,Cooking,keep
4297,208,tomatoes,0.0032913,146.0009015,Cooking,keep
4298,208,mixture,0.003151287,49.61370445,Cooking,keep
4299,208,flour,0.003021275,145.5690945,Cooking,keep
4300,208,olive-oil,0.003001273,272.8937705,Cooking,keep
4301,208,chopped,0.002981271,143.8268988,Cooking,keep
4302,208,tablespoon,0.002761251,858.688963,Cooking,keep
4303,208,baking,0.002171198,96.10929691,Cooking,keep
4304,208,beans,0.002161197,32.00571194,Cooking,keep
4305,208,onion,0.002161197,122.9853492,Cooking,keep
4306,208,skillet,0.002011183,583.4360521,Cooking,keep
4307,208,lemon,0.001951178,55.40183277,Cooking,keep
4308,208,pasta,0.001931176,110.6612746,Cooking,keep
4309,208,cooked,0.001921175,50.52612521,Cooking,keep
4310,208,recipes,0.001801164,88.00263906,Cooking,keep
4311,208,vinegar,0.001751159,155.7599145,Cooking,drop
4312,208,parsley,0.001741158,361.5300599,Cooking,keep
4313,208,bake,0.001671152,77.89230238,Cooking,keep
4314,208,dough,0.001611147,129.1126705,Cooking,drop
4315,208,boil,0.001531139,55.40670365,Cooking,keep
4316,208,servings,0.001531139,407.7621012,Cooking,drop
4317,208,ounces,0.00143113,34.34940453,Cooking,drop
4318,208,minced,0.001411128,409.3626402,Cooking,keep
4319,208,mustard,0.001401128,95.09642865,Cooking,drop
4320,208,slices,0.001401128,75.8845235,Cooking,drop
4321,208,freshly-ground,0.001381126,429.4999847,Cooking,keep
4322,208,simmer,0.001381126,181.4887186,Cooking,keep
4323,208,onions,0.001341122,132.9541682,Cooking,keep
4324,208,tomato,0.001341122,91.53136795,Cooking,keep
4325,208,spoon,0.001331121,35.43312559,Cooking,keep
4326,208,black-pepper,0.00132112,395.5874251,Cooking,keep
4327,208,grated,0.001261115,297.8819292,Cooking,keep
4328,208,teaspoons,0.001261115,335.851084,Cooking,keep
4329,208,sprinkle,0.001241113,104.3091284,Cooking,keep
4330,208,basil,0.001191108,53.83177097,Cooking,keep
4331,208,tofu,0.001111101,96.88965053,Cooking,keep
4332,208,peeled,0.001061097,54.30307271,Cooking,keep
4333,208,eggplant,0.001051096,232.5760224,Cooking,keep
4334,208,thyme,0.001011092,238.8252422,Cooking,keep
4335,208,garnish,0.001001091,117.5890042,Cooking,keep
4336,208,lemon-juice,0.00099109,234.1007073,Cooking,keep
4337,208,saucepan,0.000951087,284.7870108,Cooking,keep
4338,209,airlines,0.025631676,1562.34626,Airline,keep
4339,209,airline,0.022401886,959.7714339,Airline,keep
4340,209,airport,0.020266058,85.87182513,Airline,keep
4341,209,flight,0.019033182,118.3865933,Airline,keep
4342,209,plane,0.016984176,136.1934726,Airline,keep
4343,209,flights,0.013980125,349.8363694,Airline,keep
4344,209,planes,0.011514372,287.886502,Airline,keep
4345,209,passengers,0.01123654,240.4865689,Airline,drop
4346,209,aircraft,0.011010802,233.4663295,Airline,keep
4347,209,boeing,0.010038393,680.7730227,Airline,keep
4348,209,pilots,0.009621646,455.6827986,Airline,keep
4349,209,delta,0.009291721,127.6966448,Airline,keep
4350,209,carrier,0.008666601,149.8338499,Airline,keep
4351,209,carriers,0.007624733,86.54705613,Airline,keep
4352,209,aviation,0.006964884,136.8648005,Airline,keep
4353,209,airports,0.006930155,295.0771413,Airline,keep
4354,209,pilot,0.006652324,35.73384268,Airline,keep
4355,209,fares,0.005923016,339.5805604,Airline,drop
4356,209,jet,0.00581883,44.75344936,Airline,keep
4357,209,continental,0.005749372,38.16696872,Airline,keep
4358,209,faa,0.0050027,1071.836958,Airline,keep
4359,209,airbus,0.004394944,932.3133886,Airline,drop
4360,209,routes,0.003683001,36.13424378,Airline,keep
4361,209,american-airlines,0.003231526,217.3627557,Airline,keep
4362,209,airplane,0.003179432,43.75119253,Airline,keep
4363,209,federal-aviation-administration,0.002814779,170.3450518,Airline,keep
4364,209,international-airport,0.002745321,35.79672609,Airline,keep
4365,209,usair,0.002536947,535.7968196,Airline,keep
4366,209,united-airlines,0.002450125,515.6031626,Airline,keep
4367,209,us-airways,0.002450125,578.7323767,Airline,keep
4368,209,airways,0.002415396,110.9782665,Airline,keep
4369,209,flown,0.002363303,31.55271267,Airline,keep
4370,209,amr,0.002345938,234.8691303,Airline,drop
4371,209,airplanes,0.002259116,61.2657297,Airline,keep
4372,209,f.a.a,0.002241751,671.2550973,Airline,keep
4373,209,delta-air-lines,0.002224387,212.1780332,Airline,keep
4374,209,jetblue,0.002154929,625.1362266,Airline,drop
4375,209,twa,0.002050742,546.1390865,Airline,keep
4376,209,air-traffic,0.002033378,121.9203623,Airline,keep
4377,209,controllers,0.001790276,86.52422278,Airline,drop
4378,209,flight-attendants,0.001790276,422.8724879,Airline,keep
4379,209,baggage,0.001720818,38.29066783,Airline,drop
4380,209,british-airways,0.001668724,444.4027622,Airline,keep
4381,209,airline-industry,0.001599267,341.731175,Airline,keep
4382,209,braniff,0.001581902,373.6535756,Airline,drop
4383,209,concorde,0.001425622,83.70010162,Airline,keep
4384,209,fliers,0.001408257,37.4232215,Airline,drop
4385,209,ryanair,0.001286706,373.2682868,Airline,drop
4386,209,northwest-airlines,0.001234613,273.1829042,Airline,keep
4387,209,o'hare,0.001217248,70.51316107,Airline,keep
4406,214,dog,0.023838363,152.3552737,Animal,keep
4407,214,animals,0.01637247,91.94416219,Animal,keep
4408,214,animal,0.016080834,169.5972553,Animal,keep
4409,214,dogs,0.013164469,182.4847152,Animal,keep
4410,214,bird,0.010150893,62.64465437,Animal,keep
4411,214,cat,0.009042674,155.6196157,Animal,keep
4412,214,birds,0.008478844,95.39114501,Animal,keep
4413,214,cats,0.007876128,323.1235022,Animal,keep
4414,214,pet,0.007740031,129.26105,Animal,keep
4415,214,deer,0.007253971,176.0693512,Animal,keep
4416,214,zoo,0.006320734,240.9503721,Animal,keep
4417,214,hunting,0.005037534,34.34314428,Animal,drop
4418,214,pets,0.004162624,84.47755209,Animal,keep
4419,214,animal-control,0.003034963,908.7691685,Animal,keep
4420,214,owl,0.003015521,92.647733,Animal,keep
4421,214,hunters,0.002568345,51.93786273,Animal,drop
4422,214,bats,0.002315593,181.6332281,Animal,keep
4423,214,pigs,0.002179496,47.68927167,Animal,keep
4424,214,humane-society,0.00196563,434.9350421,Animal,keep
4425,214,bat,0.001926745,31.31397711,Animal,keep
4426,214,tail,0.001829533,33.7953703,Animal,keep
4427,214,owls,0.001790648,78.52096196,Animal,keep
4428,214,rabies,0.001635108,474.338317,Animal,keep
4429,214,animal-shelter,0.001576781,490.3445466,Animal,keep
4430,214,rats,0.001479569,64.34351165,Animal,keep
4431,214,fur,0.001460126,42.94983846,Animal,keep
4432,214,creatures,0.001421242,35.86574094,Animal,keep
4433,214,hunts,0.001382357,52.35946773,Animal,drop
4434,214,veterinarian,0.001324029,84.32131401,Animal,keep
4435,214,monkeys,0.001304587,54.47525139,Animal,keep
4436,214,feral,0.00116849,106.2810282,Animal,keep
4437,214,geese,0.001129605,67.13419772,Animal,keep
4438,214,panda,0.001071278,51.0791122,Animal,keep
4439,214,cruelty,0.001032393,38.03969958,Animal,drop
4440,214,ants,0.001012951,47.64646588,Animal,drop
4441,214,longnecker,0.001012951,303.3111703,Animal,drop
4442,214,pit-bull,0.001012951,81.90511516,Animal,keep
4443,214,skunk,0.000993508,234.6718477,Animal,keep
4444,214,kennel,0.000974066,205.9532621,Animal,keep
4445,214,snakes,0.000876854,52.56729628,Animal,drop
4446,214,turkeys,0.000876854,60.14474224,Animal,keep
4447,214,veterinary,0.000837969,47.95515343,Animal,keep
4448,214,puppy,0.000779641,39.26549196,Animal,keep
4449,214,rooster,0.000779641,47.30452947,Animal,keep
4450,214,canine,0.000760199,57.55968975,Animal,keep
4451,214,sightings,0.000760199,35.744447,Animal,drop
4452,214,squirrel,0.000760199,40.33849426,Animal,keep
4453,214,raccoon,0.000701872,96.39023843,Animal,keep
4454,214,coyote,0.000643544,39.90458168,Animal,keep
4455,214,rabbits,0.000643544,31.94980664,Animal,keep
4456,215,scientists,0.01559406,42.08734346,Science,keep
4457,215,scientific,0.007425211,54.94134295,Science,keep
4458,215,cells,0.006444452,472.9089014,Science,keep
4459,215,gene,0.005600255,32.04805897,Science,keep
4460,215,dna,0.005438865,151.8530036,Science,keep
4461,215,genetic,0.005376791,223.5789573,Science,keep
4462,215,genes,0.005178157,1112.432119,Science,keep
4463,215,laboratory,0.004060837,40.6007761,Science,keep
4464,215,biological,0.00244693,43.50146502,Science,keep
4465,215,bacteria,0.002148978,125.8760238,Science,keep
4466,215,biology,0.002124149,53.48543296,Science,keep
4467,215,physics,0.002037246,49.04377389,Science,keep
4468,215,mice,0.001776539,100.2358513,Science,keep
4469,215,genetics,0.001478587,121.2288071,Science,keep
4470,215,proteins,0.001304781,107.0336642,Science,keep
4471,215,genome,0.00116822,275.9396865,Science,keep
4472,215,molecules,0.001093732,131.404923,Science,keep
4473,215,genetically,0.001056488,69.1401282,Science,keep
4474,215,evolutionary,0.001006829,45.13576717,Science,keep
4475,215,molecular,0.001006829,58.84966362,Science,keep
4476,215,einstein,0.000919927,33.06944298,Science,keep
4477,215,rna,0.000907512,214.3590976,Science,keep
4478,215,biologists,0.000882683,68.91486008,Science,keep
4479,215,neurons,0.000820609,181.5762966,Science,drop
4480,215,human-genome,0.000783365,243.6095476,Science,keep
4481,215,organisms,0.000733707,103.2932725,Science,keep
4482,215,hypothesis,0.000708877,150.493438,Science,keep
4483,215,particle,0.000708877,205.6424509,Science,drop
4484,215,nobel-prize,0.000634389,34.80420878,Science,keep
4485,215,physicists,0.000634389,135.4220963,Science,keep
4486,215,biologist,0.000621975,34.29959603,Science,keep
4487,215,microbes,0.000584731,155.7213093,Science,keep
4488,215,mutations,0.000547487,41.8438573,Science,keep
4489,215,bacterium,0.00042334,93.67249188,Science,keep
4490,215,mammals,0.000386096,38.98538077,Science,drop
4491,216,homeless,0.010756462,186.1419314,SocialServices,keep
4492,216,welfare,0.010471463,128.9583539,SocialServices,keep
4493,216,poverty,0.009301467,57.38253647,SocialServices,keep
4494,216,disabled,0.006211478,125.2919163,SocialServices,keep
4495,216,shelter,0.006151478,78.40995596,SocialServices,keep
4496,216,disability,0.004261485,125.8996127,SocialServices,keep
4497,216,disabilities,0.003841487,90.99125709,SocialServices,keep
4498,216,shelters,0.003151489,41.69239518,SocialServices,keep
4499,216,homelessness,0.002521491,229.5590603,SocialServices,keep
4500,216,neediest-cases,0.002116493,613.9859334,SocialServices,keep
4501,216,food-stamps,0.001861493,98.86542614,SocialServices,keep
4502,216,handicapped,0.001756494,65.84204378,SocialServices,keep
4503,216,needy,0.001486495,42.64390347,SocialServices,keep
4504,216,mentally-ill,0.001291495,59.08251618,SocialServices,keep
4505,216,legal-aid,0.001111496,60.71649417,SocialServices,keep
4506,216,catholic-charities,0.001096496,93.62710116,SocialServices,keep
4507,216,homeless-families,0.001066496,284.0216754,SocialServices,keep
4508,216,welfare-reform,0.000946497,63.17845166,SocialServices,keep
4509,216,social-worker,0.000931497,35.66532559,SocialServices,keep
4510,216,welfare-recipients,0.000871497,205.8521561,SocialServices,keep
4511,216,safety-net,0.000826497,41.4107859,SocialServices,keep
4512,216,wheelchairs,0.000586498,43.04350362,SocialServices,keep
4513,217,army,0.026650363,53.67046128,Military,keep
4514,217,pentagon,0.017589757,101.686748,Military,keep
4515,217,navy,0.013204119,34.69955549,Military,keep
4516,217,veterans,0.01043264,31.35711492,Military,keep
4517,217,soldiers,0.009884435,57.4012302,Military,keep
4518,217,vietnam,0.007706844,68.86450051,Military,drop
4519,217,gen,0.007310919,149.5241601,Military,drop
4520,217,civilian,0.006473384,36.62555626,Military,drop
4521,217,commander,0.005986091,59.13220724,Military,keep
4522,217,marines,0.0044633,224.3920939,Military,keep
4523,217,naval,0.003062332,66.69417909,Military,keep
4524,217,defense-secretary,0.002910053,42.27706369,Military,keep
4525,217,marine-corps,0.002666407,101.9182223,Military,keep
4526,217,national-guard,0.002666407,56.76749867,Military,keep
4527,217,sgt,0.002407532,139.8672617,Military,keep
4528,217,armed-forces,0.002163886,100.9968992,Military,keep
4529,217,sergeant,0.002087746,82.72251097,Military,keep
4530,217,colonel,0.001981151,50.88824428,Military,keep
4531,217,generals,0.001950695,84.35358345,Military,keep
4532,217,commanders,0.001813644,86.90112154,Military,keep
4533,217,infantry,0.001691821,359.8402526,Military,keep
4534,217,armed-services,0.001676593,85.81652853,Military,keep
4535,217,active-duty,0.001539542,138.3087368,Military,keep
4536,217,joint-chiefs,0.001524314,337.2850067,Military,keep
4537,217,vietnamese,0.001524314,37.07483431,Military,drop
4538,217,military-personnel,0.001356807,36.93392091,Military,keep
4539,217,maj,0.001265439,46.38110807,Military,drop
4540,217,mattis,0.001219755,288.1126475,Military,keep
4541,217,rumsfeld,0.001219755,44.31919625,Military,keep
4542,217,sergeant-major,0.001204528,360.6756968,Military,keep
4543,217,admiral,0.001158844,43.7723963,Military,keep
4544,217,battalion,0.001158844,57.69632537,Military,keep
4545,217,mckinney,0.001143616,44.48838065,Military,drop
4546,217,troop,0.001128388,42.99164581,Military,keep
4547,217,westmoreland,0.00111316,74.22641812,Military,keep
4548,217,regiment,0.001052248,49.27429433,Military,keep
4549,217,brig,0.001006565,70.8156005,Military,keep
4550,217,naval-academy,0.000960881,45.37918258,Military,keep
4551,217,cadets,0.000869514,58.22115768,Military,drop
4552,217,hagel,0.00082383,91.96050678,Military,keep
4553,217,saigon,0.000778146,92.14673226,Military,keep
4554,217,deployments,0.000717234,57.55002577,Military,keep
4555,217,lt-col,0.000671551,38.85707887,Military,keep
4556,217,barracks,0.000641095,36.24078474,Military,keep
4557,217,maj-gen,0.000580183,32.11993141,Military,keep
4558,217,hanoi,0.000549727,46.06986238,Military,drop
4559,217,aircraft-carrier,0.0005345,36.13827698,Military,keep
4560,217,olds,0.0005345,39.34044317,Military,drop
4561,217,servicemen,0.0005345,30.4678271,Military,keep
4562,217,squadron,0.000519272,31.51090566,Military,drop
4563,218,soccer,0.015495014,439.5012813,Soccer,keep
4564,218,world-cup,0.008144201,1735.604941,Soccer,keep
4565,218,matches,0.004437559,77.80469967,Soccer,keep
4566,218,mls,0.002917419,846.3314211,Soccer,keep
4567,218,midfielder,0.002854947,674.3535754,Soccer,keep
4568,218,manchester,0.002625885,48.10989866,Soccer,drop
4569,218,fifa,0.002521766,755.1008196,Soccer,keep
4570,218,goalkeeper,0.00227188,659.0632266,Soccer,keep
4571,218,liverpool,0.001876227,165.5566583,Soccer,drop
4572,218,premier-league,0.001626341,486.9807928,Soccer,drop
4573,218,soccer-team,0.001626341,99.09300823,Soccer,keep
4574,218,rooney,0.001584694,69.54893705,Soccer,keep
4576,218,cosmos,0.001438927,83.32011865,Soccer,drop
4577,218,dorrance,0.001418103,303.8937317,Soccer,drop
4578,218,barcelona,0.001334808,34.50398843,Soccer,drop
4579,218,olsen,0.001334808,41.41410528,Soccer,drop
4580,218,striker,0.001147393,253.8837824,Soccer,keep
4581,218,beckham,0.001126569,85.26081439,Soccer,keep
4582,218,qatar,0.001084922,38.70395685,Soccer,drop
4583,218,quaranta,0.000959979,278.485928,Soccer,drop
4584,218,midfield,0.000939155,207.8068709,Soccer,keep
4585,218,fc,0.000918331,41.64535191,Soccer,keep
4586,218,rfk-stadium,0.000668445,34.4135821,Soccer,drop
4588,219,dance,0.014611699,42.30924641,Classical_Music,keep
4589,219,opera,0.010943993,536.7291084,Classical_Music,keep
4590,219,ballet,0.009290519,561.1192306,Classical_Music,keep
4591,219,orchestra,0.009070056,522.2238934,Classical_Music,keep
4592,219,dancers,0.007466688,241.0126984,Classical_Music,keep
4593,219,concert,0.005933466,51.19996508,Classical_Music,keep
4594,219,symphony,0.00530214,201.0733192,Classical_Music,keep
4595,219,piano,0.005171866,98.0720149,Classical_Music,keep
4596,219,composer,0.004129676,331.3222831,Classical_Music,keep
4597,219,pianist,0.004109634,404.5842738,Classical_Music,keep
4598,219,concerts,0.003899192,104.6850741,Classical_Music,keep
4599,219,mozart,0.003408161,754.1239691,Classical_Music,keep
4600,219,dancer,0.003167655,93.22027522,Classical_Music,drop
4601,219,philharmonic,0.002957213,787.5438914,Classical_Music,keep
4602,219,ensemble,0.002867024,56.08354177,Classical_Music,keep
4603,219,conductor,0.002857003,144.7458934,Classical_Music,keep
4604,219,bach,0.002486224,94.48622118,Classical_Music,keep
4605,219,beethoven,0.002466181,582.5250087,Classical_Music,keep
4606,219,composers,0.002446139,270.9276106,Classical_Music,keep
4607,219,singers,0.002416076,116.9986145,Classical_Music,drop
4608,219,dances,0.002305845,67.92129807,Classical_Music,drop
4609,219,lincoln-center,0.002305845,109.9488845,Classical_Music,keep
4610,219,chorus,0.00226576,33.18029765,Classical_Music,drop
4611,219,soprano,0.002085381,126.2660836,Classical_Music,keep
4612,219,choreographer,0.002035276,139.807515,Classical_Music,drop
4613,219,classical-music,0.001925045,136.8493403,Classical_Music,keep
4614,219,violinist,0.001744666,144.5554758,Classical_Music,keep
4615,219,sonata,0.001734644,366.7675345,Classical_Music,keep
4616,219,violin,0.001664497,91.72095855,Classical_Music,keep
4617,219,recital,0.001654476,122.9669086,Classical_Music,keep
4618,219,quartet,0.001624413,38.45776805,Classical_Music,keep
4619,219,choreography,0.001604371,91.65674037,Classical_Music,keep
4620,219,symphony-orchestra,0.001584329,294.5270908,Classical_Music,keep
4621,219,repertory,0.001514181,157.4231578,Classical_Music,keep
4622,219,carnegie-hall,0.00150416,96.57552166,Classical_Music,keep
4623,219,concerto,0.001423992,413.0942588,Classical_Music,keep
4624,219,tenor,0.001353844,60.07455105,Classical_Music,keep
4625,219,danced,0.001333802,55.456049,Classical_Music,keep
4626,219,operas,0.001283697,62.51527989,Classical_Music,keep
4627,219,cello,0.001263655,96.37114026,Classical_Music,keep
4628,219,balanchine,0.001223571,366.3778536,Classical_Music,keep
4629,219,metropolitan-opera,0.001203529,257.5608229,Classical_Music,keep
4630,219,orchestras,0.001183487,261.870158,Classical_Music,keep
4631,219,tchaikovsky,0.001183487,354.3753032,Classical_Music,keep
4632,219,orchestral,0.001163444,337.5105098,Classical_Music,keep
4633,219,brahms,0.001133381,328.789308,Classical_Music,keep
4634,219,ballet-theater,0.001113339,296.4965311,Classical_Music,keep
4635,219,schumann,0.001083276,288.4903242,Classical_Music,keep
4636,219,choral,0.001073255,88.54614351,Classical_Music,keep
4637,219,choreographers,0.001073255,311.3469044,Classical_Music,drop
4678,221,gambling,0.013520083,637.2299629,Gaming,keep
4679,221,casino,0.013116923,481.4721065,Gaming,keep
4680,221,las-vegas,0.012358034,61.70249527,Gaming,keep
4682,221,casinos,0.006239491,525.384579,Gaming,keep
4691,221,gaming,0.002990497,78.81356625,Gaming,keep
4695,221,vegas,0.002516192,113.2687909,Gaming,keep
4712,221,gamblers,0.00111699,94.04015704,Gaming,keep
4720,221,gambler,0.000784976,35.97864639,Gaming,keep
4722,221,roulette,0.000595254,31.71282065,Gaming,keep
4724,222,baseball,0.022439152,193.3342089,Sports,keep
4725,222,football,0.012150137,72.17408833,Sports,drop
4726,222,stadium,0.011507909,79.59759419,Sports,keep
4727,222,athletes,0.007293293,167.4984765,Sports,keep
4728,222,leagues,0.003199094,88.17328567,Sports,drop
4729,222,major-league-baseball,0.002717424,149.3948431,Sports,keep
4730,222,football-league,0.002142095,124.3316236,Sports,drop
4731,222,athlete,0.002128716,46.17882739,Sports,keep
4732,222,leonsis,0.00139283,370.9286358,Sports,drop
4733,222,mlb,0.001259033,278.5863357,Sports,keep
4734,222,stadiums,0.001178755,53.99453444,Sports,keep
4735,222,rugby,0.001151995,61.51472689,Sports,keep
4736,222,seeks-players,0.001151995,344.9457326,Sports,drop
4741,222,ballpark,0.0008844,42.41958482,Sports,keep
4744,222,umpires,0.000697084,94.69037828,Sports,keep
4745,222,jerseys,0.000683704,32.72837156,Sports,keep
4747,222,goodell,0.000590046,130.5595899,Sports,drop
4749,222,lockout,0.000523148,36.68889065,Sports,drop
4750,222,upshaw,0.000483008,106.8753105,Sports,drop
4752,222,babe-ruth,0.00041611,52.59227554,Sports,keep
4753,222,pollin,0.00041611,98.28730461,Sports,drop
4797,224,chef,0.006851486,231.8294503,Culinary,keep
4798,224,menu,0.006841486,308.2367352,Culinary,keep
4799,224,chicken,0.006781481,167.0476216,Culinary,keep
4800,224,sauce,0.005711406,431.9847134,Culinary,keep
4801,224,dishes,0.005541393,103.5001053,Culinary,keep
4802,224,salad,0.005081361,265.5536405,Culinary,keep
4803,224,cooking,0.004281304,48.79376238,Culinary,keep
4804,224,cheese,0.004211299,115.6597479,Culinary,keep
4805,224,meal,0.004051288,45.35477481,Culinary,keep
4806,224,chocolate,0.003641259,31.06624664,Culinary,keep
4807,224,soup,0.003121222,51.9981071,Culinary,keep
4808,224,fried,0.003061217,126.7084015,Culinary,keep
4809,224,vegetables,0.003051217,152.1505227,Culinary,keep
4810,224,grilled,0.003021215,160.320663,Culinary,keep
4811,224,dish,0.003001213,71.02889419,Culinary,keep
4812,224,pork,0.002831201,103.3653398,Culinary,keep
4813,224,potatoes,0.002421172,83.99484956,Culinary,keep
4814,224,shrimp,0.002411171,137.2908951,Culinary,keep
4815,224,sandwich,0.00240117,60.03205586,Culinary,keep
4816,224,steak,0.002241159,70.92050179,Culinary,keep
4817,224,lamb,0.002211157,33.87396315,Culinary,keep
4818,224,seafood,0.002161153,83.12022219,Culinary,keep
4819,224,chefs,0.002101149,162.6705749,Culinary,keep
4820,224,dessert,0.001991141,54.41722296,Culinary,keep
4821,224,flavor,0.001881134,45.80148417,Culinary,keep
4822,224,lobster,0.001871133,103.1877362,Culinary,keep
4823,224,entrees,0.001811129,400.7485747,Culinary,keep
4824,224,delicious,0.001781126,68.85938064,Culinary,keep
4825,224,cuisine,0.001611114,146.1623337,Culinary,keep
4826,224,culinary,0.001531109,45.86324278,Culinary,keep
4827,224,appetizers,0.001461104,423.8602799,Culinary,keep
4828,224,roast,0.001461104,77.51423664,Culinary,keep
4829,224,sandwiches,0.001461104,47.15811255,Culinary,keep
4830,224,desserts,0.001371097,64.28802825,Culinary,keep
4831,224,spicy,0.001371097,104.8966771,Culinary,keep
4832,224,roasted,0.001341095,71.53287526,Culinary,keep
4833,224,toast,0.00127109,48.72612819,Culinary,keep
4834,224,noodles,0.001221087,95.1840605,Culinary,keep
4835,224,baked,0.001191085,43.3977604,Culinary,keep
4836,224,sausage,0.001161082,61.26306649,Culinary,keep
4837,224,salads,0.001151082,57.96110946,Culinary,keep
4838,224,mushrooms,0.001141081,52.30564866,Culinary,keep
4839,224,yogurt,0.001101078,63.74839029,Culinary,keep
4840,224,brunch,0.001091077,32.78720991,Culinary,keep
4841,224,spinach,0.001081077,226.6688248,Culinary,keep
4842,224,peppers,0.001031073,138.9049612,Culinary,keep
4843,224,chili,0.001011072,34.18160528,Culinary,keep
4844,224,veal,0.001011072,71.02177669,Culinary,keep
4845,224,creamy,0.00098107,201.0342637,Culinary,keep
4846,224,cakes,0.000901064,45.07941265,Culinary,drop
4847,225,fed,0.02861242,374.0759232,MonetaryPolicy,keep
4848,225,inflation,0.01864547,99.71581895,MonetaryPolicy,keep
4849,225,federal-reserve,0.008157858,341.5342831,MonetaryPolicy,keep
4850,225,yields,0.00579422,114.2948534,MonetaryPolicy,keep
4851,225,central-bank,0.004058681,298.581246,MonetaryPolicy,keep
4852,225,interest-rate,0.003281821,119.6243802,MonetaryPolicy,keep
4853,225,monetary-policy,0.002488432,662.7014019,MonetaryPolicy,keep
4854,225,greenspan,0.001976035,191.1083417,MonetaryPolicy,keep
4855,225,bond-market,0.00181901,393.1170428,MonetaryPolicy,keep
4856,225,money-supply,0.001711572,99.51219251,MonetaryPolicy,keep
4857,225,central-banks,0.001306613,308.6287695,MonetaryPolicy,keep
4858,225,bond-prices,0.001207439,267.1701318,MonetaryPolicy,keep
4859,225,yellen,0.001091736,290.7434579,MonetaryPolicy,drop
4860,225,bond-yields,0.001083472,255.921769,MonetaryPolicy,keep
4861,225,short-term-interest-rates,0.001050414,95.59308434,MonetaryPolicy,keep
4862,225,federal-reserve-bank,0.000934712,41.04607204,MonetaryPolicy,keep
4863,225,inflation-rate,0.000860331,45.15598094,MonetaryPolicy,keep
4864,225,borrowing-costs,0.000827273,52.46495876,MonetaryPolicy,keep
4865,225,ecb,0.000819009,172.2978212,MonetaryPolicy,drop
4866,225,treasury-bonds,0.000711571,32.77039192,MonetaryPolicy,keep
4867,225,bernanke,0.000645455,136.8108526,MonetaryPolicy,drop
4868,225,inflationary,0.000620662,34.15177743,MonetaryPolicy,keep
4869,225,ben-bernanke,0.000538017,156.0765461,MonetaryPolicy,drop
4870,225,european-central-bank,0.000496695,117.3218788,MonetaryPolicy,drop
4871,225,10-year-treasury,0.000455372,141.6108531,MonetaryPolicy,keep
4872,225,eurozone,0.000447108,95.28283155,MonetaryPolicy,drop
4873,225,federal-funds,0.000438843,127.3066759,MonetaryPolicy,keep
4874,225,corporate-bonds,0.000380992,89.99232304,MonetaryPolicy,drop
4875,225,janet-yellen,0.000356199,84.13598965,MonetaryPolicy,drop
4876,225,inflationary-pressures,0.000347934,92.65934579,MonetaryPolicy,keep
4877,225,inversely,0.00033967,75.15874343,MonetaryPolicy,drop
4878,226,injury,0.010719544,31.18768395,Injury,keep
4879,226,knee,0.005184706,42.48997083,Injury,keep
4880,226,fitness,0.004466095,35.42565226,Injury,keep
4881,226,workout,0.003135899,65.14806545,Injury,keep
4882,226,bone,0.003120609,43.50849077,Injury,keep
4883,226,muscles,0.002554894,71.26885862,Injury,keep
4884,226,lachey,0.002325549,696.346995,Injury,drop
4885,226,knees,0.002218522,43.63362208,Injury,keep
4886,226,wrist,0.002218522,40.37032577,Injury,keep
4887,226,fracture,0.001408173,67.25609472,Injury,keep
4888,226,weights,0.001301146,53.93405619,Injury,keep
4889,226,hips,0.001270566,79.90814737,Injury,drop
4890,226,workouts,0.00114825,33.20063424,Injury,keep
4891,226,ligament,0.000888326,66.50557351,Injury,keep
4892,226,fractures,0.000811878,36.21490185,Injury,keep
4893,226,right-knee,0.000781299,172.8780895,Injury,keep
4894,226,concussions,0.000475507,47.10576137,Injury,keep
4895,226,strap,0.000460217,30.7675908,Injury,drop
4896,227,drugs,0.023428058,1008.011453,Pharmaceuticals,keep
4897,227,fda,0.015221024,3367.957179,Pharmaceuticals,keep
4898,227,pfizer,0.006470991,1382.030211,Pharmaceuticals,keep
4899,227,drug-administration,0.006253791,290.8880313,Pharmaceuticals,keep
4900,227,merck,0.005586679,458.2402618,Pharmaceuticals,keep
4901,227,pharmaceutical,0.005276394,125.5393278,Pharmaceuticals,keep
4902,227,generic,0.003880112,74.24436822,Pharmaceuticals,drop
4903,227,johnson-johnson,0.003678427,196.4689098,Pharmaceuticals,drop
4904,227,pharmaceuticals,0.003414685,158.5899223,Pharmaceuticals,keep
4905,227,f.d.a,0.003088886,822.6100111,Pharmaceuticals,keep
4906,227,trials,0.002933743,64.15530467,Pharmaceuticals,keep
4907,227,pharmacy,0.002887201,135.9493424,Pharmaceuticals,keep
4908,227,medicines,0.002794115,163.579449,Pharmaceuticals,keep
4909,227,treatments,0.002375231,56.53479604,Pharmaceuticals,keep
4910,227,prescription,0.002297659,38.02128985,Pharmaceuticals,keep
4911,227,medications,0.002158031,93.9393249,Pharmaceuticals,keep
4912,227,prescriptions,0.002158031,66.23714564,Pharmaceuticals,keep
4913,227,clinical-trials,0.002111488,189.1534501,Pharmaceuticals,keep
4914,227,side-effects,0.002095974,100.1640982,Pharmaceuticals,keep
4915,227,pill,0.001940832,49.08710658,Pharmaceuticals,keep
4916,227,biotech,0.001801204,62.71191188,Pharmaceuticals,keep
4917,227,azt,0.001754661,467.2887607,Pharmaceuticals,keep
4918,227,pharmaceutical-companies,0.00167709,101.6118109,Pharmaceuticals,keep
4919,227,prescription-drugs,0.001630547,81.26901016,Pharmaceuticals,keep
4920,227,pharmacies,0.001599518,45.22177173,Pharmaceuticals,keep
4921,227,biogen,0.001506433,468.4678234,Pharmaceuticals,keep
4922,227,bayer,0.001413348,72.15255019,Pharmaceuticals,drop
4923,227,genentech,0.001382319,293.2064115,Pharmaceuticals,keep
4924,227,glaxo,0.001304748,347.4711298,Pharmaceuticals,drop
4925,227,psychedelics,0.001304748,378.502062,Pharmaceuticals,drop
4926,227,wellcome,0.001273719,300.8591964,Pharmaceuticals,drop
4927,227,alzheimer,0.001258205,38.51290236,Pharmaceuticals,drop
4928,227,lilly,0.001180634,45.41961984,Pharmaceuticals,drop
4929,227,astrazeneca,0.00116512,257.8061198,Pharmaceuticals,keep
4930,227,brand-name,0.00116512,30.2999737,Pharmaceuticals,drop
4931,227,over-the-counter,0.001149605,35.57240395,Pharmaceuticals,keep
4932,227,eli-lilly,0.001118577,233.4072502,Pharmaceuticals,keep
4933,227,mdma,0.001118577,347.8530388,Pharmaceuticals,drop
4934,227,shire,0.001118577,196.9759455,Pharmaceuticals,drop
4935,227,cvs,0.001087548,39.90870375,Pharmaceuticals,drop
4936,227,tpa,0.001072034,321.0027628,Pharmaceuticals,drop
4937,227,sanofi,0.001041006,277.2332082,Pharmaceuticals,drop
4938,227,smithkline,0.001041006,301.9915382,Pharmaceuticals,drop
4939,227,clinical-trial,0.001025491,226.9105795,Pharmaceuticals,keep
4940,227,schering-plough,0.000901378,261.4859667,Pharmaceuticals,drop
4941,227,bristol-myers-squibb,0.000885863,235.9167837,Pharmaceuticals,drop
4942,227,medtronic,0.000885863,209.2455556,Pharmaceuticals,drop
4943,227,bristol-myers,0.000854835,201.9164643,Pharmaceuticals,drop
4944,227,efficacy,0.000854835,42.40685045,Pharmaceuticals,drop
4945,227,warner-lambert,0.000839321,198.2519187,Pharmaceuticals,drop
4946,229,restaurant,0.032444485,171.6979467,Dining,keep
4947,229,restaurants,0.018443996,59.2884564,Dining,keep
4948,229,mcdonald,0.008255158,81.32600662,Dining,keep
4949,229,coffee,0.007360886,33.27671078,Dining,keep
4950,229,starbucks,0.00398904,139.1024151,Dining,keep
4951,229,dining,0.003901079,143.874997,Dining,keep
4952,229,fast-food,0.002288457,63.22135973,Dining,keep
4953,229,grill,0.002127195,40.4155928,Dining,keep
4954,229,chinatown,0.00177535,49.31941933,Dining,drop
4955,229,chipotle,0.001350204,133.521102,Dining,keep
4956,229,diners,0.001232923,39.4565868,Dining,keep
4957,229,bartender,0.001203602,50.13487927,Dining,drop
4958,229,diner,0.001188942,42.00787062,Dining,keep
4959,229,domino,0.001159622,31.53781706,Dining,drop
4960,229,cafes,0.001086321,52.60091073,Dining,keep
4961,229,taco,0.00099836,30.682017,Dining,keep
4962,229,waiters,0.00099836,48.41346445,Dining,drop
4963,229,brew,0.000895738,43.82357393,Dining,keep
4964,229,waiter,0.000895738,34.72111796,Dining,drop
4966,229,deli,0.000866418,40.69168817,Dining,keep
4967,229,burgers,0.000851758,39.73399189,Dining,keep
4968,229,zagat,0.000851758,255.0445944,Dining,keep
4969,229,takeout,0.000822437,79.20030708,Dining,keep
4970,229,cocktails,0.000793117,33.65973416,Dining,drop
4971,229,fries,0.000705156,44.9059921,Dining,keep
4972,229,applebee,0.000690495,163.0986285,Dining,keep
4973,229,dine,0.000675835,30.19247071,Dining,keep
4974,229,steakhouse,0.000661175,31.30715089,Dining,keep
4975,229,bagel,0.000646515,43.24964388,Dining,keep
4976,229,cream-cheese,0.000631855,139.8105112,Dining,keep
4977,229,dining-rooms,0.000426612,32.67352859,Dining,keep
4978,234,venture,0.006548286,33.79125877,PrivateEquity,keep
4979,234,private-equity,0.004923829,261.4762138,PrivateEquity,keep
4980,234,venture-capital,0.003939309,328.2766241,PrivateEquity,keep
4981,234,blackstone,0.001884124,127.2114742,PrivateEquity,keep
4982,234,startups,0.001674914,159.7682209,PrivateEquity,drop
4983,234,ipos,0.00147801,349.1137562,PrivateEquity,keep
4984,234,law-firms,0.001465704,38.53894416,PrivateEquity,drop
4985,234,private-equity-firms,0.001416478,334.5794616,PrivateEquity,keep
4986,234,lp,0.001391865,30.80767528,PrivateEquity,keep
4987,234,start-ups,0.001391865,95.44961384,PrivateEquity,drop
4988,234,softbank,0.001342639,317.1383081,PrivateEquity,keep
4989,234,private-equity-firm,0.001330332,72.01575539,PrivateEquity,keep
4990,234,bain,0.001194961,56.55651643,PrivateEquity,drop
4991,234,llp,0.001145735,33.25801787,PrivateEquity,keep
4992,234,venture-capitalists,0.001071896,75.56064388,PrivateEquity,keep
4993,234,valuation,0.000948831,30.81694675,PrivateEquity,keep
4994,234,goldman-sachs-group,0.000850379,35.62831432,PrivateEquity,keep
4995,234,mckinsey,0.000801153,40.18906614,PrivateEquity,drop
4996,234,dealogic,0.000727314,160.9328071,PrivateEquity,drop
4997,234,thiel,0.000579636,39.19782028,PrivateEquity,drop
4998,234,calpers,0.000382732,38.5801465,PrivateEquity,drop
4999,234,kkr,0.000358119,84.58959455,PrivateEquity,keep
5000,235,donors,0.009183644,406.5477602,CampaignFinance,keep
5001,235,donations,0.007901751,96.30637639,CampaignFinance,keep
5002,235,contributions,0.00785995,53.47199951,CampaignFinance,keep
5003,235,charity,0.005630573,48.083517,CampaignFinance,drop
5004,235,donated,0.004710954,52.31697973,CampaignFinance,keep
5005,235,fund-raising,0.004474083,101.5036084,CampaignFinance,keep
5006,235,campaigns,0.004446216,30.28839094,CampaignFinance,keep
5007,235,lobbying,0.004181477,49.04941804,CampaignFinance,keep
5008,235,donor,0.00384707,97.69614586,CampaignFinance,keep
5009,235,donation,0.003484796,64.44375684,CampaignFinance,keep
5010,235,charitable,0.003289726,148.7020203,CampaignFinance,drop
5011,235,charities,0.00299712,129.4164046,CampaignFinance,keep
5012,235,campaign-finance,0.002955319,70.69214872,CampaignFinance,keep
5013,235,donate,0.002941385,73.43545655,CampaignFinance,keep
5015,235,lobbyists,0.002481576,65.24236244,CampaignFinance,keep
5016,235,foundations,0.002216838,44.0679068,CampaignFinance,keep
5017,235,fundraising,0.002035701,55.66413159,CampaignFinance,keep
5018,235,philanthropy,0.001924232,142.7899268,CampaignFinance,drop
5019,235,pac,0.001520157,70.27888353,CampaignFinance,keep
5020,235,nonprofits,0.001408688,45.54146994,CampaignFinance,drop
5021,235,fund-raiser,0.001394755,38.04425337,CampaignFinance,keep
5022,235,fec,0.001325086,312.9923881,CampaignFinance,keep
5023,235,philanthropic,0.001255418,66.11514319,CampaignFinance,drop
5024,235,soros,0.00118575,55.95119903,CampaignFinance,drop
5025,235,pacs,0.001171817,312.0698779,CampaignFinance,keep
5026,235,super-pac,0.001088215,111.135902,CampaignFinance,keep
5027,235,donating,0.000921012,43.57803328,CampaignFinance,keep
5028,235,campaign-contributions,0.000907078,45.34116816,CampaignFinance,keep
5029,235,bathgate,0.00083741,171.7130149,CampaignFinance,drop
5030,235,fund-raisers,0.00068414,32.60537605,CampaignFinance,keep
5031,235,messner,0.000558738,40.07511075,CampaignFinance,drop
5062,239,economists,0.005067921,235.8677481,Economics,keep
5063,239,commerce-department,0.003301447,181.1497883,Economics,keep
5064,239,annual-rate,0.002790099,174.5093523,Economics,keep
5065,239,consumer-spending,0.002529777,169.0049591,Economics,keep
5066,239,retail-sales,0.002195076,72.53958166,Economics,keep
5067,239,chief-economist,0.001990537,106.1735609,Economics,keep
5068,239,seasonally-adjusted,0.001897565,419.874358,Economics,drop
5069,239,unemployment-rate,0.001488487,75.52482267,Economics,keep
5070,239,consumer-confidence,0.001283948,73.23403806,Economics,keep
5071,239,price-index,0.001051517,46.67050655,Economics,keep
5072,239,durable-goods,0.001014328,303.7235981,Economics,keep
5073,239,gross-domestic-product,0.000865572,43.6681182,Economics,keep
5074,239,personal-income,0.000781897,46.12763427,Economics,keep
5075,239,payrolls,0.000726114,43.03776252,Economics,keep
5076,239,housing-starts,0.000679628,197.1572235,Economics,keep
5077,239,year-over-year,0.00060525,38.85129416,Economics,keep
5078,239,jobless-rate,0.000558764,39.17928895,Economics,keep
5079,239,cpi,0.000549466,45.1681196,Economics,keep
5080,239,jobless-claims,0.000493683,109.2372778,Economics,keep
5081,239,new-home,0.0004379,116.6182984,Economics,drop
5082,239,gnp,0.00033563,37.13896911,Economics,keep
5134,241,intelligence,0.027742137,125.576658,Espionage,keep
5135,241,cia,0.011844211,1055.982507,Espionage,keep
5136,241,spy,0.004943182,59.98824458,Espionage,keep
5137,241,classified,0.003971926,51.99656536,Espionage,keep
5138,241,nsa,0.003443699,917.101258,Espionage,keep
5139,241,c.i.a,0.003154026,148.6447679,Espionage,keep
5140,241,hayden,0.003085868,115.2593173,Espionage,drop
5141,241,snowden,0.00259172,573.4700543,Espionage,keep
5142,241,espionage,0.002506522,118.3943559,Espionage,keep
5143,241,beck,0.00218277,40.19516871,Espionage,drop
5144,241,covert,0.002097572,110.743456,Espionage,keep
5145,241,spying,0.002097572,104.6658825,Espionage,keep
5146,241,secrecy,0.001893097,37.09144739,Espionage,keep
5147,241,intelligence-agencies,0.001876058,223.8655377,Espionage,keep
5148,241,intelligence-committee,0.001876058,201.0064791,Espionage,keep
5149,241,petraeus,0.001654543,440.6260868,Espionage,drop
5150,241,tenet,0.001654543,74.57470772,Espionage,drop
5151,241,shanklin,0.001484147,430.5451032,Espionage,drop
5152,241,spies,0.001484147,70.56123015,Espionage,keep
5153,241,wikileaks,0.001330791,121.4490431,Espionage,keep
5154,241,classified-information,0.001313751,290.6938934,Espionage,keep
5155,241,central-intelligence-agency,0.001228554,74.79929811,Espionage,keep
5156,241,interrogation,0.001109277,46.34330088,Espionage,drop
5157,241,haines,0.001075197,52.76177119,Espionage,drop
5158,241,classified-documents,0.001024079,241.8927496,Espionage,keep
5159,241,operatives,0.001024079,38.11524475,Espionage,keep
5160,241,counterterrorism,0.00095592,200.1390675,Espionage,drop
5161,241,clapper,0.000921841,267.422389,Espionage,keep
5162,241,hiltzik,0.000819604,237.7637137,Espionage,drop
5163,241,leaking,0.000819604,41.0701959,Espionage,keep
5164,241,briefings,0.000785525,37.07726722,Espionage,keep
5165,241,intelligence-agency,0.000768485,55.43780144,Espionage,keep
5166,241,encryption,0.00058105,75.63689008,Espionage,keep
5167,241,teixeira,0.000512891,30.05355347,Espionage,drop
5168,242,computer,0.037426895,47.25852358,Technology,keep
5169,242,software,0.031542894,206.6329328,Technology,keep
5170,242,microsoft,0.018783901,1263.10854,Technology,keep
5171,242,computers,0.014819942,61.48190727,Technology,keep
5172,242,ibm,0.011552773,1079.406927,Technology,keep
5173,242,chips,0.009028846,107.0982274,Technology,keep
5174,242,intel,0.008904972,1970.403861,Technology,keep
5175,242,chip,0.007975919,53.241641,Technology,keep
5176,242,machines,0.007433971,34.04534328,Technology,keep
5177,242,pc,0.007248161,418.7045351,Technology,keep
5178,242,semiconductor,0.004430034,190.6184711,Technology,keep
5179,242,compaq,0.003206781,757.4584761,Technology,keep
5180,242,pcs,0.002928065,324.1774533,Technology,keep
5181,242,dell,0.002819675,131.1291589,Technology,keep
5182,242,personal-computers,0.002804191,620.4836364,Technology,keep
5183,242,operating-system,0.002773223,738.5449165,Technology,keep
5184,242,personal-computer,0.002664833,111.5429557,Technology,keep
5185,242,philips,0.00254096,132.8216369,Technology,drop
5186,242,computing,0.002448054,190.5381149,Technology,keep
5187,242,disk,0.002386117,38.95916746,Technology,keep
5188,242,microsoft-corp,0.002308696,129.0383307,Technology,keep
5189,242,hewlett-packard,0.002277728,133.1461451,Technology,keep
5190,242,server,0.002091917,71.37177359,Technology,keep
5191,242,i.b.m,0.001937075,90.7206478,Technology,keep
5192,242,qualcomm,0.001797717,81.37261753,Technology,keep
5193,242,business-machines-corp,0.001782233,91.06892299,Technology,keep
5194,242,h-p,0.001658359,391.7131955,Technology,drop
5195,242,servers,0.001596423,74.88988955,Technology,keep
5196,242,emc,0.001410612,409.212817,Technology,drop
5197,242,amd,0.001348675,287.1777324,Technology,keep
5198,242,cray,0.001333191,136.6644986,Technology,keep
5199,242,apple-computer,0.001271254,59.48634648,Technology,keep
5200,242,intel-corp,0.001271254,338.551299,Technology,keep
5201,242,silicon,0.001271254,108.0652701,Technology,keep
5202,242,desktop,0.001240286,74.99208855,Technology,keep
5203,242,y2k,0.00114738,95.89647976,Technology,drop
5204,242,pentium,0.001085443,337.5492534,Technology,keep
5205,242,macintosh,0.001038991,129.5231762,Technology,keep
5206,242,mainframe,0.001023507,272.5729703,Technology,drop
5207,242,texas-instruments,0.001023507,212.8375424,Technology,keep
5208,242,microsystems,0.001008022,238.1001777,Technology,keep
5209,242,intuit,0.000992538,135.5422499,Technology,drop
5210,242,microprocessor,0.000992538,287.9313015,Technology,keep
5211,242,semiconductors,0.000977054,92.83200482,Technology,keep
5212,242,lotus,0.00096157,50.59781125,Technology,drop
5213,242,adobe,0.000946086,35.42524567,Technology,drop
5214,242,santa-clara-calif,0.000946086,46.36175595,Technology,drop
5215,242,linux,0.000930601,269.9636696,Technology,keep
5216,242,microprocessors,0.000899633,260.9798536,Technology,keep
5217,242,browser,0.000868664,83.45355386,Technology,keep
5218,243,foods,0.010191467,65.03178731,Nutrition,keep
5219,243,diet,0.009286071,232.3145649,Nutrition,keep
5220,243,fat,0.007261276,63.87569677,Nutrition,keep
5221,243,nutrition,0.00531879,138.771117,Nutrition,keep
5222,243,obesity,0.003952465,476.2494168,Nutrition,keep
5223,243,calories,0.003573845,790.7849646,Nutrition,keep
5224,243,diabetes,0.002635525,64.0143658,Nutrition,keep
5225,243,insulin,0.002503831,135.7079029,Nutrition,keep
5226,243,supplements,0.002454446,113.5528443,Nutrition,keep
5227,243,protein,0.002405061,142.8971082,Nutrition,keep
5228,243,vitamin,0.002388599,504.3314157,Nutrition,keep
5229,243,weight-loss,0.002339214,224.376033,Nutrition,keep
5230,243,overweight,0.001894747,107.8254992,Nutrition,keep
5231,243,dietary,0.001812438,383.8663109,Nutrition,keep
5232,243,vitamin-d,0.001795976,537.7751969,Nutrition,keep
5233,243,cholesterol,0.001713668,153.3405457,Nutrition,keep
5234,243,blood-sugar,0.001680744,487.5770895,Nutrition,keep
5235,243,diets,0.001631359,79.9974339,Nutrition,keep
5236,243,nutritional,0.001532588,115.5763221,Nutrition,keep
5237,243,obese,0.001483203,111.8520582,Nutrition,keep
5238,243,cereal,0.001400895,82.56017657,Nutrition,keep
5239,243,intake,0.001400895,45.2756966,Nutrition,keep
5240,243,sodium,0.001384433,69.48960043,Nutrition,keep
5241,243,fruits,0.001269201,43.14532903,Nutrition,keep
5242,243,vitamins,0.00117043,63.79760504,Nutrition,keep
5243,243,glucose,0.001088121,240.7687064,Nutrition,keep
5244,243,cortisol,0.000989351,263.4768709,Nutrition,keep
5245,243,grams,0.000989351,49.81614307,Nutrition,keep
5246,243,calorie,0.000956427,286.3862414,Nutrition,keep
5247,243,fats,0.000939966,77.06559732,Nutrition,keep
5248,243,bran,0.000923504,276.527851,Nutrition,keep
5249,243,caffeine,0.000907042,67.32656874,Nutrition,keep
5250,243,grains,0.00089058,32.81928114,Nutrition,keep
5251,243,oat,0.00089058,98.43091371,Nutrition,keep
5252,243,cereals,0.000808272,167.4026498,Nutrition,keep
5253,243,low-fat,0.000808272,234.4763476,Nutrition,keep
5254,243,sugary,0.000808272,62.09537215,Nutrition,keep
5255,243,nutrients,0.000775348,51.96933124,Nutrition,keep
5256,243,type-diabetes,0.000775348,224.9253762,Nutrition,keep
5257,243,milligrams,0.000709501,72.79288945,Nutrition,drop
5258,243,calcium,0.000693039,35.95790632,Nutrition,keep
5259,243,peanut,0.000693039,39.50887366,Nutrition,keep
5260,243,allergy,0.000643654,39.17744046,Nutrition,keep
5261,243,fatty,0.000627192,49.14580284,Nutrition,keep
5262,243,additives,0.000610731,34.80199741,Nutrition,keep
5263,243,msg,0.000610731,135.1364449,Nutrition,drop
5264,243,sugars,0.000610731,128.5720388,Nutrition,keep
5265,243,healthful,0.000594269,44.85435676,Nutrition,keep
5266,243,grapefruit,0.00051196,31.77832642,Nutrition,keep
5267,243,nutrient,0.000363805,76.88886399,Nutrition,keep
5332,249,route,0.017769938,65.80820061,Nature,keep
5333,249,lake,0.017469153,63.77819269,Nature,keep
5334,249,clark,0.016351953,59.65133731,Nature,drop
5335,249,mountain,0.014182005,50.49143551,Nature,keep
5336,249,trail,0.007543254,53.27659105,Nature,keep
5337,249,ski,0.005695576,141.8055573,Nature,keep
5338,249,mountains,0.005394791,47.74991917,Nature,keep
5339,249,trails,0.003804928,76.22149613,Nature,keep
5340,249,scotch,0.003611566,87.70895361,Nature,drop
5341,249,ranch,0.00283812,31.09462325,Nature,drop
5342,249,hike,0.002580304,61.42715681,Nature,keep
5343,249,hiking,0.002343973,71.70598573,Nature,keep
5344,249,skiing,0.002193581,97.02179347,Nature,keep
5345,249,canyon,0.002021704,37.53224255,Nature,keep
5346,249,skis,0.00163498,361.7722536,Nature,keep
5347,249,skiers,0.001613496,429.6946838,Nature,keep
5348,249,slopes,0.001377165,101.5181693,Nature,keep
5349,249,shenandoah,0.00135568,99.17031168,Nature,drop
5350,249,fraser,0.001312711,33.20143902,Nature,drop
5351,249,fir,0.001097865,51.7907434,Nature,keep
5352,249,blue-spruce,0.001033411,244.0970459,Nature,drop
5353,249,white-pine,0.000990441,219.1550709,Nature,keep
5354,249,cliffs,0.000818564,31.14552141,Nature,keep
5355,249,camping,0.000732626,31.91390925,Nature,keep
5356,249,vail,0.000668172,40.36723532,Nature,keep
5357,249,skier,0.00051778,30.73905634,Nature,keep
5358,250,forest,0.01114019,43.24465339,Wildlife,keep
5359,250,alaska,0.009202275,74.01689124,Wildlife,keep
5360,250,acres,0.008995313,223.3125632,Wildlife,drop
5361,250,conservation,0.006398883,81.28787686,Wildlife,keep
5362,250,lands,0.005364074,87.40199467,Wildlife,keep
5363,250,wildlife,0.004799633,220.2068896,Wildlife,keep
5364,250,forests,0.004329265,170.6791306,Wildlife,keep
5365,250,watt,0.003181568,136.6272087,Wildlife,drop
5366,250,environmentalists,0.003049865,149.5757243,Wildlife,keep
5367,250,habitat,0.002936976,112.6218053,Wildlife,keep
5368,250,forest-service,0.002730015,644.8437716,Wildlife,keep
5369,250,wilderness,0.002692385,96.08878303,Wildlife,keep
5370,250,timber,0.00267357,65.74976449,Wildlife,keep
5371,250,wolves,0.002278461,108.7375412,Wildlife,keep
5372,250,interior-department,0.00203387,139.8257393,Wildlife,drop
5373,250,arctic,0.001996241,93.46874563,Wildlife,keep
5374,250,wetlands,0.001977426,103.816423,Wildlife,keep
5375,250,endangered-species,0.001902167,116.0087551,Wildlife,keep
5376,250,audubon,0.001544688,84.65999579,Wildlife,keep
5377,250,landowners,0.001469429,102.4076805,Wildlife,drop
5378,250,logging,0.001224838,31.80315998,Wildlife,keep
5379,250,interior-secretary,0.001149579,244.1862908,Wildlife,drop
5380,250,zinke,0.001149579,343.5960987,Wildlife,drop
5381,250,environmental-groups,0.001130764,77.68667373,Wildlife,keep
5382,250,grouse,0.001017876,97.65094094,Wildlife,keep
5383,250,tracts,0.000923802,44.0228703,Wildlife,drop
5384,250,yellowstone,0.000923802,86.3029123,Wildlife,drop
5385,250,anchorage,0.000867358,45.85170915,Wildlife,drop
5386,250,ecology,0.000810914,67.06033029,Wildlife,keep
5387,250,conservationists,0.000773285,171.1047516,Wildlife,keep
5388,250,grazing,0.00075447,32.73412736,Wildlife,drop
5389,250,ecological,0.000735655,34.57012909,Wildlife,keep
5390,250,wildlife-refuge,0.000698026,48.06933413,Wildlife,keep
5391,250,ranchers,0.000679211,81.69279694,Wildlife,drop
5392,250,alaskan,0.000641582,37.60589069,Wildlife,keep
5393,250,habitats,0.000585138,42.59785177,Wildlife,keep
5394,250,ecosystems,0.000547508,40.99942408,Wildlife,keep
5406,253,bank,0.094178907,45.07646614,Banks,keep
5407,253,banks,0.058640233,393.8704462,Banks,keep
5408,253,banking,0.015809024,215.6461291,Banks,keep
5409,253,bankers,0.006341521,97.52474282,Banks,keep
5410,253,deposits,0.006270444,167.5709337,Banks,keep
5411,253,fdic,0.005190068,1613.998007,Banks,keep
5412,253,thrift,0.003669013,100.7341706,Banks,keep
5413,253,citigroup,0.003484212,154.2628807,Banks,keep
5414,253,wells-fargo,0.003484212,96.67910625,Banks,keep
5415,253,financial-institutions,0.003228333,93.15315165,Banks,drop
5416,253,bailout,0.003000886,117.6448859,Banks,drop
5417,253,jpmorgan,0.003000886,664.0062131,Banks,keep
5418,253,citicorp,0.002531775,86.23537027,Banks,keep
5419,253,dimon,0.002403836,222.3351503,Banks,drop
5420,253,barclays,0.002190604,32.96008999,Banks,drop
5421,253,j.p-morgan,0.002162173,83.70276044,Banks,keep
5422,253,thrifts,0.002162173,575.8144628,Banks,keep
5423,253,depositors,0.00207688,621.8871214,Banks,keep
5424,253,federal-deposit-insurance,0.00192051,424.9513946,Banks,keep
5425,253,bancorp,0.001849433,102.5735679,Banks,keep
5426,253,deutsche-bank,0.001721493,31.59964623,Banks,keep
5427,253,mellon,0.001508261,34.5102443,Banks,drop
5428,253,bankamerica,0.001494046,397.8836294,Banks,keep
5429,253,banking-system,0.001494046,330.5876504,Banks,keep
5430,253,bankers-trust,0.001451399,181.3844129,Banks,drop
5431,253,citibank,0.001394538,71.26826891,Banks,keep
5432,253,pnc,0.001366107,62.604189,Banks,keep
5433,253,hsbc,0.001280814,46.56810256,Banks,keep
5434,253,wachovia,0.001280814,74.30054241,Banks,keep
5435,253,chase-manhattan,0.001266598,64.64923343,Banks,keep
5436,253,home-loan,0.001223952,256.9250774,Banks,keep
5437,253,volcker,0.00116709,258.2421132,Banks,drop
5438,253,citi,0.001124444,48.17323505,Banks,keep
5439,253,bank-holding-company,0.001039151,229.9329899,Banks,keep
5440,253,deposit-insurance,0.000982289,284.958047,Banks,keep
5441,253,ls,0.000968073,64.38149203,Banks,drop
5442,253,jpmorgan-chase,0.000925427,44.69097228,Banks,drop
5443,253,bcci,0.000911212,242.6673706,Banks,drop
5444,253,geithner,0.000811703,107.7982671,Banks,drop
5445,253,citigroup-inc,0.000797488,36.05713681,Banks,keep
5446,253,continental-illinois,0.000797488,188.3708162,Banks,drop
5447,253,bank-holding,0.000783272,167.3695935,Banks,keep
5448,253,savings-loan-association,0.000740626,197.2382216,Banks,keep
5449,253,fslic,0.000712195,221.47713,Banks,drop
5450,253,nonperforming,0.000712195,213.2549266,Banks,drop
5451,253,insolvent,0.00069798,40.97743124,Banks,drop
5452,253,rtc,0.00069798,146.3450256,Banks,drop
5453,253,svb,0.00069798,208.9983413,Banks,drop
5454,253,examiners,0.000683764,34.9908326,Banks,drop
5455,253,j.p-morgan-chase,0.000683764,45.75723033,Banks,drop
5456,254,russia,0.039643224,437.408972,UkraineConflict,keep
5457,254,russian,0.034057607,281.2947024,UkraineConflict,keep
5458,254,ukraine,0.029982012,2291.125455,UkraineConflict,keep
5459,254,moscow,0.011158041,580.8428823,UkraineConflict,keep
5460,254,ukrainian,0.010835512,2885.636134,UkraineConflict,keep
5461,254,putin,0.009677339,2577.199854,UkraineConflict,keep
5462,254,nato,0.0089883,1988.841788,UkraineConflict,drop
5463,254,kyiv,0.003578607,1112.86876,UkraineConflict,keep
5464,254,russians,0.003563947,114.0848076,UkraineConflict,keep
5465,254,kremlin,0.003534626,941.3162927,UkraineConflict,keep
5466,254,zelensky,0.002918888,846.7576889,UkraineConflict,keep
5467,254,president-vladimir-putin,0.002742963,821.3346505,UkraineConflict,keep
5468,254,ukrainians,0.002244509,651.1230646,UkraineConflict,keep
5469,254,erdogan,0.001687414,398.5759524,UkraineConflict,drop
5470,254,vladimir-putin,0.001320903,283.0642223,UkraineConflict,keep
5471,254,eastern-ukraine,0.001306243,406.2130541,UkraineConflict,keep
5472,254,russian-forces,0.001291582,386.7428258,UkraineConflict,keep
5473,254,navalny,0.001276922,397.0949159,UkraineConflict,keep
5474,254,crimea,0.00118896,369.7405015,UkraineConflict,keep
5475,254,russia’s,0.001100997,329.6752125,UkraineConflict,keep
5476,254,volodymyr,0.001027695,298.1301556,UkraineConflict,keep
5477,254,tyler-hicks,0.000998374,289.6243024,UkraineConflict,drop
5478,254,separatists,0.000939733,250.2628551,UkraineConflict,keep
5479,254,russian-invasion,0.00086643,251.3479629,UkraineConflict,keep
5480,254,president-vladimir-v-putin,0.000807789,234.3362564,UkraineConflict,keep
5481,254,sergei,0.000778468,42.17007863,UkraineConflict,drop
5482,254,brendan-hoffman,0.000749147,199.5075179,UkraineConflict,drop
5483,254,gershkovich,0.000734487,219.9298022,UkraineConflict,drop
5484,254,counteroffensive,0.000617203,80.23394757,UkraineConflict,drop
5485,254,baltic,0.000587883,34.55958495,UkraineConflict,drop
5486,254,north-atlantic-treaty,0.000573222,35.40065141,UkraineConflict,drop
5487,254,odessa,0.00049992,33.58482944,UkraineConflict,drop
5542,258,trial,0.025216509,144.8554194,Criminal,keep
5543,258,prosecutors,0.018423474,863.0775402,Criminal,keep
5544,258,jury,0.01295493,575.3130896,Criminal,keep
5545,258,convicted,0.007576693,384.210471,Criminal,keep
5546,258,indictment,0.006553222,139.3062767,Criminal,keep
5547,258,testimony,0.006462916,62.69832814,Criminal,keep
5548,258,testified,0.006061555,149.0021002,Criminal,keep
5549,258,jurors,0.00585084,1751.936554,Criminal,keep
5550,258,guilty,0.005820738,36.31462672,Criminal,keep
5551,258,defendants,0.005620058,263.6241845,Criminal,keep
5552,258,prosecution,0.005329071,242.9606824,Criminal,keep
5553,258,pleaded-guilty,0.005268867,238.5784397,Criminal,keep
5554,258,defendant,0.004716995,479.3828708,Criminal,keep
5555,258,witnesses,0.004626689,44.02918293,Criminal,keep
5556,258,conspiracy,0.004476179,32.84126628,Criminal,keep
5557,258,sentenced,0.004466145,275.7774007,Criminal,keep
5558,258,verdict,0.004295566,76.68913952,Criminal,keep
5559,258,courtroom,0.004165124,194.8948909,Criminal,keep
5560,258,prosecutor,0.004114954,100.907012,Criminal,keep
5561,258,indicted,0.003512912,173.4012667,Criminal,keep
5562,258,plea,0.00343264,77.28131454,Criminal,drop
5563,258,testify,0.003181789,132.7131404,Criminal,keep
5564,258,grand-jury,0.00276036,183.5002483,Criminal,keep
5565,258,sentencing,0.002629918,559.7990351,Criminal,keep
5566,258,district-attorney,0.00250951,48.04968957,Criminal,keep
5567,258,pleaded,0.002188421,49.8538124,Criminal,keep
5568,258,felony,0.001766992,42.41499726,Criminal,keep
5569,258,federal-prosecutors,0.00173689,110.4997922,Criminal,keep
5570,258,attorney-office,0.001496073,78.70074377,Criminal,drop
5571,258,acquitted,0.001375665,64.58282295,Criminal,keep
5572,258,defense-lawyers,0.001335529,152.0249097,Criminal,keep
5573,258,juror,0.001295393,78.92716268,Criminal,keep
5574,258,racketeering,0.00121512,116.1508007,Criminal,keep
5575,258,found-guilty,0.001124814,60.83418172,Criminal,keep
5576,258,conspiring,0.001054576,55.09639993,Criminal,keep
5577,258,defense-attorneys,0.001024474,297.1957578,Criminal,keep
5578,258,indictments,0.00096427,51.32660313,Criminal,keep
5579,258,juries,0.0009141,74.49787005,Criminal,keep
5580,258,bribery,0.000904066,32.16152509,Criminal,keep
5581,258,plead-guilty,0.000873964,48.19125799,Criminal,keep
5582,258,prosecuting,0.000843862,36.82066835,Criminal,keep
5583,258,district-attorney-office,0.000833828,40.31597147,Criminal,keep
5584,258,guilty-plea,0.000793691,81.1866672,Criminal,drop
5585,258,extortion,0.000733487,32.25326738,Criminal,keep
5586,258,perjury,0.000733487,103.488214,Criminal,keep
5587,258,cross-examination,0.000673283,179.3039515,Criminal,keep
5588,258,prison-sentence,0.000643181,39.72869337,Criminal,keep
5589,258,bribe,0.000603045,37.34063679,Criminal,keep
5590,258,witness-stand,0.000603045,187.533828,Criminal,keep
5591,258,wire-fraud,0.000552875,115.3809017,Criminal,keep
5592,261,artist,0.014453813,89.31545551,Art,keep
5593,261,painting,0.009904563,281.345312,Art,keep
5594,261,paintings,0.008245881,553.4175157,Art,keep
5595,261,painted,0.004084626,36.96985148,Art,keep
5596,261,portrait,0.003434733,30.04347214,Art,keep
5597,261,sculpture,0.003104936,180.7785618,Art,keep
5598,261,drawings,0.003027337,77.04899173,Art,keep
5599,261,painter,0.002940038,80.67643194,Art,keep
5600,261,abstract,0.00275574,38.87396079,Art,keep
5601,261,photography,0.002610242,30.91659882,Art,keep
5602,261,portraits,0.002513243,113.2036964,Art,keep
5603,261,prints,0.002096147,83.89089464,Art,keep
5604,261,picasso,0.001649952,348.3729914,Art,keep
5605,261,canvas,0.001640252,46.62719184,Art,keep
5606,261,retrospective,0.001300756,48.38168779,Art,keep
5607,261,stella,0.001223157,34.75424718,Art,keep
5608,261,landscapes,0.001116458,42.21905837,Art,keep
5609,261,sculptor,0.001097058,60.19537807,Art,keep
5610,261,gogh,0.000854561,106.5655158,Art,keep
5611,261,matisse,0.000835161,178.9346447,Art,keep
5612,261,photographic,0.000825461,30.76416853,Art,keep
5613,261,calder,0.000815761,38.4319774,Art,keep
5614,261,abstraction,0.000776962,37.82953884,Art,keep
5615,261,painters,0.000709062,52.21835888,Art,keep
5616,261,canvases,0.000689663,200.0683085,Art,keep
5617,261,collage,0.000650863,30.00378207,Art,keep
5618,261,untitled,0.000641163,38.8008332,Art,drop
5619,261,warhol,0.000621763,165.5835562,Art,keep
5620,261,degas,0.000602363,180.3677005,Art,keep
5621,261,andy-warhol,0.000573264,59.02320799,Art,keep
5622,261,collages,0.000573264,166.3015053,Art,keep
5623,261,impressionist,0.000544164,113.1100553,Art,keep
5624,261,magritte,0.000515064,160.173809,Art,keep
5625,261,vermeer,0.000515064,113.9683477,Art,keep
5626,261,rothko,0.000476265,126.8354541,Art,keep
5627,261,geometric,0.000456865,40.04395922,Art,keep
5628,261,self-portrait,0.000456865,43.77556149,Art,keep
5629,261,louvre,0.000447165,34.04029695,Art,keep
5630,261,expressionist,0.000418065,92.50538205,Art,keep
5631,261,monet,0.000408366,40.96941098,Art,keep
5632,261,reproductions,0.000379266,34.50131429,Art,drop
5712,265,surgery,0.007897801,59.52267427,Disease,keep
5713,265,brain,0.006713878,44.20284035,Disease,keep
5714,265,symptoms,0.005886281,336.0235925,Disease,keep
5715,265,transplant,0.003690851,141.0121127,Disease,keep
5716,265,kidney,0.00313912,177.1562081,Disease,keep
5717,265,diagnosed,0.003035671,91.7152628,Disease,keep
5718,265,diagnosis,0.002897738,108.6444096,Disease,keep
5719,265,tissue,0.00285176,131.2145288,Disease,keep
5720,265,liver,0.002840266,190.3747408,Disease,keep
5721,265,blood-pressure,0.002794288,131.326547,Disease,keep
5722,265,syndrome,0.002541411,31.29933348,Disease,keep
5723,265,diseases,0.002483939,61.16151965,Disease,keep
5724,265,breast-cancer,0.002242557,58.22233449,Disease,keep
5725,265,organ,0.002127613,40.08547382,Disease,keep
5726,265,organs,0.002081636,96.04500941,Disease,keep
5727,265,heart-disease,0.001713815,61.53688715,Disease,keep
5728,265,heart-attack,0.001644848,45.23925265,Disease,keep
5729,265,disorders,0.00162186,43.5405532,Disease,keep
5730,265,lung,0.001564388,43.96811494,Disease,drop
5731,265,arthritis,0.001529904,87.0945213,Disease,keep
5732,265,radiation,0.001472432,65.36353398,Disease,drop
5733,265,cancers,0.001437949,339.6511559,Disease,keep
5734,265,asthma,0.001391972,36.23871966,Disease,keep
5735,265,illnesses,0.001368983,35.1153325,Disease,keep
5736,265,chemotherapy,0.001254039,193.5720512,Disease,keep
5737,265,parkinson,0.00123105,66.11146968,Disease,keep
5738,265,transplants,0.001219556,70.43969806,Disease,keep
5739,265,lungs,0.001185072,55.79016137,Disease,drop
5740,265,tumor,0.0011276,64.51533637,Disease,keep
5741,265,breast,0.001116106,35.00926244,Disease,drop
5742,265,cardiovascular,0.001116106,137.2816368,Disease,keep
5743,265,cardiac,0.001058634,64.52807782,Disease,keep
5744,265,artery,0.001035645,54.17707647,Disease,drop
5745,265,inflammation,0.001024151,39.52299201,Disease,keep
5746,265,neurological,0.001001162,35.54048852,Disease,keep
5747,265,arteries,0.000989668,58.08985879,Disease,drop
5748,265,hypertension,0.000955184,66.45043258,Disease,keep
5749,265,coronary,0.00094369,144.8935554,Disease,drop
5750,265,prostate-cancer,0.000909207,49.22457645,Disease,drop
5751,265,implants,0.000840241,137.2199714,Disease,drop
5752,265,kidneys,0.000840241,45.4864135,Disease,keep
5753,265,clots,0.000782769,173.2032554,Disease,keep
5754,265,allergies,0.000748285,35.26434358,Disease,drop
5755,265,angioplasty,0.000748285,232.7004262,Disease,drop
5756,265,scans,0.000748285,36.23483539,Disease,keep
5757,265,tumors,0.000736791,44.92888173,Disease,keep
5758,265,therapies,0.000702308,43.94260207,Disease,drop
5759,265,blood-vessels,0.000633341,168.6669464,Disease,keep
5760,265,cardiologist,0.000633341,32.2948738,Disease,drop
5761,265,cancer-patients,0.000621847,61.36066989,Disease,keep
5776,267,christmas,0.02995492,727.3973308,HolidaySeason,keep
5777,267,holiday,0.021227849,85.89490829,HolidaySeason,keep
5778,267,thanksgiving,0.009030011,258.7699646,HolidaySeason,keep
5779,267,gift,0.008909638,31.04713186,HolidaySeason,keep
5780,267,gifts,0.00838802,58.01962798,HolidaySeason,keep
5781,267,toy,0.00820746,137.1895095,HolidaySeason,drop
5782,267,toys,0.006421921,69.95940745,HolidaySeason,drop
5783,267,holidays,0.006120987,61.37167981,HolidaySeason,keep
5784,267,santa,0.004997502,151.2324024,HolidaySeason,keep
5785,267,candy,0.003894079,44.61661747,HolidaySeason,keep
5786,267,doll,0.002830781,54.47439776,HolidaySeason,drop
5787,267,holiday-season,0.002790657,168.6725881,HolidaySeason,keep
5788,267,halloween,0.002590034,66.5227971,HolidaySeason,drop
5789,267,barbie,0.002529848,148.3549637,HolidaySeason,drop
5790,267,dolls,0.002148665,72.62630232,HolidaySeason,drop
5791,267,mattel,0.001927981,400.8611495,HolidaySeason,drop
5792,267,cookies,0.001767483,36.13138667,HolidaySeason,keep
5793,267,claus,0.001586923,351.138504,HolidaySeason,keep
5794,267,hasbro,0.001466549,239.6876252,HolidaySeason,drop
5795,267,christmas-tree,0.0013863,66.00016248,HolidaySeason,keep
5796,267,poe,0.001265927,61.25006866,HolidaySeason,drop
5797,267,christmas-eve,0.00120574,66.28390538,HolidaySeason,keep
5798,267,pumpkin,0.001145554,62.09877626,HolidaySeason,drop
5799,267,nativity,0.00102518,216.7607158,HolidaySeason,drop
5800,267,toys-r,0.000924869,103.0071659,HolidaySeason,drop
5801,267,chocolates,0.000904807,59.07921098,HolidaySeason,drop
5802,267,decorations,0.000904807,33.10333683,HolidaySeason,keep
5803,267,girl-scouts,0.000563749,30.61294019,HolidaySeason,drop
5804,267,carols,0.000523624,115.8623888,HolidaySeason,keep
5805,267,elf,0.0004835,30.88611996,HolidaySeason,keep
5822,270,yankees,0.008899868,284.8016149,Baseball,keep
5823,270,mets,0.007998306,767.0639539,Baseball,keep
5824,270,nationals,0.005398319,54.92076106,Baseball,drop
5825,270,innings,0.005020244,1110.829903,Baseball,keep
5826,270,orioles,0.004316445,900.688607,Baseball,keep
5827,270,pitcher,0.003845306,157.4190534,Baseball,keep
5828,270,inning,0.003589379,794.222145,Baseball,keep
5829,270,pitching,0.003263653,87.02685364,Baseball,keep
5830,270,pitched,0.002839047,32.55092671,Baseball,keep
5831,270,home-runs,0.002199229,188.5042215,Baseball,keep
5832,270,starter,0.002123614,41.15522118,Baseball,keep
5833,270,red-sox,0.002094531,463.4571292,Baseball,keep
5834,270,major-league,0.002088715,139.6892233,Baseball,keep
5835,270,pitchers,0.002071265,120.634033,Baseball,keep
5836,270,pitches,0.002065449,50.78743524,Baseball,keep
5837,270,catcher,0.001954935,110.8131598,Baseball,keep
5838,270,homer,0.001890953,50.69293454,Baseball,keep
5839,270,shortstop,0.001664108,482.7511001,Baseball,drop
5840,270,strasburg,0.001588494,91.96364794,Baseball,keep
5841,270,bullpen,0.001512879,453.0062933,Baseball,keep
5842,270,fastball,0.001466346,314.15199,Baseball,keep
5843,270,phillies,0.00146053,323.1715777,Baseball,keep
5844,270,braves,0.001448897,308.1698558,Baseball,keep
5845,270,cubs,0.001448897,181.764587,Baseball,drop
5846,270,reliever,0.001437264,97.83932125,Baseball,keep
5847,270,dodgers,0.001413998,297.8548116,Baseball,drop
5848,270,homers,0.001361649,362.6246349,Baseball,keep
5849,270,royals,0.001350016,90.94318246,Baseball,drop
5850,270,rbi,0.001344199,402.4980945,Baseball,keep
5851,270,outfielder,0.001338383,90.8687174,Baseball,drop
5852,270,spring-training,0.00132675,118.1172755,Baseball,keep
5853,270,astros,0.001320933,351.7815232,Baseball,drop
5854,270,hitter,0.001245318,160.1420918,Baseball,keep
5855,270,batters,0.001227869,326.9972679,Baseball,keep
5856,270,hitters,0.001187153,74.05077729,Baseball,drop
5857,270,mound,0.001128988,39.23420861,Baseball,keep
5858,270,majors,0.001123171,32.57769333,Baseball,keep
5859,270,outs,0.001117355,81.22665922,Baseball,keep
5860,270,girardi,0.001047557,278.9777734,Baseball,drop
5861,270,marlins,0.00104174,219.0806692,Baseball,drop
5862,270,blue-jays,0.001035923,229.218869,Baseball,keep
5863,270,jeter,0.001006841,102.8448057,Baseball,keep
5864,270,white-sox,0.001001024,266.1748809,Baseball,keep
5865,270,right-hander,0.000995208,288.7057436,Baseball,keep
5866,270,batting,0.000977758,52.33996214,Baseball,keep
5867,270,two-run,0.000971942,302.2526708,Baseball,keep
5868,270,postseason,0.000942859,40.93563645,Baseball,keep
5869,270,homered,0.000937042,280.5817526,Baseball,keep
5870,270,third-baseman,0.00090796,241.8013905,Baseball,drop
5871,270,fielder,0.000902143,213.0909925,Baseball,drop
5954,276,kitchen,0.010173455,35.35918908,Home,keep
5955,276,furniture,0.007147557,83.8730792,Home,keep
5956,276,bedrooms,0.004224668,404.8442076,Home,keep
5957,276,living-room,0.004083031,57.43470153,Home,keep
5958,276,bathrooms,0.003439223,179.8898328,Home,keep
5959,276,bathroom,0.003284709,33.43476548,Home,keep
5960,276,dining-room,0.00274391,74.71551619,Home,keep
5961,276,fireplace,0.002512139,124.0140458,Home,keep
5962,276,renovated,0.002254616,107.2981867,Home,keep
5963,276,ceilings,0.001713817,45.5884032,Home,keep
5964,276,victorian,0.001391913,37.16698492,Home,drop
5965,276,furnishings,0.001314656,70.08384673,Home,keep
5966,276,baths,0.001276028,72.79117579,Home,drop
5967,276,cabinets,0.001211647,36.70949701,Home,keep
5968,276,fireplaces,0.001211647,351.493816,Home,keep
5969,276,antiques,0.001173018,31.91720461,Home,drop
5970,276,porch,0.001160142,30.53257037,Home,drop
5971,276,sofa,0.001082885,33.83411927,Home,drop
5972,276,two-story,0.001057133,64.85362258,Home,drop
5973,276,furnished,0.00103138,45.48368803,Home,keep
5974,276,tub,0.00103138,56.21981204,Home,keep
5975,276,three-bedroom,0.001018504,57.6120118,Home,drop
5976,276,swimming-pool,0.000979876,46.03414454,Home,drop
5977,276,amenities,0.000941247,45.50154657,Home,keep
5978,276,four-bedroom,0.000825362,43.16850401,Home,drop
5979,276,coldwell,0.000812486,106.5326135,Home,drop
5980,276,flooring,0.000812486,37.43049694,Home,keep
5981,276,tiles,0.00079961,38.06355226,Home,keep
5982,276,decorating,0.000786733,40.71623907,Home,keep
5983,276,ikea,0.000735229,52.96125743,Home,keep
5984,276,listing-agent,0.000722353,209.5515736,Home,drop
5985,276,duplex,0.000683724,37.03490456,Home,drop
5986,276,interior-designer,0.000683724,30.54257006,Home,keep
5987,276,wallpaper,0.000683724,33.08963895,Home,keep
5988,276,foyer,0.000670848,56.18544483,Home,keep
5989,276,closets,0.000657972,138.6769854,Home,keep
5990,276,five-bedroom,0.00063222,168.3681864,Home,drop
5991,276,hardwood,0.000619343,33.40205308,Home,keep
5992,276,staircase,0.000619343,37.63817374,Home,keep
5993,276,rugs,0.000606467,35.29283545,Home,drop
5994,276,sofas,0.000580715,34.48622659,Home,drop
5995,276,prewar,0.000554963,39.91304855,Home,drop
6021,280,climate,0.015662809,96.7885268,ClimateChange,keep
6022,280,climate-change,0.010109184,396.9943422,ClimateChange,keep
6023,280,emissions,0.009950509,2121.100195,ClimateChange,keep
6024,280,solar,0.008363759,454.8237692,ClimateChange,keep
6025,280,carbon,0.004761837,120.9835662,ClimateChange,keep
6026,280,global-warming,0.003984329,219.0964456,ClimateChange,keep
6027,280,pollution,0.003333762,42.07136328,ClimateChange,keep
6028,280,renewable-energy,0.002651459,706.1177079,ClimateChange,keep
6029,280,carbon-dioxide,0.002508652,536.0485561,ClimateChange,keep
6030,280,fossil-fuels,0.002302374,667.909451,ClimateChange,keep
6031,280,clean-energy,0.002223037,245.1967048,ClimateChange,keep
6032,280,power-plants,0.002143699,172.8030996,ClimateChange,keep
6033,280,clean-air,0.001873952,108.1151052,ClimateChange,keep
6034,280,warming,0.001715277,33.65124078,ClimateChange,keep
6035,280,recycling,0.001588337,32.05916487,ClimateChange,keep
6036,280,sustainability,0.001572469,69.37465655,ClimateChange,keep
6037,280,fossil-fuel,0.001540734,461.3471852,ClimateChange,keep
6038,280,solar-panels,0.001524867,156.720473,ClimateChange,keep
6039,280,fusion,0.001461397,31.84735021,ClimateChange,drop
6040,280,methane,0.001445529,341.4416005,ClimateChange,keep
6041,280,greenhouse-gases,0.001382059,368.0601577,ClimateChange,keep
6042,280,esg,0.001318589,291.7643542,ClimateChange,keep
6043,280,renewable,0.001318589,78.36089424,ClimateChange,keep
6044,280,carbon-emissions,0.001286854,385.3270517,ClimateChange,keep
6045,280,greenhouse-gas,0.001144047,304.6743671,ClimateChange,keep
6046,280,greenhouse-gas-emissions,0.001096444,328.3119516,ClimateChange,keep
6047,280,sulfur,0.001048842,103.9952866,ClimateChange,drop
6049,280,nitrogen,0.000906034,46.20740046,ClimateChange,drop
6050,280,hydropower,0.000858432,202.7660876,ClimateChange,keep
6051,280,coal-fired,0.000715624,190.5799439,ClimateChange,keep
6052,280,greenhouse,0.000620419,31.01964573,ClimateChange,keep
6053,280,gases,0.000541082,51.98055907,ClimateChange,keep
6054,280,emit,0.000525214,35.25339089,ClimateChange,keep
6055,282,investigation,0.031711692,117.1040516,Investigation,drop
6056,282,allegations,0.010021313,156.1722593,Investigation,keep
6057,282,investigators,0.008701603,118.3518803,Investigation,keep
6058,282,fbi,0.006778597,99.16785983,Investigation,keep
6059,282,investigations,0.006307272,117.7983632,Investigation,keep
6060,282,inquiry,0.005949065,112.0388946,Investigation,keep
6061,282,alleged,0.005807667,32.90897953,Investigation,drop
6062,282,probe,0.005572005,70.58439188,Investigation,keep
6063,282,f.b.i,0.003196527,180.3084948,Investigation,keep
6064,282,wrongdoing,0.003158821,151.8196091,Investigation,drop
6065,282,allegedly,0.002668642,43.80577229,Investigation,drop
6066,282,investigated,0.002178464,42.7345282,Investigation,keep
6067,282,federal-bureau,0.001594021,43.61250146,Investigation,keep
6068,282,misconduct,0.001452624,47.24541757,Investigation,keep
6069,282,criminal-charges,0.001443197,53.05280061,Investigation,keep
6070,282,affidavit,0.001386638,75.49903544,Investigation,keep
6071,282,improper,0.0013018,31.48519133,Investigation,drop
6072,282,criminal-investigation,0.001037858,224.2976289,Investigation,keep
6073,282,allegation,0.000905887,40.55489311,Investigation,keep
6074,282,laundering,0.000858754,37.61772738,Investigation,drop
6075,282,schneiderman,0.00073621,66.91388161,Investigation,drop
6076,282,bribes,0.000689077,38.15430344,Investigation,drop
6077,282,fbi-agents,0.000689077,45.85243234,Investigation,keep
6078,282,informant,0.000651371,62.84849461,Investigation,drop
6079,282,independent-counsel,0.000604239,127.7336605,Investigation,keep
6080,282,special-prosecutor,0.000594812,32.76955532,Investigation,keep
6081,282,criminal-complaint,0.000472268,32.35017471,Investigation,drop
6082,282,accusers,0.000274311,33.02338799,Investigation,drop
6115,285,theater,0.03431793,368.5437208,Broadway,keep
6116,285,broadway,0.014425777,359.3280368,Broadway,keep
6117,285,musical,0.010470612,208.1898066,Broadway,keep
6118,285,actors,0.006705802,79.17603169,Broadway,keep
6119,285,shakespeare,0.004622467,104.2255921,Broadway,keep
6120,285,productions,0.003300553,70.82414802,Broadway,keep
6121,285,playwright,0.003152499,233.0955082,Broadway,keep
6122,285,theatrical,0.002401652,48.36279857,Broadway,keep
6123,285,costumes,0.002211297,45.25742444,Broadway,keep
6124,285,onstage,0.002031517,63.12095814,Broadway,keep
6125,285,staging,0.001767134,30.96538127,Broadway,keep
6126,285,artistic-director,0.001693107,399.9206931,Broadway,keep
6127,285,musicals,0.001661381,442.4470726,Broadway,keep
6128,285,costume,0.001270094,32.80573342,Broadway,keep
6129,285,previews,0.001217218,62.67300343,Broadway,keep
6130,285,playwrights,0.001164341,310.079075,Broadway,keep
6131,285,troupe,0.001090314,44.31360216,Broadway,keep
6132,285,hamlet,0.001058588,39.37163448,Broadway,drop
6133,285,mamet,0.001005712,222.5339172,Broadway,keep
6134,285,telecharge.com,0.000952835,285.3106113,Broadway,drop
6135,285,sondheim,0.000899959,261.0743615,Broadway,keep
6136,285,brantley,0.000889383,191.5076699,Broadway,keep
6137,285,239-6200,0.000878808,234.037885,Broadway,drop
6138,285,isherwood,0.000857657,228.4052042,Broadway,drop
6139,285,krulwich,0.000847082,93.53576343,Broadway,drop
6140,285,cabaret,0.000794206,41.6543941,Broadway,keep
6141,285,hammerstein,0.00076248,203.0581409,Broadway,keep
6142,285,macbeth,0.000656727,34.68604386,Broadway,keep
6143,285,tony-award,0.000656727,190.5137232,Broadway,keep
6144,285,beckett,0.00060385,30.20490405,Broadway,drop
6145,285,neil-simon,0.000593275,131.2739512,Broadway,keep
6146,285,actresses,0.000508672,33.27635529,Broadway,keep
6147,285,folger,0.000508672,109.0470577,Broadway,keep
6148,285,rehearsals,0.000508672,68.97608751,Broadway,keep
6149,285,monologues,0.00044522,30.78196565,Broadway,keep
6225,293,yards,0.024943151,168.9723812,AmericanFootball,keep
6226,293,touchdown,0.009491318,2241.899244,AmericanFootball,keep
6227,293,touchdowns,0.005220773,1514.525002,AmericanFootball,keep
6228,293,kick,0.004928769,31.36774295,AmericanFootball,keep
6229,293,field-goal,0.003821591,902.6798521,AmericanFootball,keep
6230,293,interception,0.002787413,658.4016368,AmericanFootball,keep
6231,293,end-zone,0.002507577,667.7999787,AmericanFootball,keep
6232,293,touchdown-pass,0.002069572,600.3745114,AmericanFootball,keep
6233,293,punt,0.001923571,425.6286308,AmericanFootball,keep
6234,293,two-touchdowns,0.001899237,568.6948621,AmericanFootball,keep
6235,293,fumble,0.001497733,94.61165482,AmericanFootball,keep
6236,293,interceptions,0.001485566,350.8984716,AmericanFootball,keep
6237,293,intercepted,0.001230063,59.11874272,AmericanFootball,keep
6238,293,touchdown-passes,0.001193563,317.8611253,AmericanFootball,keep
6239,293,kickoff,0.001108395,44.72019333,AmericanFootball,keep
6240,293,field-goals,0.000950227,275.6569626,AmericanFootball,keep
6241,293,sat-vs,0.000779892,242.5293177,AmericanFootball,drop
6242,293,rushing-yards,0.000731225,218.9529866,AmericanFootball,keep
6243,293,sacked,0.000682557,66.9539795,AmericanFootball,keep
6244,293,kicker,0.000646057,31.90740935,AmericanFootball,keep
6245,293,yards-rushing,0.00063389,168.8130951,AmericanFootball,keep
6246,293,fumbled,0.00059739,43.38024966,AmericanFootball,keep
6247,293,hostetler,0.000560889,106.2929185,AmericanFootball,drop
6248,293,game-winning,0.000475722,50.95240202,AmericanFootball,keep
6249,293,two-point,0.000463555,98.78787434,AmericanFootball,keep
6250,293,14-0,0.000414888,97.99867226,AmericanFootball,drop
6251,293,tailback,0.000414888,124.2312287,AmericanFootball,drop
6252,293,career-high,0.000390554,81.23854529,AmericanFootball,drop
6253,293,fumbles,0.000390554,86.4179573,AmericanFootball,keep
6254,294,buyers,0.013499856,49.21370502,Auction,keep
6255,294,auction,0.010135406,40.48312434,Auction,keep
6256,294,buyer,0.009077232,58.09092532,Auction,keep
6257,294,sellers,0.006798088,60.59981474,Auction,drop
6258,294,seller,0.005658516,134.4137049,Auction,drop
6260,294,auctions,0.002483995,116.9400977,Auction,keep
6261,294,asking-price,0.001018831,54.57583688,Auction,keep
6262,294,purchase-price,0.000842469,34.10256789,Auction,drop
6263,294,potential-buyers,0.000788204,44.97857494,Auction,drop
6266,294,purchaser,0.000598275,40.38847302,Auction,keep
6267,294,auctioneer,0.000584709,52.83964198,Auction,keep
6268,295,suit,0.019447368,61.149972,Lawsuit,keep
6269,295,settlement,0.01777445,63.1714095,Lawsuit,keep
6270,295,lawsuit,0.017489699,342.4202833,Lawsuit,drop
6271,295,lawsuits,0.009231894,164.0795814,Lawsuit,keep
6272,295,complaint,0.007392871,73.01105631,Lawsuit,drop
6273,295,litigation,0.00706066,116.9044093,Lawsuit,keep
6274,295,sued,0.006823367,134.2943616,Lawsuit,drop
6275,295,plaintiffs,0.005767412,1212.031442,Lawsuit,keep
6276,295,damages,0.005589442,236.9258765,Lawsuit,keep
6277,295,antitrust,0.004509758,157.8151536,Lawsuit,drop
6278,295,ftc,0.004189412,308.4118662,Lawsuit,keep
6279,295,attorneys,0.003430074,66.00230791,Lawsuit,keep
6280,295,alleging,0.003204645,81.21277527,Lawsuit,drop
6281,295,district-court,0.002824976,160.1585487,Lawsuit,keep
6282,295,settlements,0.002540224,50.3722357,Lawsuit,keep
6283,295,arbitration,0.002243608,120.1448457,Lawsuit,drop
6284,295,alleges,0.00217242,105.004522,Lawsuit,keep
6285,295,suing,0.00214869,80.17489402,Lawsuit,keep
6286,295,class-action,0.001875803,583.3338765,Lawsuit,keep
6287,295,lawsuit-filed,0.001567322,78.45276295,Lawsuit,keep
6288,295,suit-filed,0.001507999,401.599416,Lawsuit,keep
6289,295,plaintiff,0.00146054,124.9452908,Lawsuit,keep
6290,295,punitive-damages,0.001353758,360.5231578,Lawsuit,keep
6291,295,legal-fees,0.001199517,57.76131781,Lawsuit,drop
6292,295,attorneys-general,0.001128329,61.12756487,Lawsuit,keep
6293,295,trade-commission,0.001092735,44.81127137,Lawsuit,keep
6294,295,filed-suit,0.001009683,73.55479386,Lawsuit,keep
6295,295,defamation,0.000950359,66.00720721,Lawsuit,keep
6296,295,trial-lawyers,0.000950359,45.91635615,Lawsuit,drop
6297,295,deposition,0.000784254,52.77326171,Lawsuit,keep
6298,295,allege,0.00074866,32.94582839,Lawsuit,drop
6299,295,libel,0.000701202,83.18255078,Lawsuit,keep
6300,295,restitution,0.000653743,34.95186157,Lawsuit,keep
6301,295,eeoc,0.000641878,133.9371748,Lawsuit,keep
6302,295,tort,0.000630014,139.4031534,Lawsuit,keep
6303,295,scruggs,0.000546961,73.68592821,Lawsuit,drop
6304,295,suit-alleges,0.000546961,145.6627307,Lawsuit,keep
6305,295,class-action-lawsuit,0.000535096,58.49777595,Lawsuit,keep
6306,295,egbert,0.000511367,107.4929973,Lawsuit,drop
6307,295,f.t.c,0.000511367,106.3686111,Lawsuit,keep
6308,295,consent-decree,0.000357126,72.79337553,Lawsuit,keep
6358,298,election,0.031176385,46.62579474,VotingRights,keep
6359,298,voters,0.019465262,697.5244863,VotingRights,keep
6360,298,voting,0.018479376,369.600467,VotingRights,keep
6361,298,votes,0.013400573,108.0672566,VotingRights,keep
6362,298,ballot,0.010980672,664.9591927,VotingRights,keep
6363,298,elections,0.00978566,143.5905844,VotingRights,keep
6364,298,ballots,0.008844587,1659.609318,VotingRights,keep
6365,298,voter,0.004691918,294.7672328,VotingRights,keep
6366,298,voting-rights,0.003541719,166.9097186,VotingRights,keep
6367,298,turnout,0.002735085,183.0740453,VotingRights,keep
6368,298,recount,0.002107703,108.66874,VotingRights,keep
6369,298,referendum,0.002018078,59.09345221,VotingRights,keep
6370,298,voter-registration,0.001405634,80.44370169,VotingRights,keep
6371,298,electoral,0.001256257,55.82757364,VotingRights,keep
6372,298,electoral-votes,0.001181569,261.4458102,VotingRights,keep
6373,298,mail-in,0.001077005,238.3090128,VotingRights,keep
6374,298,absentee,0.000957504,51.88330832,VotingRights,keep
6375,298,electors,0.000882816,208.5256734,VotingRights,drop
6376,298,precincts,0.000882816,44.02606039,VotingRights,keep
6377,298,balloting,0.00085294,39.95875011,VotingRights,keep
6378,298,election-results,0.00085294,42.61993619,VotingRights,keep
6379,298,voter-fraud,0.000808127,215.2146906,VotingRights,keep
6380,298,suppression,0.000778252,32.97982397,VotingRights,keep
6381,298,electoral-college,0.000763314,180.2988479,VotingRights,keep
6382,298,voting-rights-act,0.000584062,45.06680464,VotingRights,keep
6383,298,canvassing,0.000554187,30.56066003,VotingRights,keep
6384,298,term-limits,0.000509374,61.1961713,VotingRights,drop
6385,298,evers,0.000464561,49.5654115,VotingRights,drop
6386,298,exit-polls,0.000330122,77.97660547,VotingRights,keep
6405,304,hotel,0.035312594,64.93715643,TravelIndustry,keep
6406,304,travel,0.032296245,43.14577425,TravelIndustry,keep
6407,304,hotels,0.017296466,657.216861,TravelIndustry,keep
6408,304,travelers,0.010083458,231.6349867,TravelIndustry,keep
6409,304,resort,0.006837604,36.13675324,TravelIndustry,keep
6410,304,rooms,0.006755638,32.24080837,TravelIndustry,keep
6411,304,hilton,0.00446059,129.3279157,TravelIndustry,keep
6412,304,marriott,0.00405076,171.1775854,TravelIndustry,keep
6413,304,tourism,0.003870435,35.61117684,TravelIndustry,keep
6414,304,spa,0.002788483,32.14793526,TravelIndustry,keep
6415,304,hospitality,0.002477013,79.77397875,TravelIndustry,keep
6416,304,traveler,0.002460619,115.0685273,TravelIndustry,keep
6417,304,booked,0.00241144,57.38319379,TravelIndustry,keep
6418,304,resorts,0.002378653,77.11993327,TravelIndustry,keep
6419,304,tourist,0.00236226,42.42482083,TravelIndustry,keep
6420,304,motel,0.001936037,48.89238501,TravelIndustry,keep
6421,304,lodging,0.001903251,102.6702348,TravelIndustry,keep
6422,304,booking,0.001706532,63.10035199,TravelIndustry,keep
6423,304,occupancy,0.001640959,78.28695359,TravelIndustry,keep
6424,304,destinations,0.00159178,32.57709427,TravelIndustry,keep
6425,304,hyatt,0.0015426,76.69879283,TravelIndustry,keep
6426,304,accommodations,0.001460634,43.87087007,TravelIndustry,keep
6427,304,bookings,0.001444241,69.09079231,TravelIndustry,keep
6428,304,hertz,0.001378668,80.37417061,TravelIndustry,drop
6429,304,hotel-rooms,0.001329489,40.53537395,TravelIndustry,keep
6430,304,airbnb,0.001231129,78.36221372,TravelIndustry,drop
6431,304,alamo,0.001083591,51.64328104,TravelIndustry,keep
6432,304,inns,0.000870479,32.7102363,TravelIndustry,keep
6433,304,starwood,0.000821299,99.06852024,TravelIndustry,drop
6434,304,ritz-carlton,0.000608188,34.98608135,TravelIndustry,keep
6435,304,itinerary,0.000591795,45.08589592,TravelIndustry,keep
6436,304,spas,0.000591795,30.92647985,TravelIndustry,keep
6437,304,check-in,0.000559008,115.7424392,TravelIndustry,keep
6438,304,concierge,0.000509829,34.98007478,TravelIndustry,keep
6439,304,wyndham,0.000444256,98.30050488,TravelIndustry,keep
6440,306,incident,0.005094326,31.55414692,Homicide,keep
6441,306,robbery,0.001580998,64.25643412,Homicide,drop
6442,306,medical-examiner,0.001554515,88.50405554,Homicide,keep
6443,306,stabbed,0.001501551,86.84415096,Homicide,keep
6444,306,slaying,0.001413276,191.9762987,Homicide,keep
6445,306,autopsy,0.001360311,300.9961777,Homicide,keep
6446,306,fatally-shot,0.001298519,155.30826,Homicide,keep
6447,306,pronounced-dead,0.00105135,232.6323476,Homicide,drop
6448,306,stabbing,0.000777699,34.98646689,Homicide,keep
6449,306,second-degree-murder,0.000768872,181.6115,Homicide,keep
6450,306,coroner,0.000548185,114.898042,Homicide,keep
6451,306,first-degree-murder,0.000539358,114.2001624,Homicide,keep
6452,306,assailant,0.000459911,35.05300883,Homicide,keep
6453,306,attempted-murder,0.000442256,37.75512387,Homicide,keep
6454,306,stable-condition,0.000415773,31.5199818,Homicide,drop
6455,306,slayings,0.000406946,31.38391826,Homicide,keep
6456,306,gunshot-wound,0.000345154,34.75124158,Homicide,keep
6457,307,hospital,0.044147689,53.73825754,Hospital,keep
6458,307,medical,0.039903425,33.0242035,Hospital,keep
6459,307,patients,0.031312094,1475.976828,Hospital,keep
6460,307,doctors,0.025129274,469.4255022,Hospital,keep
6461,307,hospitals,0.021560567,625.4155904,Hospital,keep
6462,307,patient,0.014702189,219.4170998,Hospital,keep
6463,307,doctor,0.010751646,36.52104452,Hospital,keep
6464,307,physicians,0.007799753,335.0636065,Hospital,keep
6465,307,physician,0.006786417,100.2645383,Hospital,keep
6466,307,nurses,0.005126895,238.3677079,Hospital,keep
6467,307,clinic,0.005082837,36.75139821,Hospital,keep
6468,307,nurse,0.004451337,41.5410125,Hospital,keep
6469,307,nursing-home,0.003335198,80.13531438,Hospital,drop
6470,307,healthcare,0.003041478,45.56393022,Hospital,drop
6471,307,nursing-homes,0.003012106,171.2570278,Hospital,drop
6472,307,medical-care,0.002806501,85.80906067,Hospital,keep
6473,307,dental,0.002733071,52.58823405,Hospital,drop
6474,307,nursing,0.002703699,58.09551571,Hospital,keep
6475,307,emergency-room,0.001998769,60.68426191,Hospital,keep
6476,307,surgeons,0.001484758,81.45945537,Hospital,keep
6477,307,surgical,0.001484758,30.85887156,Hospital,keep
6478,307,outpatient,0.001308526,276.138992,Hospital,keep
6479,307,malpractice,0.001205723,63.07054398,Hospital,drop
6480,307,practitioners,0.001014805,43.03388923,Hospital,keep
6481,307,hospice,0.001000119,47.98458103,Hospital,drop
6482,307,hca,0.000882631,61.93022227,Hospital,drop
6483,307,brius,0.000853259,265.3448307,Hospital,drop
6484,307,intensive-care,0.000823887,47.69350521,Hospital,keep
6485,307,primary-care,0.000794514,211.5894246,Hospital,keep
6486,307,therapists,0.000765142,40.94667236,Hospital,drop
6487,307,ama,0.00073577,42.56879063,Hospital,drop
6488,307,orthopedic,0.000647654,54.01364038,Hospital,keep
6489,307,telehealth,0.000647654,136.088239,Hospital,drop
6490,307,paramedics,0.000632968,55.53251182,Hospital,drop
6491,307,geriatric,0.00058891,35.57581638,Hospital,drop
6492,307,internist,0.000500794,37.80596874,Hospital,keep
6493,307,anesthesia,0.000383306,80.00705912,Hospital,keep
6494,307,oncology,0.000383306,31.12837373,Hospital,keep
6495,307,health-care-providers,0.000353933,32.47592432,Hospital,keep
6496,308,redskins,0.011695868,1458.736182,NFL,keep
6497,308,nfl,0.009998217,764.4938138,NFL,keep
6498,308,quarterback,0.009658687,674.3058027,NFL,keep
6499,308,jets,0.008328861,389.9312835,NFL,keep
6500,308,super-bowl,0.005961582,216.5115594,NFL,keep
6501,308,linebacker,0.003471695,195.8706005,NFL,keep
6502,308,cowboys,0.003433969,150.0031581,NFL,keep
6503,308,raiders,0.003226479,118.7866053,NFL,keep
6504,308,rookie,0.003160459,32.78000866,NFL,drop
6505,308,rams,0.003009557,143.7667221,NFL,keep
6506,308,chiefs,0.003000125,82.16167729,NFL,keep
6507,308,eagles,0.002820929,54.27844148,NFL,keep
6508,308,patriots,0.002773772,93.33471409,NFL,drop
6509,308,wide-receiver,0.002547419,362.2206238,NFL,keep
6510,308,n.f.l,0.002519125,538.1052716,NFL,keep
6511,308,ravens,0.002255046,167.4528848,NFL,keep
6512,308,cornerback,0.002207889,587.9891375,NFL,keep
6513,308,browns,0.002009829,75.87727511,NFL,keep
6514,308,49ers,0.002000398,598.9858323,NFL,keep
6515,308,packers,0.002000398,132.9890777,NFL,keep
6516,308,nfc,0.001953241,432.1938107,NFL,keep
6517,308,gibbs,0.001915515,53.73585545,NFL,drop
6518,308,quarterbacks,0.001896653,447.999329,NFL,keep
6519,308,preseason,0.001858927,43.41289878,NFL,keep
6520,308,afc,0.001783476,474.9626053,NFL,keep
6521,308,saints,0.001783476,49.37802343,NFL,drop
6522,308,cardinals,0.001764613,60.9897256,NFL,drop
6523,308,chargers,0.001764613,132.8430424,NFL,keep
6524,308,steelers,0.001755182,525.5599406,NFL,keep
6525,308,colts,0.001717456,64.27402953,NFL,keep
6526,308,tight-end,0.001708025,377.9348098,NFL,keep
6527,308,defensive-end,0.001670299,394.5334717,NFL,keep
6528,308,dolphins,0.001660868,112.5413059,NFL,keep
6529,308,green-bay,0.001528828,84.30699967,NFL,keep
6530,308,receiver,0.001509966,51.40538038,NFL,keep
6531,308,washington-redskins,0.001500534,72.40198424,NFL,keep
6532,308,sacks,0.001425083,33.86235623,NFL,keep
6533,308,offensive-line,0.001377926,399.7308148,NFL,keep
6534,308,coughlin,0.001368495,96.32851234,NFL,drop
6535,308,titans,0.001311906,34.4959467,NFL,keep
6536,308,training-camp,0.001302475,33.24308872,NFL,keep
6537,308,gruden,0.001208161,350.4826651,NFL,keep
6538,308,landry,0.001208161,52.73580038,NFL,drop
6539,308,parcells,0.001189298,316.7254602,NFL,keep
6540,308,mahomes,0.001161004,347.6433567,NFL,drop
6541,308,broncos,0.001151573,248.8732672,NFL,keep
6542,308,belichick,0.001057259,306.7065321,NFL,drop
6543,308,bengals,0.001057259,281.5616502,NFL,keep
6544,308,linemen,0.001057259,224.5762762,NFL,keep
6545,308,tackles,0.001057259,41.98564555,NFL,keep
6569,310,police,0.056821977,257.0024312,Police,keep
6570,310,officers,0.03367989,58.98270544,Police,keep
6571,310,police-officers,0.010004719,201.8043842,Police,keep
6572,310,police-department,0.008703369,143.9337473,Police,keep
6573,310,police-officer,0.005395117,76.75741565,Police,keep
6574,310,floyd,0.00345093,33.89785546,Police,drop
6575,310,detective,0.003215747,130.62144,Police,keep
6576,310,patrol,0.003215747,39.43535082,Police,keep
6577,310,policing,0.002964884,85.73810261,Police,keep
6578,310,nichols,0.002353406,71.72997682,Police,drop
6579,310,detectives,0.002118222,225.943289,Police,keep
6580,310,ellison,0.002024149,40.69695111,Police,drop
6581,310,d.c-police,0.001992791,440.9449942,Police,keep
6582,310,walz,0.001836002,101.8031381,Police,drop
6583,310,cops,0.001679212,46.91677279,Police,keep
6584,310,nypd,0.001679212,371.5594719,Police,keep
6585,310,police-departments,0.001632176,109.5713836,Police,keep
6586,310,lesher,0.001459708,423.4552442,Police,drop
6587,310,homicide,0.00142835,78.83680747,Police,drop
6588,310,troopers,0.001146129,82.16522486,Police,drop
6589,310,haskel,0.001114771,333.799671,Police,drop
6590,310,precinct,0.001114771,61.79093514,Police,keep
6591,310,internal-affairs,0.001052056,64.10425535,Police,keep
6592,310,gorman,0.00098934,34.64969185,Police,drop
6593,310,unarmed,0.000973661,36.95271918,Police,drop
6594,310,police-commissioner,0.000926624,53.07816278,Police,keep
6595,310,uniformed,0.000926624,39.09004131,Police,keep
6596,310,arpaio,0.000879587,263.3777995,Police,drop
6597,310,castile,0.000863909,258.6830081,Police,drop
6598,310,george-floyd,0.000832551,98.9568042,Police,drop
6599,310,racial-profiling,0.000785514,49.12067941,Police,keep
6600,310,homicides,0.00069144,40.80701096,Police,drop
6601,310,law-enforcement-agencies,0.000597367,30.56818385,Police,keep
6602,310,dispatcher,0.000487614,30.86159126,Police,keep
6603,311,farm,0.025026649,223.8796185,Agriculture,keep
6604,311,farmers,0.023772562,972.836768,Agriculture,keep
6605,311,corn,0.009236546,348.8423037,Agriculture,keep
6606,311,agriculture,0.00916054,124.0598181,Agriculture,keep
6607,311,farms,0.008571499,255.3871413,Agriculture,keep
6608,311,farmer,0.008248477,161.1248062,Agriculture,keep
6609,311,agricultural,0.00758343,147.8962466,Agriculture,keep
6610,311,crop,0.006880381,78.63978837,Agriculture,keep
6611,311,meat,0.006538357,136.3006329,Agriculture,keep
6612,311,milk,0.005797305,90.12619358,Agriculture,keep
6613,311,crops,0.005740301,317.2181097,Agriculture,keep
6614,311,dairy,0.005702299,207.9069093,Agriculture,keep
6615,311,grain,0.005417279,105.2695719,Agriculture,keep
6616,311,wheat,0.00442921,125.0993823,Agriculture,keep
6617,311,beef,0.004049183,72.62158471,Agriculture,keep
6618,311,usda,0.003802166,366.4943566,Agriculture,keep
6619,311,farming,0.00372616,130.6673523,Agriculture,keep
6620,311,cow,0.003688158,74.50253845,Agriculture,keep
6621,311,cattle,0.003460142,67.95968798,Agriculture,keep
6622,311,cows,0.003175122,102.2707735,Agriculture,keep
6623,311,agriculture-department,0.003156121,276.0749555,Agriculture,keep
6624,311,growers,0.003118118,190.3547675,Agriculture,keep
6625,311,harvest,0.003042113,83.1281674,Agriculture,keep
6626,311,chickens,0.002225056,85.23198546,Agriculture,keep
6627,311,genetically-modified,0.002168052,649.1868904,Agriculture,keep
6628,311,poultry,0.002016041,64.97146495,Agriculture,keep
6629,311,perdue,0.001902033,152.7961629,Agriculture,keep
6630,311,monsanto,0.001636014,111.8753481,Agriculture,keep
6631,311,hog,0.001522006,80.63397324,Agriculture,keep
6632,311,hogs,0.001503005,92.83190821,Agriculture,keep
6633,311,livestock,0.001484004,84.57299454,Agriculture,keep
6634,311,deere,0.001236986,35.96944593,Agriculture,keep
6635,311,smithfield,0.001103977,63.15180495,Agriculture,drop
6636,311,rath,0.000875961,185.4305161,Agriculture,drop
6637,311,acreage,0.000742952,30.81001193,Agriculture,keep
6638,311,bushels,0.000723951,192.7973588,Agriculture,keep
6639,311,oats,0.000685948,32.0193801,Agriculture,keep
6640,311,citrus,0.000666947,31.69285642,Agriculture,drop
6641,311,calves,0.000647945,40.00588844,Agriculture,keep
6642,311,soy,0.000609943,37.09141641,Agriculture,keep
6643,311,cargill,0.000590941,107.8958253,Agriculture,drop
6644,311,manure,0.000533937,31.26525043,Agriculture,keep
6678,313,metro,0.034082085,306.5784979,Mass_Transit,keep
6679,313,bus,0.022481531,72.12499151,Mass_Transit,keep
6680,313,transit,0.016292038,786.3538741,Mass_Transit,keep
6681,313,subway,0.012969457,266.2662635,Mass_Transit,keep
6682,313,trains,0.008887429,220.2682971,Mass_Transit,keep
6683,313,buses,0.00873554,175.3131636,Mass_Transit,keep
6684,313,riders,0.007140701,292.4031522,Mass_Transit,drop
6685,313,commuters,0.002887797,120.9442844,Mass_Transit,keep
6686,313,o'rourke,0.00277388,149.1829417,Mass_Transit,drop
6687,313,ridership,0.002754894,856.1610267,Mass_Transit,keep
6688,313,metrorail,0.002489088,662.8760729,Mass_Transit,keep
6689,313,commuter,0.002470102,40.86340914,Mass_Transit,keep
6690,313,mta,0.002299226,688.4648737,Mass_Transit,keep
6691,313,transit-authority,0.002071392,458.3370413,Mass_Transit,keep
6692,313,m.t.a,0.001767613,391.1198766,Mass_Transit,keep
6693,313,transit-system,0.001577751,337.0203649,Mass_Transit,keep
6694,313,purple-line,0.001501807,435.6679964,Mass_Transit,drop
6695,313,metropolitan-transportation-authority,0.001425862,315.5005664,Mass_Transit,keep
6696,313,wiedefeld,0.001425862,426.9505534,Mass_Transit,drop
6697,313,greyhound,0.001103097,54.47450596,Mass_Transit,drop
6698,313,metrobus,0.001084111,314.4961137,Mass_Transit,keep
6699,313,commute,0.000932221,40.47856931,Mass_Transit,keep
6700,313,mass-transit,0.000894249,38.54462717,Mass_Transit,keep
6701,313,light-rail,0.00083729,179.1841041,Mass_Transit,keep
6702,313,subways,0.000818304,44.29980822,Mass_Transit,keep
6703,313,streetcar,0.000647429,35.53845662,Mass_Transit,keep
6704,314,grants,0.006429231,85.60643608,GovernmentAid,keep
6705,314,subsidies,0.003677507,40.41845972,GovernmentAid,keep
6706,314,taxpayer,0.001672202,40.41371866,GovernmentAid,drop
6707,314,subsidy,0.001649921,34.1468463,GovernmentAid,keep
6708,314,loan-guarantees,0.000702971,203.9290007,GovernmentAid,keep
6709,314,voucher,0.000613846,42.90087229,GovernmentAid,keep
6710,315,award,0.022364632,144.8903179,Awards,keep
6711,315,awards,0.014391171,121.5933842,Awards,keep
6712,315,prize,0.006399166,71.47922322,Awards,keep
6713,315,winners,0.006287909,35.69616757,Awards,keep
6715,315,honored,0.004174014,37.26815211,Awards,keep
6716,315,nominations,0.003487926,89.6581759,Awards,keep
6717,315,nominated,0.003413754,33.49200248,Awards,keep
6718,315,prizes,0.00250515,32.53990522,Awards,keep
6720,315,finalists,0.001893233,91.47441312,Awards,keep
6721,315,oscars,0.00111443,99.19571425,Awards,keep
6722,315,runner-up,0.000873372,32.41232511,Awards,keep
6723,315,academy-awards,0.000576685,32.83821949,Awards,keep
6724,317,black,0.0991681,91.33904067,Racial,keep
6725,317,blacks,0.011070356,681.0669923,Racial,keep
6726,317,african-american,0.009243166,76.39344883,Racial,keep
6727,317,racial,0.008186114,302.1161577,Racial,keep
6728,317,civil-rights,0.005618987,35.13334492,Racial,keep
6729,317,whites,0.004682741,79.25221359,Racial,keep
6730,317,racism,0.004546834,167.7541002,Racial,keep
6731,317,african-americans,0.004426028,137.6360717,Racial,keep
6732,317,racist,0.003882401,42.63187066,Racial,keep
6733,317,slavery,0.003429379,97.48318334,Racial,keep
6734,317,slave,0.001979708,52.12966165,Racial,keep
6735,317,reparations,0.001934405,456.9167103,Racial,keep
6736,317,negro,0.001753196,61.17077994,Racial,keep
6737,317,martin-luther-king-jr,0.001662592,46.5314229,Racial,keep
6738,317,racially,0.001647491,69.64061768,Racial,keep
6739,317,naacp,0.001602189,59.31566326,Racial,keep
6740,317,dees,0.001526685,360.6110805,Racial,drop
6741,317,segregated,0.001436081,54.71475824,Racial,keep
6742,317,segregation,0.00122467,57.52780016,Racial,keep
6743,317,civil-rights-movement,0.001194469,54.83900396,Racial,keep
6744,317,klan,0.001118965,235.4006802,Racial,keep
6745,317,tubman,0.001103864,244.2521751,Racial,drop
6746,317,desegregation,0.001043461,221.1822777,Racial,keep
6747,317,farrakhan,0.000967958,289.8388047,Racial,keep
6748,317,ku,0.000937756,75.70953602,Racial,drop
6749,317,rapp,0.000862253,65.81107755,Racial,drop
6750,317,klux,0.00080185,177.4253146,Racial,keep
6751,317,enslaved,0.000786749,41.27498888,Racial,keep
6752,317,busing,0.000771648,68.99917264,Racial,keep
6753,317,spacey,0.000771648,163.5284924,Racial,drop
6754,317,jesse-jackson,0.000756547,46.14666986,Racial,keep
6755,317,sharpton,0.000756547,68.23796737,Racial,keep
6756,317,predominantly-black,0.000726346,39.33928657,Racial,keep
6757,317,black-owned,0.000696144,154.0359135,Racial,keep
6758,317,confederate-flag,0.000681044,55.30889237,Racial,keep
6759,317,lynching,0.000665943,141.159746,Racial,keep
6760,317,clyburn,0.00060554,32.61856701,Racial,drop
6761,317,malcolm-x,0.000575338,45.18523997,Racial,keep
6762,317,africans,0.000560238,44.46880275,Racial,keep
6763,317,supremacist,0.000499835,104.6192111,Racial,keep
6764,318,dollar,0.055386547,110.2924101,Foreign_exchange,keep
6765,318,currency,0.019613142,191.2756427,Foreign_exchange,keep
6766,318,yen,0.016537198,818.8138101,Foreign_exchange,keep
6767,318,euro,0.010314191,501.9459119,Foreign_exchange,keep
6768,318,currencies,0.008109468,1704.000917,Foreign_exchange,keep
6769,318,ounce,0.002917702,66.54763143,Foreign_exchange,drop
6770,318,foreign-exchange,0.002473201,658.645258,Foreign_exchange,keep
6771,318,francs,0.002402081,531.5086581,Foreign_exchange,keep
6772,318,coins,0.002170941,54.37324831,Foreign_exchange,drop
6773,318,west-german,0.002170941,152.1221795,Foreign_exchange,drop
6774,318,coin,0.00195758,39.46933107,Foreign_exchange,drop
6775,318,japanese-yen,0.00170866,511.6297852,Foreign_exchange,keep
6776,318,swiss-francs,0.00126416,336.6619543,Foreign_exchange,keep
6777,318,troy-ounce,0.001157479,335.780098,Foreign_exchange,drop
6778,318,british-pound,0.001104139,320.3063608,Foreign_exchange,keep
6779,318,commodity-exchange,0.001104139,260.8035167,Foreign_exchange,keep
6780,318,frankfurt,0.001068579,40.19738768,Foreign_exchange,keep
6781,318,devaluation,0.000997459,57.31450221,Foreign_exchange,keep
6782,318,comex,0.000944119,273.8851491,Foreign_exchange,keep
6783,318,swiss-franc,0.000890779,237.2259341,Foreign_exchange,keep
6784,318,franc,0.000801879,53.4333733,Foreign_exchange,keep
6785,318,peso,0.000730759,90.73974435,Foreign_exchange,keep
6786,318,profit-taking,0.000321818,85.70437937,Foreign_exchange,drop
6787,319,acquisition,0.006059044,36.49918332,CorporateFinance,keep
6788,319,acquire,0.005981943,49.30750117,CorporateFinance,keep
6789,319,common-shares,0.00505673,1194.426152,CorporateFinance,keep
6790,319,common-stock,0.004539051,966.514784,CorporateFinance,keep
6791,319,shares-outstanding,0.003547751,837.9975247,CorporateFinance,keep
6792,319,closely-held,0.002369206,70.12173674,CorporateFinance,keep
6793,319,industries-inc,0.002137903,74.08913349,CorporateFinance,drop
6794,319,preferred-stock,0.001994715,415.6154354,CorporateFinance,keep
6795,319,debentures,0.001642253,363.3814937,CorporateFinance,keep
6796,319,holding-company,0.001620224,46.20160389,CorporateFinance,keep
6797,319,posner,0.00151008,78.82723389,CorporateFinance,drop
6798,319,common-shares-outstanding,0.001432979,415.7013429,CorporateFinance,keep
6799,319,nasdaq-stock-market,0.001377907,50.99578019,CorporateFinance,drop
6800,319,initial-public-offering,0.001344863,67.50722128,CorporateFinance,keep
6801,319,convertible,0.001289791,36.33041265,CorporateFinance,drop
6802,319,previously-announced,0.001278777,56.80121823,CorporateFinance,drop
6803,319,tenneco,0.001256748,278.0806736,CorporateFinance,drop
6804,319,tendered,0.001069502,78.46367565,CorporateFinance,drop
6805,319,shares-closed,0.001003416,60.67387696,CorporateFinance,drop
6806,319,allegheny,0.000992401,43.44014125,CorporateFinance,drop
6807,319,definitive-agreement,0.0009153,274.0713403,CorporateFinance,keep
6808,319,preferred-shares,0.000849213,82.27053659,CorporateFinance,keep
6809,319,stock-exchange-composite-trading-yesterday,0.000783127,99.87599679,CorporateFinance,drop
6810,319,composite-trading,0.000728055,41.23873227,CorporateFinance,drop
6811,319,corporate-purposes,0.000728055,211.2056784,CorporateFinance,keep
6812,319,public-offering,0.000650953,32.60712327,CorporateFinance,drop
6813,319,buyback,0.000639939,31.81806337,CorporateFinance,keep
6814,319,quarterly-dividend,0.000595881,35.15902447,CorporateFinance,drop
6815,319,debenture,0.00041965,92.85603562,CorporateFinance,keep
6816,319,depositary,0.000309506,63.05829733,CorporateFinance,drop
6817,320,cable,0.016810959,540.0691675,Telecommunications,keep
6818,320,wireless,0.010067772,506.590417,Telecommunications,keep
6819,320,telecommunications,0.009322131,58.3646396,Telecommunications,keep
6820,320,verizon,0.006906903,1459.750656,Telecommunications,keep
6821,320,telecom,0.006307149,281.2511514,Telecommunications,keep
6822,320,fcc,0.006031586,1334.609538,Telecommunications,keep
6823,320,sprint,0.005464251,225.5976787,Telecommunications,keep
6824,320,cellular,0.005366993,156.7001151,Telecommunications,keep
6825,320,long-distance,0.00510764,118.6035456,Telecommunications,keep
6826,320,subscribers,0.004767238,151.0137292,Telecommunications,drop
6827,320,mci,0.004605143,291.4181051,Telecommunications,keep
6828,320,comcast,0.00392434,160.678661,Telecommunications,keep
6829,320,motorola,0.003794663,220.3211831,Telecommunications,keep
6830,320,broadband,0.003681196,128.2063506,Telecommunications,keep
6831,320,time-warner,0.003486681,183.4104299,Telecommunications,keep
6832,320,t's,0.002822088,162.869093,Telecommunications,drop
6833,320,qwest,0.002659993,771.6530974,Telecommunications,keep
6834,320,communications-inc,0.002627573,91.47316029,Telecommunications,drop
6835,320,nokia,0.002627573,556.9412637,Telecommunications,keep
6836,320,communications-commission,0.002400639,162.2974606,Telecommunications,keep
6837,320,cable-television,0.00238443,64.76144194,Telecommunications,keep
6838,320,bell-atlantic,0.002335801,622.0538467,Telecommunications,keep
6839,320,cablevision,0.002157496,509.6117798,Telecommunications,keep
6840,320,wi-fi,0.002044028,138.1819616,Telecommunications,keep
6841,320,ericsson,0.002027819,540.0342555,Telecommunications,keep
6842,320,bellsouth,0.001817094,388.136384,Telecommunications,keep
6843,320,cable-tv,0.001752256,78.76435093,Telecommunications,keep
6844,320,t-mobile,0.001703627,302.0458834,Telecommunications,keep
6845,320,global-crossing,0.001541531,364.1178081,Telecommunications,drop
6846,320,fiber-optic,0.001444274,96.69207987,Telecommunications,keep
6847,320,lucent,0.001411855,409.5733381,Telecommunications,keep
6848,320,nextel,0.001363226,301.6411237,Telecommunications,keep
6849,320,sbc,0.001314597,276.481495,Telecommunications,keep
6850,320,cisco,0.00120113,168.1569209,Telecommunications,keep
6851,320,5g,0.001184921,315.559585,Telecommunications,keep
6852,320,a.t,0.001120082,61.6579967,Telecommunications,drop
6853,320,nynex,0.001071453,253.082935,Telecommunications,keep
6854,320,3g,0.001055244,220.4444378,Telecommunications,keep
6855,320,cable-operators,0.001055244,306.1219783,Telecommunications,keep
6856,320,directv,0.001022825,69.68720442,Telecommunications,drop
6857,320,iridium,0.001022825,241.5965688,Telecommunications,drop
6858,320,subscriber,0.000957986,54.33879542,Telecommunications,drop
6859,320,echostar,0.000941777,273.2056366,Telecommunications,drop
6860,320,cable-wireless,0.000909358,263.8009675,Telecommunications,drop
6861,320,u-s,0.000909358,31.86788473,Telecommunications,drop
6862,320,ameritech,0.000893148,267.4382923,Telecommunications,keep
6863,320,verizon-wireless,0.000876938,207.1374702,Telecommunications,keep
6864,320,gte,0.000844519,61.79457006,Telecommunications,drop
6865,320,mobile-phone,0.000844519,93.34619085,Telecommunications,keep
6866,320,nortel,0.000844519,224.9063526,Telecommunications,keep
6867,321,book,0.060247664,77.60147796,Literature,keep
6868,321,books,0.030600598,59.45205624,Literature,keep
6869,321,novel,0.009244552,54.92633179,Literature,keep
6870,321,writers,0.007492391,35.78172897,Literature,keep
6871,321,literary,0.005460901,204.9964748,Literature,keep
6872,321,authors,0.005283145,93.90538575,Literature,keep
6873,321,publishers,0.004051554,188.6595787,Literature,keep
6874,321,poetry,0.003924586,67.46735927,Literature,keep
6875,321,fiction,0.003911889,124.7139068,Literature,keep
6876,321,literature,0.003454804,30.7030915,Literature,keep
6877,321,novels,0.003365926,178.7449589,Literature,keep
6878,321,prose,0.002946931,108.1711966,Literature,keep
6879,321,memoir,0.002819963,47.32928278,Literature,keep
6880,321,poem,0.002819963,99.56227498,Literature,keep
6881,321,poems,0.002731085,198.2835603,Literature,keep
6882,321,novelist,0.002210516,111.2707423,Literature,keep
6883,321,diary,0.002159728,31.9125285,Literature,drop
6884,321,paperback,0.001842308,117.8851959,Literature,drop
6885,321,bookstore,0.001766127,78.37856895,Literature,keep
6886,321,knopf,0.001728037,156.7185239,Literature,keep
6887,321,barnes-noble,0.00171534,363.6929766,Literature,drop
6888,321,simon-schuster,0.001613765,87.55987648,Literature,drop
6889,321,random-house,0.001461404,84.96164559,Literature,keep
6890,321,nonfiction,0.001423313,127.8606517,Literature,drop
6891,321,manuscript,0.001397919,83.85524184,Literature,keep
6892,321,penguin,0.001309042,52.21154662,Literature,drop
6893,321,poets,0.001220164,39.1500543,Literature,keep
6894,321,capote,0.001207467,267.1763798,Literature,keep
6895,321,essays,0.00115668,50.47598908,Literature,keep
6896,321,hemingway,0.001143983,53.79138863,Literature,keep
6897,321,reviewer,0.001042409,48.93370739,Literature,keep
6898,321,harpercollins,0.000864653,55.99431274,Literature,drop
6899,321,bookstores,0.000851956,48.25011872,Literature,keep
6900,321,hardcover,0.000826563,220.1242948,Literature,drop
6901,321,houghton,0.000826563,35.28048302,Literature,drop
6902,321,librarians,0.000763079,168.8464819,Literature,drop
6903,321,mailer,0.000763079,43.21167237,Literature,drop
6904,321,nabokov,0.000750382,224.6893368,Literature,keep
6905,321,illustrations,0.000737685,33.32001558,Literature,drop
6906,321,bookscan,0.000724988,217.0856368,Literature,drop
6907,321,booksellers,0.000724988,160.4182049,Literature,keep
6908,321,doubleday,0.000724988,31.53115418,Literature,keep
6909,321,didion,0.000686898,182.9297135,Literature,keep
6910,321,mifflin,0.000623414,48.76206297,Literature,drop
6911,321,novelists,0.000610717,135.133374,Literature,keep
6912,321,manuscripts,0.000572626,126.7050971,Literature,keep
6913,321,bestseller,0.000534536,32.30237137,Literature,keep
6914,321,demille,0.000534536,40.63262002,Literature,drop
6915,321,farrar,0.000534536,52.80122121,Literature,drop
6916,321,giroux,0.000496446,117.2630403,Literature,drop
7000,326,radio,0.035807524,125.2805549,Radio,keep
7001,326,tape,0.009700702,54.58374798,Radio,keep
7002,326,stations,0.00882281,108.1838982,Radio,keep
7003,326,stern,0.007694092,83.67730317,Radio,drop
7004,326,broadcasting,0.005248537,50.4563273,Radio,keep
7005,326,tapes,0.003910798,93.87054433,Radio,keep
7006,326,listeners,0.00326283,92.25256766,Radio,drop
7007,326,malone,0.003200124,100.4860711,Radio,drop
7008,326,kramer,0.0029702,43.38746006,Radio,drop
7009,326,murdoch,0.002531254,560.090781,Radio,drop
7010,326,radio-stations,0.002447645,179.0973722,Radio,keep
7011,326,broadcasters,0.002384939,116.8990167,Radio,keep
7012,326,univision,0.002217721,643.3519677,Radio,drop
7013,326,clear-channel,0.002175917,579.4746685,Radio,keep
7014,326,radio-station,0.002092308,59.33888288,Radio,keep
7015,326,broadcasts,0.001674265,78.17432964,Radio,keep
7016,326,sirius,0.001569754,488.1591899,Radio,drop
7017,326,broadcaster,0.001548852,39.73832685,Radio,keep
7018,326,kili,0.001486145,445.0013406,Radio,drop
7019,326,television-stations,0.001486145,122.1749513,Radio,drop
7020,326,xm,0.001381634,326.3492277,Radio,drop
7021,326,duct,0.001214417,70.45404463,Radio,drop
7022,326,tv-stations,0.001089004,56.48760424,Radio,drop
7023,326,limbaugh,0.001068101,93.0082926,Radio,drop
7024,326,airwaves,0.000984493,37.76494737,Radio,keep
7025,326,imus,0.000900884,189.2119371,Radio,drop
7026,326,cassette,0.000796373,38.04048275,Radio,keep
7027,326,landau,0.00067096,31.52995196,Radio,drop
7028,326,iac,0.00048284,114.0005445,Radio,drop
7067,328,indian,0.023940456,132.3244062,Native_American,keep
7068,328,india,0.016602851,456.1705006,Native_American,drop
7069,328,indians,0.007704485,420.1969495,Native_American,keep
7070,328,du,0.006305881,106.9543777,Native_American,drop
7071,328,tribes,0.005049164,1117.228936,Native_American,keep
7072,328,tribal,0.004319457,234.0416921,Native_American,keep
7073,328,tribe,0.004278918,136.6179192,Native_American,keep
7074,328,reservation,0.0041573,134.9338573,Native_American,keep
7075,328,pont,0.003914065,225.9035536,Native_American,drop
7076,328,native-american,0.003123549,148.2892363,Native_American,keep
7077,328,conoco,0.002231686,594.3266598,Native_American,drop
7079,328,native-americans,0.001968181,111.5185355,Native_American,keep
7081,328,mead,0.001887102,83.22250263,Native_American,drop
7083,328,indigenous,0.001785754,42.20209618,Native_American,keep
7084,328,seagram,0.001745215,75.24356779,Native_American,drop
7085,328,sioux,0.001339822,75.74020229,Native_American,keep
7086,328,navajo,0.001319553,351.4138561,Native_American,keep
7125,331,immigration,0.019492899,674.178302,Immigration,keep
7126,331,border,0.017523177,67.63445727,Immigration,keep
7127,331,immigrants,0.010173468,88.4691481,Immigration,keep
7128,331,migrants,0.007307081,395.7763547,Immigration,keep
7129,331,citizenship,0.004205504,157.2645226,Immigration,keep
7130,331,immigrant,0.004073209,30.78775209,Immigration,keep
7131,331,refugees,0.003999712,102.7958709,Immigration,keep
7132,331,asylum,0.003588128,73.5038556,Immigration,keep
7133,331,customs,0.003058949,35.80136137,Immigration,drop
7134,331,visas,0.002764961,204.6256721,Immigration,keep
7135,331,passport,0.002617967,68.76725577,Immigration,drop
7136,331,migration,0.00252977,31.47313563,Immigration,keep
7137,331,border-patrol,0.002368076,214.224398,Immigration,keep
7138,331,mayorkas,0.00227988,661.3839231,Immigration,drop
7139,331,illegal-immigrants,0.002191683,130.7622428,Immigration,keep
7140,331,migrant,0.002162285,106.0569776,Immigration,keep
7141,331,refugee,0.001941793,37.5544711,Immigration,keep
7142,331,deportation,0.0017654,104.853914,Immigration,keep
7143,331,lópez,0.001603707,341.4008285,Immigration,drop
7144,331,el-paso,0.00151551,43.78345845,Immigration,drop
7145,331,haiti,0.001500811,38.58421293,Immigration,drop
7146,331,haitian,0.001456712,83.87735129,Immigration,keep
7147,331,asylum-seekers,0.001383215,401.2651655,Immigration,keep
7148,331,obrador,0.001324418,293.0540033,Immigration,drop
7149,331,undocumented,0.001309718,99.01627452,Immigration,keep
7150,331,southern-border,0.001295019,286.54892,Immigration,keep
7151,331,undocumented-immigrants,0.00126562,280.0438367,Immigration,keep
7152,331,deported,0.001133325,267.6973637,Immigration,keep
7153,331,border-protection,0.001118626,297.9044354,Immigration,keep
7154,331,illegal-immigration,0.00101573,97.32087659,Immigration,keep
7155,331,cbp,0.000986331,306.7274465,Immigration,keep
7156,331,haitians,0.000898134,191.7819957,Immigration,keep
7157,331,passports,0.000898134,45.59837938,Immigration,keep
7158,331,naturalization,0.000883435,188.1071181,Immigration,keep
7159,331,immigration-reform,0.000868736,183.8779679,Immigration,keep
7160,331,customs-enforcement,0.000854036,247.7524561,Immigration,keep
7161,331,deport,0.000780539,164.2047935,Immigration,keep
7162,331,smugglers,0.00076584,180.8953651,Immigration,keep
7163,331,illegal-aliens,0.000721741,154.666276,Immigration,keep
7164,331,dhs,0.000692343,40.08322059,Immigration,keep
7165,331,unaccompanied,0.000677643,50.38183223,Immigration,keep
7166,331,rio-grande,0.000618846,33.01144322,Immigration,drop
7167,332,sec,0.024245001,1064.718006,Securities,keep
7168,332,accounting,0.015479968,50.8162713,Securities,keep
7169,332,exchange-commission,0.007749011,309.0993682,Securities,keep
7170,332,enron,0.007716184,534.415367,Securities,keep
7171,332,audit,0.005762927,47.91189753,Securities,keep
7172,332,s.e.c,0.004909403,1424.198044,Securities,keep
7173,332,tyco,0.004515469,1352.082001,Securities,keep
7174,332,insider-trading,0.004170777,870.5630313,Securities,keep
7175,332,worldcom,0.004170777,1209.92552,Securities,keep
7176,332,auditors,0.003694773,219.4985673,Securities,keep
7177,332,donaldson,0.003169528,57.06722689,Securities,drop
7178,332,aig,0.003038217,208.979893,Securities,drop
7179,332,mack,0.002709938,31.25155661,Securities,drop
7180,332,ebbers,0.002529385,733.7643552,Securities,keep
7181,332,kozlowski,0.002529385,597.4540244,Securities,drop
7182,332,andersen,0.002512971,74.28450098,Securities,drop
7183,332,auditor,0.002250348,78.09018574,Securities,keep
7184,332,heller,0.002217521,51.82633898,Securities,drop
7185,332,financial-statements,0.001725103,98.55332828,Securities,keep
7186,332,audits,0.001675861,41.4937272,Securities,keep
7187,332,skilling,0.001659447,481.3989378,Securities,keep
7188,332,accountants,0.001610206,45.52848442,Securities,keep
7189,332,deloitte,0.001528136,77.51646889,Securities,keep
7190,332,kpmg,0.001528136,113.0883318,Securities,keep
7191,332,aguirre,0.001495308,81.5370092,Securities,drop
7192,332,vinson,0.001413238,66.41647562,Securities,drop
7193,332,accounting-firm,0.001265513,57.51528903,Securities,keep
7194,332,bdo,0.001216271,352.8354232,Securities,keep
7195,332,levitt,0.001216271,43.08773957,Securities,drop
7196,332,auditing,0.001052132,47.32742685,Securities,keep
7197,332,fasb,0.00100289,300.2988377,Securities,keep
7198,332,rajaratnam,0.000986477,295.3839631,Securities,drop
7199,332,arthur-andersen,0.000937235,46.69192871,Securities,drop
7200,332,restatement,0.000937235,122.0640898,Securities,keep
7201,332,securities-fraud,0.000937235,122.9161222,Securities,keep
7202,332,corporate-governance,0.000904407,51.43185847,Securities,keep
7203,332,sac,0.000822337,57.68076577,Securities,drop
7204,332,ernst-young,0.000773096,34.96367539,Securities,drop
7205,332,peat,0.000773096,63.44807447,Securities,drop
7206,332,pequot,0.000773096,205.8853077,Securities,drop
7207,332,samberg,0.000773096,224.2719087,Securities,drop
7208,332,inman,0.000691026,41.74308286,Securities,drop
7209,332,audited,0.000641784,36.74093724,Securities,drop
7210,332,touche,0.000641784,44.09468335,Securities,drop
7211,332,swartz,0.00062537,138.3757473,Securities,drop
7212,332,schapiro,0.000608956,30.49821026,Securities,drop
7213,332,seidman,0.000559715,34.51270364,Securities,drop
7214,332,gensler,0.000510473,108.084287,Securities,drop
7312,337,women,0.127425702,79.3131206,Gender,keep
7313,337,female,0.016895479,92.13883448,Gender,keep
7314,337,male,0.011346452,59.43324508,Gender,drop
7315,337,gender,0.005695742,192.106573,Gender,keep
7316,337,sexual-harassment,0.003124596,147.0391642,Gender,keep
7317,337,feminist,0.002558072,93.01653412,Gender,keep
7318,337,harassment,0.002194916,33.07880671,Gender,keep
7319,337,sexually,0.001570287,30.93799793,Gender,keep
7320,337,masculinity,0.00101829,68.98045894,Gender,keep
7321,337,feminism,0.000989238,52.54754035,Gender,keep
7322,337,sexual-misconduct,0.000960185,71.27549874,Gender,keep
7323,337,sexism,0.00090208,58.98788289,Gender,keep
7324,337,masculine,0.000800396,42.76287784,Gender,keep
7325,337,sexist,0.000756818,56.08304393,Gender,keep
7326,337,feminine,0.000727765,42.40247117,Gender,keep
7327,337,feminists,0.000698713,68.37899813,Gender,keep
7329,337,macho,0.000655134,32.77182781,Gender,keep
7330,337,sexes,0.000567976,43.65673483,Gender,keep
7337,339,mail,0.015878244,138.0707469,Postal_service,keep
7338,339,e-mail,0.014643209,76.51715929,Postal_service,keep
7339,339,messages,0.00674973,37.43839948,Postal_service,drop
7340,339,postal-service,0.005156715,264.7679673,Postal_service,keep
7341,339,postal,0.004369157,160.7131239,Postal_service,keep
7342,339,fax,0.002740344,105.2607867,Postal_service,drop
7343,339,phone-number,0.002650849,138.0861677,Postal_service,drop
7344,339,stamp,0.002597152,34.00289221,Postal_service,keep
7345,339,stamps,0.00206018,88.08013137,Postal_service,keep
7346,339,mailing,0.001988584,72.63006373,Postal_service,keep
7347,339,mailed,0.001970685,44.69613916,Postal_service,keep
7348,339,e-mails,0.001648502,33.01760584,Postal_service,keep
7349,339,envelope,0.001594805,32.41043024,Postal_service,keep
7350,339,p.o,0.001254723,35.90120772,Postal_service,keep
7351,339,dejoy,0.001022036,306.0314959,Postal_service,drop
7352,339,puzzles,0.000860944,38.54620803,Postal_service,drop
7355,339,postage,0.000789348,56.13399487,Postal_service,keep
7356,339,postmaster,0.000735651,61.87642196,Postal_service,keep
7357,339,scams,0.000717752,35.89864222,Postal_service,drop
7358,339,mailbox,0.000699853,31.83484592,Postal_service,keep
7380,342,older,0.02154445,30.81497072,Generational,keep
7381,342,younger,0.012593734,30.44278026,Generational,keep
7382,342,generation,0.009992671,31.99052752,Generational,keep
7383,342,millennials,0.002112981,145.4116632,Generational,drop
7384,342,aged,0.001975278,32.81741025,Generational,drop
7385,342,baby-boomers,0.001837574,62.13312685,Generational,keep
7386,342,boomers,0.001393864,215.0225896,Generational,keep
7387,342,older-adults,0.000751248,46.51528995,Generational,drop
7423,346,ship,0.015249059,154.2007174,Maritime,keep
7424,346,boat,0.013167208,219.044791,Maritime,keep
7425,346,ships,0.008646619,220.1512817,Maritime,keep
7426,346,boats,0.005771682,299.0173155,Maritime,keep
7427,346,greenberg,0.005632892,76.21864648,Maritime,drop
7428,346,cruise,0.004720844,83.51577385,Maritime,keep
7429,346,aboard,0.004284646,46.69564525,Maritime,keep
7430,346,vessels,0.004145856,236.2669919,Maritime,keep
7431,346,vessel,0.003888104,141.1613574,Maritime,keep
7432,346,coast-guard,0.003551042,156.0570812,Maritime,drop
7433,346,cargo,0.003392425,166.6361911,Maritime,keep
7434,346,maritime,0.003194153,117.1478355,Maritime,keep
7435,346,sailing,0.002916573,93.0990938,Maritime,keep
7436,346,yacht,0.002738129,66.22390107,Maritime,drop
7437,346,titanic,0.00265882,108.4351661,Maritime,drop
7438,346,ports,0.002301932,102.3635837,Maritime,keep
7439,346,sail,0.002202796,112.6563731,Maritime,drop
7440,346,a.i.g,0.002143315,570.7922452,Maritime,drop
7441,346,submarine,0.002143315,101.0291307,Maritime,keep
7442,346,voyage,0.001607982,78.87445656,Maritime,keep
7443,346,carnival,0.001588154,42.57313478,Maritime,drop
7444,346,dock,0.001588154,37.62940077,Maritime,keep
7445,346,sailor,0.001508846,70.68015593,Maritime,drop
7446,346,sailors,0.001508846,55.11304226,Maritime,drop
7447,346,seas,0.001429537,43.88262204,Maritime,keep
7448,346,underwater,0.001429537,35.17012513,Maritime,drop
7449,346,tanker,0.001251093,91.31361163,Maritime,keep
7450,346,battleship,0.001191612,62.25375468,Maritime,keep
7451,346,sailed,0.001191612,32.36136779,Maritime,drop
7452,346,hull,0.001171784,45.75460153,Maritime,keep
7453,346,crew-members,0.001052822,48.20991086,Maritime,keep
7454,346,creamer,0.001032994,159.1868354,Maritime,drop
7455,346,cruises,0.001013167,72.1039164,Maritime,keep
7456,346,wharf,0.000973513,46.27416927,Maritime,keep
7457,346,submarines,0.000953686,77.61002449,Maritime,keep
7458,346,cruise-ship,0.000894204,42.74178942,Maritime,keep
7459,346,pirate,0.000814896,35.23218885,Maritime,drop
7460,346,shipbuilding,0.000814896,78.12145577,Maritime,keep
7461,346,uss,0.000814896,46.61213909,Maritime,keep
7462,346,yachts,0.000775241,38.29313041,Maritime,drop
7463,346,shipyard,0.000755414,51.12005236,Maritime,keep
7464,346,sails,0.000695933,36.11393584,Maritime,drop
7465,346,skipper,0.000695933,45.55514705,Maritime,keep
7466,346,strait,0.000695933,34.46036722,Maritime,keep
7467,346,destroyer,0.000676106,35.48515443,Maritime,keep
7468,346,barge,0.000656279,31.5402404,Maritime,keep
7469,346,shippers,0.000616624,78.44273636,Maritime,keep
7470,347,protest,0.010733399,97.04818209,Protest,keep
7471,347,protesters,0.00997285,580.8391268,Protest,keep
7472,347,protests,0.0096469,184.8936587,Protest,keep
7473,347,activists,0.006906509,30.21803131,Protest,keep
7474,347,demonstrations,0.002814031,45.05353735,Protest,keep
7475,347,demonstrators,0.002789887,617.3185015,Protest,keep
7476,347,peaceful,0.002282854,33.842079,Protest,keep
7477,347,riot,0.001751677,31.65383689,Protest,drop
7478,347,activism,0.001449872,33.81837196,Protest,keep
7479,347,protesting,0.001365367,39.44912073,Protest,keep
7480,347,free-speech,0.001256717,48.13541374,Protest,keep
7481,347,lives-matter,0.001063561,53.60727261,Protest,drop
7482,347,tear-gas,0.000906623,92.73399091,Protest,keep
7483,347,police-brutality,0.000773828,161.3304031,Protest,drop
7484,347,extremist,0.000761756,39.63973781,Protest,drop
7485,347,racial-justice,0.000737612,56.50179469,Protest,keep
7486,347,marchers,0.000628962,71.1831382,Protest,keep
7487,347,protester,0.000532384,117.8007179,Protest,keep
7488,347,supremacists,0.00039959,33.34976962,Protest,drop